{"type":"FeatureCollection","features":[{"type":"Feature","feature_key":"cf4dcb7aa20035d4","properties":{"FNODE_":1442,"TNODE_":1388,"LPOLY_":1,"RPOLY_":1,"LENGTH":0.222291,"BATHMETRY_":1276,"BATHMETRY1":10,"BATHMETR_1":10,"BATHYLABEL":""},"geometry":{"type":"MultiLineString","coordinates":[[[79.89725494,10.72631645],[79.8970871,10.72672558],[79.89691925,10.72713947],[79.89683533,10.72757626],[79.89686584,10.72801876],[79.89696503,10.72845364],[79.8970871,10.72887993],[79.89717865,10.7293148],[79.89719391,10.72975922],[79.89712524,10.73019791],[79.89699554,10.7306242],[79.89684296,10.73104286],[79.89671326,10.73146534],[79.89659119,10.73189354],[79.89650726,10.73233032],[79.89643097,10.73276901],[79.89636993,10.73320866],[79.8963089,10.73364735],[79.89622498,10.73408508],[79.89611053,10.73451424],[79.89596558,10.73493576],[79.89577484,10.73533821],[79.89556122,10.73572922],[79.89533234,10.73611069],[79.89510345,10.73649025],[79.89488983,10.7368784],[79.89468384,10.73727703],[79.8944931,10.73767567],[79.89429474,10.73807621],[79.89409637,10.73847771],[79.89390564,10.7388773],[79.89372253,10.7392807],[79.8935318,10.73968697],[79.89337921,10.74010372],[79.89323425,10.74052429],[79.89310455,10.74094963],[79.89299774,10.74138069],[79.89291382,10.74181557],[79.8928299,10.7422533],[79.89277649,10.74269581],[79.89274597,10.74313831],[79.89276886,10.74358177],[79.8928299,10.74402237],[79.89294434,10.74445152],[79.89311981,10.74486351],[79.89329529,10.74526691],[79.89348602,10.74567413],[79.89362335,10.7460947],[79.89372253,10.74652863],[79.8937912,10.74696732],[79.89385223,10.74740696],[79.89393616,10.7478447],[79.8940506,10.74827385],[79.89421082,10.7486887],[79.89437103,10.74909973],[79.89454651,10.74951363],[79.89468384,10.7499361],[79.89479065,10.75036812],[79.89485931,10.7508049],[79.89491272,10.75124645],[79.89497375,10.75168705],[79.89505768,10.75212479],[79.89514923,10.75255775],[79.89525604,10.75298977],[79.89535522,10.75342369],[79.89542389,10.75386143],[79.89547729,10.75430298],[79.89550781,10.75474644],[79.8955307,10.7551899],[79.89556122,10.7556324],[79.89561462,10.75607395],[79.89567566,10.7565136],[79.89575195,10.75695229],[79.89581299,10.75739193],[79.89586639,10.75783348],[79.89591217,10.75827503],[79.89593506,10.75871849],[79.89593506,10.75916195],[79.89592743,10.75960636],[79.8959198,10.76005077],[79.8959198,10.76049519],[79.89593506,10.76093864],[79.89597321,10.76138115],[79.89603424,10.76182175],[79.89611816,10.76225853],[79.89620209,10.76269531],[79.89627838,10.7631321],[79.89635468,10.76357079],[79.89640808,10.76401138],[79.89645386,10.76445389],[79.89648438,10.76489639],[79.89648438,10.76534081],[79.89646912,10.76578331],[79.89641571,10.76622581],[79.89635468,10.76666546],[79.89627075,10.7671032],[79.89620209,10.76753998],[79.89612579,10.76797867],[79.89607239,10.76842022],[79.89601898,10.76886082],[79.89598083,10.76930332],[79.89595795,10.76974678],[79.89595032,10.77019119],[79.89593506,10.77063465],[79.89593506,10.77107906],[79.89595032,10.77152348],[79.89595032,10.77196789],[79.89595032,10.77241135],[79.89593506,10.77285576],[79.8959198,10.77330017],[79.89589691,10.77374268],[79.89583588,10.77418327],[79.89577484,10.77462387],[79.89570618,10.77506161],[79.89562225,10.77549839],[79.89552307,10.77593136],[79.89541626,10.77636337],[79.89530182,10.77679348],[79.89517212,10.77721691],[79.89504242,10.77764034],[79.89490509,10.77806473],[79.89476013,10.7784853],[79.8946228,10.77891064],[79.89451599,10.7793417],[79.89443207,10.77977753],[79.8943634,10.78021622],[79.89430237,10.78065681],[79.89424133,10.7810955],[79.89414215,10.78152943],[79.89403534,10.78195953],[79.89389801,10.78238392],[79.89376068,10.78281021],[79.89365387,10.78323936],[79.89357758,10.78367615],[79.89353943,10.78411865],[79.89354706,10.78456306],[79.89356995,10.78500748],[79.89358521,10.78544998],[79.89360809,10.78589439],[79.89360809,10.78633881],[79.89360809,10.78678226],[79.89360809,10.78722668],[79.89360046,10.78767109],[79.89360046,10.7881155],[79.89360046,10.78855896],[79.89360046,10.78900337],[79.89360046,10.78944778],[79.89360046,10.78989124],[79.89359283,10.79033566],[79.89359283,10.79078007],[79.89358521,10.79122353],[79.89359283,10.79166794],[79.89362335,10.7921114],[79.89365387,10.79255295],[79.89369202,10.79299641],[79.89372253,10.79343891],[79.89373016,10.79388332],[79.89369965,10.79432583],[79.89363098,10.79476357],[79.89350128,10.79518986],[79.89333344,10.7956028],[79.89317322,10.79601574],[79.89302063,10.7964344],[79.89289856,10.79686356],[79.89282227,10.79730034],[79.89277649,10.79774094],[79.89273834,10.79818439],[79.89271545,10.7986269],[79.8927002,10.79907131],[79.89267731,10.79951572],[79.8926239,10.79995632],[79.89253235,10.80039024],[79.8923645,10.80080223],[79.8921051,10.80116177],[79.89176941,10.80145931],[79.89141846,10.80174065],[79.89112854,10.80208111],[79.89097595,10.80249882],[79.89091492,10.80293846],[79.89085388,10.80337811],[79.89074707,10.80380917],[79.89060211,10.80423069],[79.89043427,10.80464172],[79.8902359,10.80504131],[79.89002991,10.80543327],[79.88980103,10.8058176],[79.88956451,10.80619717],[79.88933563,10.80657482],[79.88908386,10.8069458],[79.88883972,10.80731773],[79.88859558,10.80769157],[79.88835144,10.80806828],[79.88812256,10.80844688],[79.88789368,10.80883026],[79.88768005,10.80921936],[79.88746643,10.80961037],[79.88726807,10.81000614],[79.88706207,10.81040287],[79.88685608,10.81079674],[79.88665009,10.81119156],[79.88642883,10.81158161],[79.88620758,10.81196594],[79.88598633,10.81234932],[79.88575745,10.81273556],[79.88555908,10.81313419],[79.88539886,10.81354904],[79.8853302,10.81398678],[79.88531494,10.81443024],[79.88533783,10.81487465],[79.88533783,10.81531906],[79.88528442,10.81575966],[79.88517761,10.81619167],[79.88505554,10.81661892],[79.8849411,10.81704903],[79.88484192,10.81748295],[79.884758,10.81791878],[79.88470459,10.81835938],[79.88467407,10.81880283],[79.88463593,10.81924534],[79.88462067,10.8196888],[79.88462067,10.82013226],[79.88462067,10.82057667],[79.8846283,10.82102108],[79.88465118,10.82146454],[79.8846817,10.821908],[79.88470459,10.8223505],[79.88473511,10.82279396],[79.88478088,10.82323647],[79.88481903,10.82367802],[79.88485718,10.82412052],[79.88490295,10.82456207],[79.88497162,10.82500172],[79.88504791,10.82543945],[79.88513947,10.82587433],[79.88524628,10.82630444],[79.88536072,10.82673359],[79.8854599,10.82716751],[79.88551331,10.82760811],[79.88549805,10.82805157],[79.88540649,10.82848644],[79.88525391,10.82890415],[79.88507843,10.82931042],[79.88488007,10.82970905],[79.8846817,10.83010769],[79.88448334,10.83050823],[79.88428497,10.83090591],[79.88407898,10.83129787],[79.88385773,10.83168507],[79.88362122,10.83206367],[79.88336182,10.83242321],[79.8830719,10.83276749],[79.88277435,10.83309841],[79.88246155,10.83341789],[79.88214874,10.83373356],[79.88183594,10.83405018],[79.88153839,10.83438492],[79.88126373,10.83474255],[79.88104248,10.83512783],[79.88087463,10.83553696],[79.88075256,10.8359642],[79.88066101,10.83640099],[79.88063049,10.83684254],[79.88062286,10.83728695],[79.88063812,10.83773041],[79.88067627,10.83817387],[79.8807373,10.83861351],[79.88080597,10.8390522],[79.88088989,10.83948898],[79.88097382,10.83992386],[79.88105774,10.84035969],[79.88114929,10.84079456],[79.88124847,10.84122753],[79.88135529,10.84165955],[79.8814621,10.84209061],[79.88158417,10.84251881],[79.88169861,10.84294796],[79.88180542,10.84337902],[79.8819046,10.84381199],[79.88198853,10.84424782],[79.88205719,10.84468651],[79.8821106,10.84512806],[79.88214111,10.84557152],[79.88214874,10.84601593],[79.88212585,10.84645844],[79.88208771,10.84689999],[79.88201141,10.84733868],[79.88191223,10.8477726],[79.88179779,10.8482008],[79.88166046,10.84862423],[79.88149261,10.84903622],[79.88131714,10.84944534],[79.88113403,10.84984875],[79.88093567,10.85024834],[79.88074493,10.85065269],[79.88056946,10.8510561],[79.88038635,10.85146618],[79.88021851,10.85187531],[79.8800354,10.85228252],[79.87984467,10.85268784],[79.8796463,10.85308361],[79.87942505,10.85346603],[79.87917328,10.85383606],[79.87890625,10.85419559],[79.87862396,10.85454273],[79.8783493,10.85489178],[79.87806702,10.85523891],[79.87780762,10.85559845],[79.87757111,10.85598087],[79.87741089,10.85639286],[79.87731171,10.85682583],[79.8772583,10.85726738],[79.87725067,10.85771084],[79.87725067,10.85815525],[79.87725067,10.85859966],[79.87722015,10.85904217],[79.8772049,10.85948658],[79.87719727,10.85993004],[79.8772049,10.86037445],[79.8772583,10.86081505],[79.87735748,10.86124802],[79.87747192,10.86167622],[79.87760162,10.86210155],[79.87770844,10.86253166],[79.8777771,10.86297131],[79.87779999,10.86341476],[79.87776947,10.86385822],[79.87774658,10.86430168],[79.87775421,10.86474514],[79.87782288,10.86518383],[79.87797546,10.86560154],[79.87815857,10.86600876],[79.87832642,10.86641598],[79.87847137,10.86683655],[79.87853241,10.86727619],[79.87850952,10.8677206],[79.87841797,10.86815453],[79.87827301,10.86857605],[79.87811279,10.86898899],[79.87792206,10.86939049],[79.87772369,10.86979198],[79.87752533,10.87019157],[79.87734222,10.87059307],[79.87715149,10.87099457],[79.87696838,10.87140369],[79.8768158,10.87181854],[79.87666321,10.87223721],[79.87650299,10.87265205],[79.87631989,10.87305641],[79.87608337,10.87343597],[79.87579346,10.87377739],[79.87547302,10.87408066],[79.87513733,10.87438393],[79.87483978,10.87471676],[79.8746109,10.87509251],[79.8744278,10.87550068],[79.8742981,10.87592506],[79.8742218,10.87636375],[79.87418365,10.87680531],[79.8741684,10.87724972],[79.87418365,10.87769222],[79.87420654,10.87813663],[79.8742218,10.87858009],[79.87421417,10.87902451],[79.8741684,10.87946606],[79.87409973,10.87990379],[79.87400818,10.88033867],[79.87392426,10.88077641],[79.87385559,10.88121414],[79.8738327,10.88165855],[79.87384796,10.88210201],[79.87385559,10.88254642],[79.87380981,10.88298798],[79.87368011,10.88341427],[79.87351227,10.88382435],[79.87329865,10.88421345],[79.8730545,10.88458729],[79.8727951,10.88494873],[79.87253571,10.88531113],[79.87229156,10.88568497],[79.87208557,10.88608074],[79.87190247,10.88648796],[79.87174225,10.88689995],[79.87156677,10.88730907],[79.87135315,10.88770199],[79.87111664,10.88807297],[79.87083435,10.88842106],[79.87055969,10.8887701],[79.87028503,10.88912582],[79.87005615,10.88950539],[79.86985779,10.88990498],[79.86967468,10.89031219],[79.86951447,10.89072418],[79.86935425,10.89113808],[79.86916351,10.89154243],[79.86898804,10.89194965],[79.8687973,10.89235306],[79.86862183,10.89276409],[79.86846924,10.8931818],[79.86834717,10.89360809],[79.86825562,10.89404297],[79.86818695,10.89448071],[79.86813354,10.8949213],[79.86808014,10.8953619],[79.86802673,10.8958025],[79.86797333,10.89624405],[79.86793518,10.8966856],[79.86790466,10.89713001],[79.86789703,10.89757347],[79.86789703,10.89801788],[79.86790466,10.89846134],[79.86791229,10.89890575],[79.86791229,10.89934921],[79.86790466,10.89979267],[79.8678894,10.90023613],[79.86785126,10.90067959],[79.86780548,10.90112114],[79.86775208,10.90156174],[79.86769104,10.90200138],[79.86762238,10.90243912],[79.86754608,10.90287685],[79.86747742,10.90331554],[79.86740112,10.90375328],[79.86732483,10.90419102],[79.86723328,10.90462685],[79.86714172,10.90506172],[79.86705017,10.90549755],[79.86695099,10.90592957],[79.86686707,10.90636253],[79.86676788,10.90679646],[79.86669159,10.90723515],[79.86664581,10.9076767],[79.86663818,10.90812111],[79.86664581,10.90856457],[79.86664581,10.90900898],[79.86663055,10.90945148],[79.86659241,10.90989399],[79.86654663,10.91033649],[79.86649323,10.91077709],[79.86645508,10.91121864],[79.86642456,10.91166115],[79.86642456,10.91210556],[79.86643982,10.91254902],[79.86649323,10.91298962],[79.86657715,10.9134264],[79.86669922,10.9138546],[79.86684418,10.91427517],[79.86701202,10.91468906],[79.86717224,10.91510105],[79.86732483,10.91551781],[79.8674469,10.9159441],[79.86754608,10.91637707],[79.86763763,10.91681194],[79.86772919,10.91724682],[79.86782837,10.91767979],[79.86795044,10.91810608],[79.86806488,10.91853523],[79.86819458,10.91896152],[79.86830902,10.91938972],[79.86843109,10.91981888],[79.86854553,10.92024708],[79.86865997,10.92067623],[79.86878967,10.92110157],[79.86893463,10.92152309],[79.86907196,10.92194366],[79.86921692,10.92236423],[79.86935425,10.92278767],[79.86946869,10.92321682],[79.86955261,10.92365265],[79.86960602,10.92409325],[79.86964417,10.92453671],[79.86966705,10.92497921],[79.8697052,10.92542171],[79.86975861,10.92586231],[79.86981201,10.92630291],[79.86986542,10.92674351],[79.86989594,10.92718792],[79.86989594,10.92763138],[79.8698349,10.92807198],[79.86975098,10.9285059],[79.86961365,10.92893028],[79.86946106,10.92934799],[79.86929321,10.92975903],[79.86910248,10.93016338],[79.86891174,10.93056679],[79.86871338,10.93096542],[79.86851501,10.93136024],[79.86830902,10.93175793],[79.86810303,10.93215179],[79.8678894,10.93254089],[79.86769104,10.93293667],[79.86748505,10.93333149],[79.8673172,10.93374157],[79.86717224,10.93416405],[79.86708069,10.93459892],[79.86703491,10.93504047],[79.86701202,10.93548298],[79.86701202,10.93592739],[79.86701202,10.93637085],[79.86701202,10.93681526],[79.86701202,10.93772411]]]},"source_id":"incois_wfs","acquired_at":"2026-08-31T18:05:40.682931+00:00"},{"type":"Feature","feature_key":"9d0dc480696305c9","properties":{"FNODE_":1443,"TNODE_":1341,"LPOLY_":1,"RPOLY_":1,"LENGTH":0.484781,"BATHMETRY_":1277,"BATHMETRY1":200,"BATHMETR_1":200,"BATHYLABEL":"200 m"},"geometry":{"type":"MultiLineString","coordinates":[[[80.24578857,10.72469521],[80.24345398,10.7264719],[80.24219513,10.72807121],[80.23986053,10.72984791],[80.23841858,10.73215771],[80.23752594,10.73429012],[80.23536682,10.73713303],[80.23410797,10.73997593],[80.23303223,10.74157524],[80.23195648,10.74406242],[80.23105621,10.74672794],[80.23069763,10.74939251],[80.23051453,10.75205803],[80.23015594,10.7557888],[80.23015594,10.75827599],[80.23033905,10.76094151],[80.23087311,10.76289558],[80.23159027,10.7644949],[80.23284912,10.76786995],[80.23410797,10.76964664],[80.23536682,10.77195644],[80.23626709,10.77408791],[80.23698425,10.77497673],[80.23788452,10.77693081],[80.23896027,10.77852917],[80.23967743,10.77977276],[80.24040222,10.78137207],[80.24129486,10.78279305],[80.24327087,10.78510284],[80.24381256,10.78687954],[80.24471283,10.78830051],[80.24524689,10.78954411],[80.24578857,10.79025459],[80.24686432,10.79274178],[80.24794769,10.79487324],[80.24866486,10.79700565],[80.24992371,10.80002499],[80.25082397,10.80233479],[80.25118256,10.80535412],[80.25154114,10.8083744],[80.25154114,10.81121635],[80.25154114,10.81352615],[80.25135803,10.81565762],[80.25135803,10.81761169],[80.25099945,10.82063103],[80.24992371,10.82453918],[80.24848175,10.828269],[80.24758911,10.83057785],[80.2472229,10.83182144],[80.24668884,10.83359814],[80.24614716,10.83501911],[80.24578857,10.83750534],[80.24471283,10.84016991],[80.24417114,10.84283352],[80.24273682,10.84585381],[80.24273682,10.84745216],[80.24201202,10.84887314],[80.24129486,10.85171509],[80.24129486,10.85278034],[80.2405777,10.85615444],[80.23950195,10.85917377],[80.23841858,10.86201572],[80.23770142,10.86432457],[80.23716736,10.86698914],[80.23644257,10.86841011],[80.23644257,10.87054062],[80.23554993,10.87320518],[80.23482513,10.87622356],[80.23429108,10.87764454],[80.23339081,10.87959862],[80.23284912,10.88243961],[80.23195648,10.88563633],[80.23177338,10.88759041],[80.23069763,10.8932724],[80.23033905,10.89593697],[80.23015594,10.89877796],[80.22998047,10.90179729],[80.23051453,10.90428257],[80.23087311,10.90872288],[80.23105621,10.91245174],[80.23105621,10.91493797],[80.23123169,10.91831112],[80.23123169,10.92133045],[80.23141479,10.9247036],[80.23123169,10.9280777],[80.23033905,10.93233967],[80.22979736,10.93571281],[80.22925568,10.93802071],[80.22925568,10.94104004],[80.22889709,10.94530106],[80.22853851,10.94743156],[80.22836304,10.94938469],[80.22782135,10.95116043],[80.22710419,10.95453358],[80.22692108,10.9593277],[80.22566223,10.96305561],[80.22476959,10.96749496],[80.22422791,10.9687376],[80.22351074,10.97157764],[80.22278595,10.97512913],[80.22206879,10.97867966],[80.22116852,10.98081017],[80.22009277,10.98294067],[80.2191925,10.98578072],[80.21865845,10.98791122],[80.21829987,10.99057388],[80.21721649,10.99359226],[80.21632385,10.99625492],[80.21542358,10.9987402],[80.215065,10.99998283],[80.21452332,11.00158024],[80.21362305,11.00300026],[80.21326447,11.00495338],[80.21290588,11.00584126],[80.21218872,11.0086813],[80.21074677,11.01063347],[80.20912933,11.01400661],[80.20769501,11.01684666],[80.20715332,11.01915455],[80.20500183,11.02234936],[80.20374298,11.02447987],[80.20230865,11.02643204],[80.20032501,11.02838516],[80.19907379,11.03087044],[80.19529724,11.03495216],[80.1942215,11.03690529],[80.19277954,11.03903484],[80.19116211,11.04134274],[80.18901062,11.04400444],[80.18775177,11.0456028],[80.18613434,11.04755497],[80.18505859,11.04897499],[80.1843338,11.04986191],[80.18271637,11.05145931],[80.18074036,11.05358982],[80.17840576,11.05625153],[80.17607117,11.05855942],[80.175354,11.05909157],[80.17481232,11.05944633],[80.17193604,11.06228638],[80.17050171,11.06335163],[80.16905975,11.06459332],[80.1661911,11.06690121],[80.16457367,11.06778812],[80.16313171,11.06956291],[80.16169739,11.07045078],[80.15989685,11.07169247],[80.15882111,11.07258034],[80.15720367,11.07417774],[80.15558624,11.07541943],[80.15468597,11.0763073],[80.1519928,11.07932377],[80.14983368,11.08180904],[80.14732361,11.08482552],[80.14516449,11.08677769],[80.14336395,11.08855247],[80.14174652,11.09085941],[80.14031219,11.09298897],[80.13887787,11.09458637],[80.13600159,11.0976038],[80.13276672,11.10239506],[80.12971497,11.10541153],[80.12755585,11.10754108],[80.12575531,11.11002541],[80.12342072,11.11197758],[80.12090302,11.1144619],[80.11911011,11.11605835],[80.11767578,11.11747837],[80.11569214,11.11925316],[80.11407471,11.12049484],[80.11282349,11.1226244],[80.11102295,11.12457657],[80.11030579,11.12617302],[80.10886383,11.12759304],[80.10707092,11.12901211],[80.10545349,11.13167381],[80.10437775,11.13327122],[80.10276031,11.13539982],[80.10095978,11.13735199],[80.10005951,11.14019108],[80.09844208,11.14232063],[80.09682465,11.14551449],[80.09593201,11.14746571],[80.09521484,11.14817524]]]},"source_id":"incois_wfs","acquired_at":"2026-08-31T18:05:40.682931+00:00"},{"type":"Feature","feature_key":"a279bb1e87958b47","properties":{"FNODE_":1458,"TNODE_":1442,"LPOLY_":1,"RPOLY_":1,"LENGTH":0.222562,"BATHMETRY_":1283,"BATHMETRY1":10,"BATHMETR_1":10,"BATHYLABEL":""},"geometry":{"type":"MultiLineString","coordinates":[[[79.92910767,10.58923531],[79.92922211,10.58966446],[79.92932129,10.59009743],[79.92937469,10.59053993],[79.92940521,10.59098339],[79.92942047,10.5914278],[79.92945862,10.59187031],[79.92955017,10.59230518],[79.92967987,10.59272957],[79.92984772,10.59314346],[79.92998505,10.59356308],[79.9300766,10.59399986],[79.93006134,10.59444427],[79.92997742,10.59488106],[79.92990875,10.59531975],[79.92990875,10.59576416],[79.92997742,10.59620285],[79.9300766,10.59663773],[79.93017578,10.59706879],[79.93025208,10.59750843],[79.93025208,10.59795284],[79.93017578,10.59839153],[79.93005371,10.59881687],[79.92989349,10.59923363],[79.92972565,10.59964752],[79.9295578,10.60005951],[79.92940521,10.60047436],[79.92926025,10.60089779],[79.92913818,10.60132504],[79.92901611,10.60175323],[79.92891693,10.60218716],[79.92881775,10.60262012],[79.92871857,10.60305309],[79.92861938,10.60348797],[79.92851257,10.60391903],[79.92839813,10.60434914],[79.9282608,10.60477352],[79.92810822,10.60519123],[79.92795563,10.60560894],[79.92782593,10.60603237],[79.92771912,10.60646343],[79.92765045,10.60690308],[79.92764282,10.60734749],[79.92768097,10.60779095],[79.92777252,10.60822487],[79.92790222,10.60864925],[79.92805481,10.60906792],[79.9282074,10.60948563],[79.9283371,10.60991192],[79.92842865,10.61034679],[79.92845917,10.61079025],[79.92844391,10.61123466],[79.92835999,10.61167145],[79.92824554,10.61210155],[79.92810822,10.61252594],[79.92797089,10.61294651],[79.92783356,10.61336994],[79.9276886,10.61379242],[79.92753601,10.61421108],[79.92739868,10.61463451],[79.92728424,10.61506176],[79.92721558,10.6154995],[79.92720032,10.61594391],[79.92727661,10.61638355],[79.92738342,10.61681461],[79.92752075,10.61723804],[79.92767334,10.6176548],[79.92783356,10.61806965],[79.92797089,10.61849403],[79.92806244,10.618927],[79.92812347,10.61936951],[79.92810822,10.61981297],[79.92808533,10.62025642],[79.92808533,10.62070084],[79.92813873,10.62114334],[79.92823792,10.62157536],[79.92835999,10.62200451],[79.92845154,10.62243938],[79.92849731,10.62288189],[79.92848969,10.6233263],[79.9284668,10.62377071],[79.92845917,10.62421513],[79.92848206,10.62465858],[79.92853546,10.62510014],[79.9285965,10.62553978],[79.9286499,10.62598133],[79.92868805,10.62642384],[79.92869568,10.62686825],[79.92865753,10.62731075],[79.92858887,10.62774754],[79.92844391,10.62817097],[79.92828369,10.62858391],[79.92809296,10.62898922],[79.92790985,10.62939644],[79.927742,10.62980652],[79.92758942,10.63022518],[79.9274826,10.63065624],[79.92741394,10.63109398],[79.92734528,10.63153458],[79.92729187,10.63197422],[79.92721558,10.63241291],[79.92710114,10.63284397],[79.92697906,10.63327026],[79.92683411,10.63369083],[79.92669678,10.63411427],[79.92658234,10.63454342],[79.92649078,10.63497925],[79.9264679,10.63542271],[79.92647552,10.63586712],[79.92649078,10.63631153],[79.92648315,10.63675594],[79.92643738,10.63719749],[79.92636871,10.63763714],[79.92627716,10.63807297],[79.92618561,10.63850784],[79.92611694,10.63894558],[79.92606354,10.63938713],[79.92603302,10.63983059],[79.92603302,10.640275],[79.9260788,10.64071751],[79.92616272,10.64115524],[79.92626953,10.6415863],[79.9263916,10.64201355],[79.9265213,10.64243889],[79.92665863,10.64286327],[79.92675781,10.64329624],[79.92682648,10.64373493],[79.92684174,10.64417934],[79.92679596,10.64462185],[79.92673492,10.64506149],[79.92667389,10.64550304],[79.92665863,10.64594555],[79.92667389,10.64638901],[79.92673492,10.64683056],[79.92679596,10.6472702],[79.92686462,10.64770985],[79.9269104,10.64815235],[79.92696381,10.64859295],[79.92701721,10.6490345],[79.92707825,10.64947414],[79.9271698,10.64990902],[79.92728424,10.65033817],[79.9274292,10.65076065],[79.92756653,10.65118217],[79.9276886,10.65160847],[79.92778015,10.65204525],[79.92783356,10.6524868],[79.9278717,10.65292931],[79.92790222,10.65337276],[79.927948,10.65381527],[79.92802429,10.65425301],[79.92810822,10.65468693],[79.92823029,10.65511799],[79.92834473,10.65554714],[79.92845917,10.65597534],[79.92858124,10.6564045],[79.92868805,10.65683556],[79.92879486,10.65726757],[79.92890167,10.65769863],[79.92901611,10.65812778],[79.92914581,10.65855503],[79.9292984,10.65897274],[79.92948914,10.6593771],[79.92967987,10.65977192],[79.92989349,10.66016769],[79.93008423,10.66056824],[79.93023682,10.66098595],[79.93032837,10.66142178],[79.93038177,10.66186237],[79.93043518,10.66230392],[79.93050385,10.66274357],[79.93058014,10.66318035],[79.93065643,10.66361904],[79.9307251,10.66405773],[79.93080902,10.66449547],[79.93086243,10.66493607],[79.93092346,10.66537571],[79.93096924,10.66581726],[79.93101501,10.66625881],[79.93104553,10.66670227],[79.93106842,10.66714668],[79.93106842,10.66759109],[79.93103027,10.66803265],[79.93096161,10.66847134],[79.93083954,10.6689024],[79.93068695,10.66932011],[79.93051147,10.66972733],[79.93031311,10.67012501],[79.93009949,10.67051697],[79.92987061,10.67089844],[79.92964935,10.67128468],[79.92945862,10.67168999],[79.92935944,10.67212296],[79.92937469,10.67256451],[79.92945862,10.6730032],[79.92952728,10.67344284],[79.92952728,10.67388535],[79.92945862,10.67432404],[79.92936707,10.67476082],[79.92935181,10.67520523],[79.92945862,10.67563534],[79.92967224,10.67602444],[79.92993164,10.67638683],[79.93018341,10.67675304],[79.93040466,10.67714787],[79.93051147,10.67757607],[79.93052673,10.67802048],[79.93048859,10.67846394],[79.93045044,10.67890644],[79.93043518,10.6793499],[79.93045807,10.67979431],[79.93048859,10.68023682],[79.9305191,10.68068123],[79.93051147,10.68112373],[79.93042755,10.68156147],[79.93026733,10.68197632],[79.93004608,10.68236256],[79.92979431,10.68273258],[79.92951965,10.68308353],[79.92919922,10.68339443],[79.92883301,10.68364429],[79.92840576,10.68381691],[79.92797089,10.68386841],[79.92754364,10.68371773],[79.92723083,10.68339729],[79.92697144,10.68303776],[79.92669678,10.68268013],[79.92643738,10.68232155],[79.92618561,10.68195057],[79.92597198,10.68156242],[79.92580414,10.68115234],[79.92567444,10.68072319],[79.92560577,10.68028641],[79.92557526,10.679842],[79.92558289,10.67939854],[79.92560577,10.67895508],[79.92559814,10.67851067],[79.92556,10.67806721],[79.92549133,10.67762947],[79.92539215,10.67719555],[79.9253006,10.67676163],[79.92521667,10.67632294],[79.92517853,10.67588043],[79.92517853,10.67543602],[79.92519379,10.67499161],[79.92520905,10.6745472],[79.92521667,10.67410278],[79.9252243,10.67365932],[79.9252243,10.67321491],[79.9252243,10.6727705],[79.9252243,10.67232609],[79.92523956,10.67188263],[79.92523956,10.67143726],[79.9252243,10.67099476],[79.92517853,10.67055225],[79.92510986,10.67011261],[79.92501068,10.6696806],[79.92486572,10.66926003],[79.92466736,10.66886044],[79.92443085,10.66848373],[79.92415619,10.66813374],[79.92385101,10.66780186],[79.92354584,10.66747761],[79.92324066,10.66715431],[79.92294312,10.66682243],[79.92266846,10.66647434],[79.9223938,10.6661129],[79.92216492,10.66573811],[79.92195129,10.66534805],[79.92176056,10.66494179],[79.92160034,10.66452885],[79.92146301,10.66410637],[79.92134857,10.66367531],[79.92126465,10.66323853],[79.92119598,10.66279984],[79.92115021,10.66235828],[79.92110443,10.66191578],[79.92106628,10.66147327],[79.9210434,10.66102982],[79.92101288,10.6605854],[79.92098999,10.66014194],[79.92095184,10.65969849],[79.92092133,10.65925598],[79.92089081,10.65881348],[79.92085266,10.65837002],[79.92080688,10.65792847],[79.92076874,10.65748501],[79.92073822,10.65704155],[79.9207077,10.65659904],[79.92070007,10.65615463],[79.92069244,10.65571022],[79.92069244,10.65526581],[79.92072296,10.65482235],[79.92076111,10.6543808],[79.92081451,10.65393925],[79.92086792,10.65349865],[79.9209137,10.65305519],[79.92092896,10.65261173],[79.92094421,10.65216732],[79.92092896,10.65172291],[79.92092133,10.65127945],[79.9209137,10.65083504],[79.92090607,10.65039063],[79.9209137,10.64994621],[79.92092133,10.6495018],[79.9209137,10.64905739],[79.92086029,10.64861774],[79.92066956,10.64821243],[79.92029572,10.64798355],[79.91984558,10.64792728],[79.91939545,10.64792442],[79.91894531,10.6479454],[79.91851044,10.64804745],[79.91814423,10.6483078],[79.91788483,10.64867115],[79.9176712,10.64905834],[79.91743469,10.64943981],[79.91716003,10.6497879],[79.91685486,10.65011501],[79.91654968,10.65043545],[79.91624451,10.65076447],[79.91596985,10.65112209],[79.91573334,10.65149593],[79.91550446,10.65188122],[79.91529846,10.65227699],[79.9151001,10.65267277],[79.91490173,10.65307331],[79.91468811,10.65346432],[79.91448212,10.65385532],[79.91426849,10.65424442],[79.9140625,10.65463924],[79.91386414,10.65504169],[79.91370392,10.65545559],[79.91356659,10.65587902],[79.91343689,10.65630627],[79.91331482,10.65673351],[79.91316986,10.65715408],[79.91298676,10.65755844],[79.9127655,10.65794277],[79.91252899,10.65832233],[79.91231537,10.65871143],[79.91215515,10.65912819],[79.91204834,10.6595602],[79.91195679,10.65999508],[79.91188812,10.66043377],[79.91181183,10.66087055],[79.91170502,10.66130257],[79.91156769,10.66172695],[79.91139221,10.66213512],[79.91116333,10.66252041],[79.91092682,10.6628933],[79.91067505,10.66326332],[79.91044617,10.6636467],[79.91027069,10.66405296],[79.91010284,10.66446781],[79.90995026,10.66488552],[79.90979004,10.66530037],[79.90960693,10.66570377],[79.90940857,10.66610241],[79.90918732,10.66649342],[79.90898132,10.66688824],[79.90879822,10.66729069],[79.90862274,10.66770077],[79.90847778,10.66812229],[79.90837097,10.6685524],[79.90829468,10.66899014],[79.90824127,10.66943169],[79.9081955,10.66987324],[79.90815735,10.6703167],[79.90810394,10.67075729],[79.90804291,10.67119789],[79.90799713,10.67163944],[79.90797424,10.67208385],[79.90799713,10.67252827],[79.90804291,10.67297077],[79.90809631,10.67341137],[79.90814209,10.67385292],[79.90815735,10.67429638],[79.90814972,10.67474079],[79.9081192,10.6751852],[79.90810394,10.67562866],[79.9081192,10.67607212],[79.9081955,10.67650986],[79.9083252,10.6769352],[79.90847778,10.67735195],[79.90865326,10.67776394],[79.90878296,10.67818546],[79.90887451,10.6786232],[79.90886688,10.67906666],[79.90880585,10.67950535],[79.90870667,10.67993927],[79.90860748,10.68037319],[79.90853119,10.68081093],[79.90851593,10.68125534],[79.90855408,10.68169689],[79.90864563,10.68213367],[79.90873718,10.68256664],[79.90883636,10.68300152],[79.90892792,10.68343544],[79.90900421,10.68387413],[79.90905762,10.68431473],[79.90904999,10.68475914],[79.90901947,10.6852026],[79.90896606,10.6856432],[79.90891266,10.68608475],[79.90886688,10.68652725],[79.90886688,10.68697166],[79.90886688,10.68741608],[79.90887451,10.68786049],[79.90886688,10.6883049],[79.90883636,10.68874836],[79.90881348,10.68919086],[79.9087677,10.68963337],[79.90871429,10.69007397],[79.90866852,10.69051647],[79.90861511,10.69095707],[79.90855408,10.69139767],[79.90847778,10.6918354],[79.90836334,10.69226551],[79.90821838,10.69268417],[79.90802765,10.69308949],[79.90783691,10.69348812],[79.90763855,10.69388676],[79.90744781,10.69429016],[79.90727997,10.69470119],[79.90711212,10.69511604],[79.90694427,10.69552898],[79.90674591,10.69592571],[79.9065094,10.69630241],[79.90622711,10.69664669],[79.90591431,10.69696808],[79.9056015,10.69728565],[79.9052887,10.69761086],[79.9050293,10.69796944],[79.90481567,10.69836044],[79.90463257,10.69876575],[79.90447998,10.69918346],[79.90432739,10.69960213],[79.90418243,10.70002365],[79.90405273,10.70044613],[79.90393066,10.70087624],[79.90385437,10.70131397],[79.90381622,10.70175552],[79.90381622,10.70219994],[79.90382385,10.70264435],[79.90384674,10.70308876],[79.90384674,10.70353317],[79.90382385,10.70397758],[79.90377808,10.70441914],[79.90372467,10.70485973],[79.90364075,10.70529556],[79.90352631,10.70572662],[79.90338898,10.70614719],[79.9032135,10.70655918],[79.90301514,10.70695496],[79.90278625,10.70733547],[79.90254211,10.70771122],[79.90229034,10.70808125],[79.90203857,10.70844936],[79.90180206,10.70882607],[79.90158081,10.70921421],[79.90139008,10.70961571],[79.90122986,10.7100296],[79.90109253,10.71045399],[79.90098572,10.71088505],[79.90087891,10.71131611],[79.90077209,10.71174717],[79.90063477,10.71217251],[79.90048218,10.71259022],[79.9003067,10.71299267],[79.90007782,10.71338272],[79.89983368,10.71375275],[79.89956665,10.71410942],[79.89929962,10.71446323],[79.89904785,10.71483326],[79.89884186,10.71522617],[79.89868164,10.71564198],[79.89855957,10.71607208],[79.89848328,10.71650791],[79.89842987,10.71694946],[79.89838409,10.71739101],[79.89834595,10.71783447],[79.89827728,10.71827316],[79.89818573,10.71870708],[79.89805603,10.71913433],[79.89794159,10.71956444],[79.89785767,10.72000122],[79.89779663,10.72044086],[79.89774323,10.72088146],[79.89768219,10.72132111],[79.89762115,10.72176075],[79.89755249,10.72220135],[79.89749146,10.72264099],[79.89743805,10.72308159],[79.89739227,10.72352314],[79.89736938,10.7239666],[79.89737701,10.72441101],[79.89741516,10.72485352],[79.89743042,10.72529793],[79.89725494,10.72631645]]]},"source_id":"incois_wfs","acquired_at":"2026-08-31T18:05:40.682931+00:00"},{"type":"Feature","feature_key":"dd875ec47298fc12","properties":{"FNODE_":1282,"TNODE_":1487,"LPOLY_":1,"RPOLY_":1,"LENGTH":1.03868,"BATHMETRY_":1305,"BATHMETRY1":30,"BATHMETR_1":30,"BATHYLABEL":""},"geometry":{"type":"MultiLineString","coordinates":[[[79.87187195,11.39824295],[79.87097168,11.39558411],[79.8706131,11.39345646],[79.87025452,11.39203835],[79.87042999,11.38955688],[79.87025452,11.38725185],[79.87078857,11.38459301],[79.87114716,11.38246536],[79.87187195,11.38086987],[79.87258911,11.37856483],[79.87312317,11.37661457],[79.87384796,11.37484169],[79.87456512,11.37360096],[79.8747406,11.37182808],[79.87564087,11.36970043],[79.87599945,11.36757278],[79.87635803,11.36597729],[79.87689972,11.36367226],[79.87708282,11.36189938],[79.8772583,11.35959435],[79.87744141,11.35799885],[79.8772583,11.35551643],[79.87779999,11.35268021],[79.87815857,11.35108376],[79.87815857,11.34842491],[79.87905884,11.34736061],[79.87905884,11.34470081],[79.879776,11.34239578],[79.88049316,11.33991337],[79.88103485,11.33849525],[79.88139343,11.33707714],[79.8821106,11.33565807],[79.88282776,11.33388519],[79.88354492,11.33282089],[79.88408661,11.3312254],[79.88444519,11.32998371],[79.88516235,11.32803345],[79.88588715,11.32572842],[79.8864212,11.32377815],[79.88732147,11.32165051],[79.88803864,11.32005405],[79.8887558,11.31810379],[79.88929749,11.31597519],[79.88965607,11.31420231],[79.89019775,11.31189728],[79.89019775,11.31065559],[79.89073944,11.3090601],[79.89091492,11.30764103],[79.89163208,11.30551338],[79.89235687,11.30373955],[79.89360809,11.30196667],[79.89505005,11.30090237],[79.89684296,11.29966164],[79.89864349,11.2989521],[79.90007782,11.29771042],[79.90151978,11.29611397],[79.90223694,11.2941637],[79.9029541,11.29221249],[79.90313721,11.28990746],[79.90259552,11.28760242],[79.90223694,11.28529644],[79.90187836,11.28245926],[79.90169525,11.28015327],[79.90187836,11.27802563],[79.90169525,11.27642918],[79.90241241,11.27376842],[79.90313721,11.27146339],[79.90367126,11.27004433],[79.90402985,11.26862526],[79.90475464,11.26685238],[79.9054718,11.26525593],[79.90673065,11.26348209],[79.90762329,11.26224041],[79.90924072,11.26064491],[79.91068268,11.25940323],[79.91194153,11.25780678],[79.91320038,11.25656509],[79.91409302,11.25532341],[79.91535187,11.25390434],[79.91661072,11.25053501],[79.91858673,11.24698734],[79.92092133,11.24397182],[79.92236328,11.24148846],[79.92469788,11.23758698],[79.92595673,11.23616791],[79.92631531,11.23563576],[79.92667389,11.23350716],[79.92793274,11.23137856],[79.9284668,11.22924995],[79.92955017,11.22818565],[79.93080902,11.2255249],[79.93134308,11.22481537],[79.93224335,11.22321892],[79.93278503,11.22162247],[79.93386078,11.22038078],[79.93457794,11.21789742],[79.9360199,11.21647835],[79.93691254,11.21399498],[79.93727875,11.21346283],[79.93799591,11.21186638],[79.93852997,11.21044731],[79.93888855,11.20796299],[79.93888855,11.20388317],[79.93961334,11.20122242],[79.93961334,11.1992712],[79.93997192,11.19625568],[79.94068909,11.1934166],[79.94068909,11.19252968],[79.9401474,11.19128799],[79.94068909,11.18951416],[79.94104767,11.18756199],[79.94158936,11.18596554],[79.94212341,11.18383694],[79.94248962,11.18170834],[79.94320679,11.17975616],[79.94392395,11.17780495],[79.94464111,11.17567635],[79.9451828,11.17425632],[79.94625854,11.17195034],[79.94787598,11.16982079],[79.94895172,11.16875648],[79.95056915,11.16716003],[79.95201111,11.16609573],[79.95326996,11.1648531],[79.95398712,11.16307926],[79.95452881,11.16095066],[79.95452881,11.15882111],[79.95452881,11.15633678],[79.95452881,11.1540308],[79.95470428,11.15225601],[79.95524597,11.15048218],[79.95578003,11.14959526],[79.9566803,11.14764309],[79.95739746,11.14604664],[79.95793915,11.14444923],[79.95883942,11.14303017],[79.95955658,11.14161015],[79.95937347,11.14019108],[79.96045685,11.13877201],[79.96099091,11.13664246],[79.96153259,11.13469028],[79.96189117,11.13238335],[79.96207428,11.13007736],[79.96224976,11.12936687],[79.96207428,11.12794781],[79.96207428,11.12617302],[79.96189117,11.12333393],[79.96189117,11.12138271],[79.96224976,11.12014008],[79.96260834,11.1181879],[79.96333313,11.11588097],[79.96405029,11.11410713],[79.96495056,11.11250973],[79.96602631,11.11038017],[79.96692657,11.10949326],[79.9681778,11.10825062],[79.96907806,11.10683155],[79.96943665,11.10612106],[79.96961975,11.104702],[79.96907806,11.10204029],[79.96764374,11.10115242],[79.96602631,11.10008812],[79.96458435,11.0997324],[79.96296692,11.09920025],[79.96081543,11.09884548],[79.95973969,11.09795856],[79.95829773,11.09707069],[79.95793915,11.09547424],[79.95829773,11.09369946],[79.95937347,11.0926342],[79.96063232,11.0915699],[79.96260834,11.09068203],[79.96548462,11.08908463],[79.96656036,11.08802032],[79.96781921,11.08695507],[79.96907806,11.08589077],[79.96997833,11.08464813],[79.9708786,11.08305073],[79.97159576,11.08145428],[79.97249603,11.07932377],[79.97303009,11.07719421],[79.97393036,11.07541943],[79.97428894,11.07364464],[79.97447205,11.07204723],[79.97483063,11.07080555],[79.97537231,11.06832027],[79.9757309,11.06548119],[79.97644806,11.06317329],[79.97662354,11.06051159],[79.97644806,11.05767155],[79.97590637,11.05554199],[79.97483063,11.05412197],[79.97428894,11.0516367],[79.97338867,11.04915237],[79.97303009,11.04702187],[79.97249603,11.04471493],[79.97231293,11.04258537],[79.97213745,11.04045486],[79.97213745,11.03850269],[79.97249603,11.03672791],[79.9732132,11.03477478],[79.97447205,11.03211212],[79.97537231,11.03087044],[79.97662354,11.02944946],[79.9775238,11.02802944],[79.97878265,11.02643204],[79.97949982,11.02447987],[79.98021698,11.02234936],[79.98075867,11.02004242],[79.98111725,11.01737976],[79.98165894,11.01507187],[79.98165894,11.01311874],[79.98201752,11.01169872],[79.98201752,11.00992393],[79.98201752,11.00743866],[79.98201752,11.00530815],[79.98111725,11.00229073],[79.98040009,11.0003376],[79.9798584,10.99927235],[79.97914124,10.99767494],[79.97824097,10.99554443],[79.97734833,10.99359226],[79.97716522,10.99110699],[79.9775238,10.9887991],[79.97806549,10.98702335],[79.97914124,10.98489285],[79.98021698,10.98365021],[79.98075867,10.9820528],[79.98130035,10.98045444],[79.98201752,10.97814655],[79.98309326,10.97690392],[79.98435211,10.97477341],[79.98542786,10.97335339],[79.98615265,10.97211075],[79.98615265,10.97086811],[79.98561096,10.96856022],[79.9848938,10.96642971],[79.98417664,10.96571922],[79.98309326,10.96447659],[79.98220062,10.96323395],[79.98094177,10.96252346],[79.9798584,10.96110344],[79.97914124,10.95950508],[79.97842407,10.95755196],[79.97824097,10.9548893],[79.97824097,10.95240307],[79.97859955,10.94973946],[79.97896576,10.94814205],[79.97896576,10.94760895],[79.97878265,10.94530106],[79.97824097,10.94263744],[79.97698975,10.93997478],[79.97626495,10.93731117],[79.97518921,10.93518066],[79.97483063,10.93393707],[79.97411346,10.93180656],[79.97357178,10.92985344],[79.97285461,10.92772293],[79.97249603,10.92594719],[79.97177124,10.92452621],[79.97159576,10.92328358],[79.97123718,10.92168522],[79.97177124,10.92044258],[79.97303009,10.91973209],[79.97447205,10.91884422],[79.97590637,10.91848946],[79.97644806,10.91813374],[79.97770691,10.91706848],[79.97896576,10.91618061],[79.97949982,10.91422749],[79.9798584,10.91209602],[79.97878265,10.90978813],[79.97680664,10.90783501],[79.97554779,10.90570354],[79.9750061,10.90446091],[79.97464752,10.90357304],[79.97464752,10.90232944],[79.97447205,10.90019894],[79.97483063,10.89771271],[79.9750061,10.8966465],[79.97554779,10.8950491],[79.97608948,10.89202976],[79.97680664,10.8898983],[79.9775238,10.88794518],[79.97824097,10.88545895],[79.97896576,10.8836832],[79.97896576,10.88226223],[79.97949982,10.88066387],[79.98021698,10.87888813],[79.98058319,10.87657928],[79.98130035,10.87444782],[79.98201752,10.87213898],[79.98273468,10.87036324],[79.98309326,10.86823177],[79.98327637,10.86663342],[79.98399353,10.86414719],[79.98471069,10.86237144],[79.98615265,10.86059475],[79.98686981,10.85899639],[79.98794556,10.85704327],[79.98920441,10.85544491],[79.99046326,10.85420132],[79.99208069,10.85295773],[79.99423218,10.85206985],[79.99603271,10.8510046],[79.99836731,10.85082626],[80.00016785,10.85082626],[80.00267792,10.84993839],[80.00411987,10.84922791],[80.00519562,10.84780693],[80.00645447,10.84709644],[80.00717163,10.84585381],[80.0080719,10.84461021],[80.00878906,10.84301186],[80.00968933,10.84194565],[80.01112366,10.84052467],[80.01292419,10.83981419],[80.01490021,10.83874893],[80.01687622,10.83661747],[80.01831055,10.8351965],[80.01992798,10.83430862],[80.02118683,10.83217716],[80.0222702,10.83075619],[80.02352142,10.82880211],[80.02424622,10.8272028],[80.02496338,10.82524967],[80.02586365,10.82276249],[80.02639771,10.82116413],[80.02675629,10.81974316],[80.02729797,10.81867695],[80.02783966,10.81761169],[80.02765656,10.81565762],[80.02783966,10.81423664],[80.02819824,10.81192684],[80.0287323,10.809618],[80.02927399,10.80766392],[80.03017426,10.80570984],[80.03107452,10.80393314],[80.03215027,10.80268955],[80.03358459,10.80073547],[80.03466797,10.79895973],[80.03520203,10.79771614],[80.03681946,10.79540634],[80.03790283,10.79362965],[80.03862,10.79203129],[80.03969574,10.7907877],[80.04077148,10.789011],[80.04167175,10.78776741],[80.04238892,10.78652382],[80.0429306,10.78510284],[80.04383087,10.78421497],[80.04473114,10.78172779],[80.0452652,10.78030586],[80.04616547,10.7776413],[80.04652405,10.77728558],[80.04634857,10.77391052],[80.04688263,10.77515411],[80.04742432,10.77231121],[80.047966,10.76964664],[80.04832458,10.76680374],[80.04850006,10.7644949],[80.0477829,10.76182938],[80.04832458,10.75880909],[80.04868317,10.75614452],[80.04868317,10.7547226],[80.04885864,10.75134754],[80.04885864,10.74868202],[80.04868317,10.74583912],[80.04885864,10.74210835],[80.04940033,10.73802185],[80.04958344,10.73588943],[80.0503006,10.73375702],[80.05101776,10.73073673],[80.05137634,10.7293148],[80.05281067,10.72736073],[80.0544281,10.72487259],[80.05568695,10.72380638],[80.05730438,10.7213192],[80.05856323,10.71971989],[80.06018066,10.71776485],[80.06108093,10.71652126],[80.06143951,10.71456718],[80.06143951,10.71136856],[80.0619812,10.70834732],[80.0617981,10.70710373],[80.06269836,10.70532703],[80.06377411,10.7028389],[80.06467438,10.70123959],[80.06521606,10.69946289],[80.06575012,10.69786358],[80.06629181,10.69608593],[80.06646729,10.69359779],[80.06665039,10.69039917],[80.06682587,10.68808937],[80.06682587,10.68613434],[80.06682587,10.6836462],[80.06682587,10.68098068],[80.06682587,10.67849255],[80.06719208,10.67618275],[80.06755066,10.67333889],[80.06790924,10.67102909],[80.06808472,10.66960716],[80.0684433,10.66800785],[80.06934357,10.66605282],[80.07024384,10.66445351],[80.0711441,10.66249847],[80.07204437,10.66107655],[80.07293701,10.65912151],[80.07419586,10.6575222],[80.07455444,10.65556717],[80.07509613,10.65361214],[80.07527161,10.65076828],[80.07527161,10.6475687],[80.07509613,10.64561367],[80.07455444,10.64454746],[80.07455444,10.64170361],[80.07473755,10.63832664],[80.07491302,10.63548279],[80.07581329,10.63334942],[80.07635498,10.63103962],[80.07688904,10.62890625],[80.07707214,10.6265955],[80.07761383,10.62535095],[80.07833099,10.6230402],[80.07976532,10.62090778],[80.08048248,10.61966324],[80.08174133,10.61681938],[80.08300018,10.61504173],[80.08371735,10.6130867],[80.08461761,10.61237526],[80.08533478,10.61042023],[80.08605957,10.60828686],[80.08695221,10.60686493],[80.0874939,10.60508728],[80.08803558,10.60313225],[80.08803558,10.59957695],[80.0874939,10.59673309],[80.08677673,10.59459972],[80.08587646,10.59246635],[80.08569336,10.59104443],[80.08569336,10.58997822],[80.08587646,10.58748913],[80.08659363,10.58553314],[80.087677,10.58322239],[80.08875275,10.58144474],[80.0900116,10.57966709],[80.09108734,10.57771206],[80.09198761,10.57646751],[80.09270477,10.57468987],[80.09360504,10.5725565],[80.09468079,10.57042313],[80.09539795,10.56846714],[80.09629822,10.56704521],[80.09719849,10.56473351],[80.09791565,10.56313419],[80.09863281,10.56117821],[80.09953308,10.55940056],[80.10025024,10.55744457],[80.10115051,10.5553112],[80.10205078,10.55388927],[80.10294342,10.55157757],[80.10438538,10.54891109],[80.10546112,10.54695511],[80.10653687,10.54517746],[80.10743713,10.54322147],[80.1081543,10.54055405],[80.10905457,10.53895473],[80.11013794,10.53699875],[80.11157227,10.53468704],[80.11300659,10.53273106],[80.11444855,10.52953053],[80.11534882,10.52739716],[80.11606598,10.52597523],[80.11678314,10.52490807],[80.11678314,10.5233078],[80.11821747,10.52117443],[80.11894226,10.51921844],[80.12037659,10.51761818],[80.12073517,10.51583958],[80.12181091,10.51406193],[80.1223526,10.51281738],[80.12361145,10.51103878],[80.12432861,10.50890541],[80.12558746,10.5065937],[80.12648773,10.50410366],[80.12756348,10.5025034],[80.12810516,10.50125885],[80.1289978,10.49912548],[80.1297226,10.4982357],[80.13043976,10.49663544],[80.13079834,10.49503517],[80.13134003,10.49343491],[80.1315155,10.49130058],[80.1315155,10.48970032],[80.13061523,10.48632145],[80.12989807,10.4827652],[80.12846375,10.47743034],[80.12882233,10.47476292],[80.12882233,10.47316265],[80.12989807,10.47084999]]]},"source_id":"incois_wfs","acquired_at":"2026-08-31T18:05:40.682931+00:00"},{"type":"Feature","feature_key":"82c8bfe48da8ac4a","properties":{"FNODE_":1491,"TNODE_":1458,"LPOLY_":1,"RPOLY_":1,"LENGTH":0.223177,"BATHMETRY_":1311,"BATHMETRY1":10,"BATHMETR_1":10,"BATHYLABEL":""},"geometry":{"type":"MultiLineString","coordinates":[[[79.96753693,10.40741253],[79.9673996,10.40783787],[79.96726227,10.4082613],[79.96712494,10.40868282],[79.96698761,10.40910721],[79.96684265,10.40952873],[79.96669006,10.40994644],[79.96652985,10.41036129],[79.96634674,10.41076946],[79.96614838,10.41116905],[79.96594238,10.41156387],[79.96572876,10.41195297],[79.96550751,10.41233921],[79.96527863,10.41272354],[79.965065,10.41311264],[79.96485901,10.41350746],[79.96466064,10.41390705],[79.96450043,10.41432285],[79.96435547,10.41474247],[79.96417999,10.41515446],[79.963974,10.41554928],[79.96369934,10.41590214],[79.96336365,10.41620064],[79.96300507,10.41645718],[79.96260834,10.41668034],[79.96221924,10.41688633],[79.96181488,10.41708565],[79.96141052,10.41727257],[79.96099091,10.417449],[79.96057892,10.41762161],[79.9601593,10.41778469],[79.95974731,10.41795635],[79.95935059,10.41816139],[79.95898438,10.41841602],[79.9586792,10.41874313],[79.95845032,10.41912937],[79.95828247,10.41954041],[79.95815277,10.4199667],[79.95806122,10.42040157],[79.95795441,10.42083454],[79.95782471,10.42125797],[79.95760345,10.42164993],[79.95734406,10.42200947],[79.9570694,10.42235947],[79.95681,10.42272091],[79.95658875,10.42311192],[79.95640564,10.42351532],[79.9562149,10.42391872],[79.95601654,10.42432022],[79.95578003,10.42469692],[79.95552063,10.42505932],[79.95524597,10.42541122],[79.95498657,10.42577171],[79.95474243,10.42614555],[79.95449829,10.42652035],[79.95423126,10.42687798],[79.95394135,10.42721653],[79.95363617,10.42754269],[79.95334625,10.42788219],[79.95307159,10.4282341],[79.95282745,10.42860699],[79.9526062,10.42899036],[79.95237732,10.42937565],[79.95215607,10.42976379],[79.95191193,10.43013668],[79.95162964,10.43048859],[79.9513092,10.43078995],[79.95095062,10.43105507],[79.95059204,10.43132782],[79.95029449,10.43166351],[79.95009613,10.4320631],[79.94998169,10.4324913],[79.94989014,10.43292618],[79.94979858,10.43336391],[79.9496994,10.43379688],[79.94960022,10.4342308],[79.94950104,10.43466377],[79.94942474,10.43510056],[79.94937134,10.43554211],[79.94935608,10.43598652],[79.94944763,10.43642521],[79.949646,10.43682098],[79.94994354,10.43715286],[79.95030212,10.43742561],[79.95069122,10.43765354],[79.95109558,10.43784618],[79.95150757,10.43801403],[79.95192719,10.43817902],[79.95233154,10.43836498],[79.95272064,10.43859673],[79.95307159,10.4388752],[79.95339966,10.43916607],[79.95374298,10.43945599],[79.95410156,10.4397316],[79.95446014,10.43999195],[79.95483398,10.44024277],[79.95519257,10.44051266],[79.95550537,10.44083691],[79.95571136,10.44122982],[79.95579529,10.44166756],[79.95580292,10.44211197],[79.95578003,10.44255543],[79.95575714,10.44299889],[79.95573425,10.4434433],[79.95570374,10.44388676],[79.95562744,10.4443264],[79.95552826,10.44475937],[79.95536041,10.44517231],[79.95513916,10.44555664],[79.9548645,10.44591331],[79.95456696,10.44624615],[79.95425415,10.44656467],[79.95394135,10.44687843],[79.95362091,10.44718838],[79.95329285,10.44749928],[79.95298767,10.44782543],[79.95269012,10.44815636],[79.95238495,10.44848633],[79.95207977,10.44880676],[79.95175171,10.44910812],[79.95139313,10.44937801],[79.95101166,10.44961166],[79.95061493,10.44982243],[79.9502182,10.45003414],[79.94983673,10.45026207],[79.94945526,10.45050621],[79.94908905,10.45076656],[79.94873047,10.45103359],[79.94837952,10.45130634],[79.94802856,10.45158482],[79.94766998,10.45185661],[79.9473114,10.45211983],[79.94694519,10.45237064],[79.94656372,10.45260811],[79.94616699,10.45283127],[79.94577789,10.45303917],[79.94537354,10.45323753],[79.94496918,10.45343208],[79.94456482,10.45361996],[79.94416046,10.45380402],[79.94374084,10.45397854],[79.94332123,10.45414066],[79.94290161,10.45429134],[79.94246674,10.45442486],[79.94203949,10.45454311],[79.94160461,10.45464897],[79.94116211,10.4547472],[79.94072723,10.45483589],[79.94028473,10.45492172],[79.93984222,10.45501137],[79.93940735,10.4551115],[79.93897247,10.45523262],[79.93855286,10.45538235],[79.93814087,10.45556831],[79.93775177,10.45579529],[79.93739319,10.45605755],[79.9370575,10.45635319],[79.93674469,10.45667648],[79.93647003,10.45702362],[79.93621826,10.45738888],[79.93598938,10.45777702],[79.93583679,10.45819378],[79.93574524,10.45863056],[79.93573761,10.45907497],[79.93579102,10.45951557],[79.93592834,10.45994186],[79.93608856,10.46035671],[79.93625641,10.46076775],[79.93640137,10.46118832],[79.93649292,10.46162415],[79.93656158,10.46206188],[79.93664551,10.46249962],[79.93677521,10.46292686],[79.9369812,10.46332264],[79.93726349,10.46366501],[79.93760681,10.46395397],[79.93799591,10.46418476],[79.93840027,10.46437073],[79.93881989,10.46452236],[79.9392395,10.46467972],[79.93963623,10.46488476],[79.93998718,10.46516323],[79.94029236,10.46549416],[79.94058228,10.46583176],[79.94090271,10.46613693],[79.94129944,10.46635437],[79.94173431,10.46647739],[79.94216919,10.46656799],[79.94261169,10.46667671],[79.94301605,10.46685219],[79.94338226,10.46710777],[79.94371796,10.46741295],[79.94402313,10.46773529],[79.94432831,10.46806431],[79.94464111,10.46837616],[79.94496918,10.46868992],[79.94528961,10.46900177],[79.94558716,10.46932888],[79.94586945,10.46967125],[79.94611359,10.47004414],[79.94631958,10.47044182],[79.94651031,10.47084618],[79.94670868,10.4712429],[79.94695282,10.47162056],[79.94720459,10.47198772],[79.94742584,10.47237396],[79.94753265,10.47280312],[79.94753265,10.47324753],[79.94750977,10.47369099],[79.94750977,10.47413635],[79.9475174,10.47458076],[79.94747162,10.47502327],[79.94735718,10.47545052],[79.94719696,10.47586632],[79.94701385,10.47627354],[79.94680786,10.47667027],[79.94661713,10.47707272],[79.94642639,10.47747612],[79.94624329,10.47787952],[79.94603729,10.47827625],[79.94581604,10.47866535],[79.94558716,10.47904682],[79.94533539,10.47941303],[79.94507599,10.47977352],[79.9447937,10.48012257],[79.94450378,10.48046589],[79.9442215,10.4808054],[79.94392395,10.48113728],[79.94361115,10.48146152],[79.94329834,10.48177719],[79.94297028,10.48208523],[79.94264221,10.48238373],[79.94230652,10.48267841],[79.94195557,10.4829607],[79.94160461,10.48324013],[79.94125366,10.48351288],[79.94089508,10.48377895],[79.94052887,10.48403931],[79.94017029,10.48429871],[79.93978882,10.48455238],[79.93942261,10.48479843],[79.93904877,10.48504353],[79.9386673,10.48527718],[79.9382782,10.48550797],[79.93790436,10.48574638],[79.93752289,10.48599148],[79.93716431,10.48625946],[79.93682861,10.48655033],[79.93650818,10.48686409],[79.936203,10.48718834],[79.9358902,10.48750877],[79.93557739,10.48782635],[79.93526459,10.48814106],[79.93493652,10.488451],[79.93461609,10.48876095],[79.93430328,10.48907948],[79.93399811,10.48940277],[79.93370819,10.48974705],[79.93345642,10.49011707],[79.93325043,10.49050808],[79.93305206,10.49090958],[79.93286896,10.4913168],[79.93266296,10.49170971],[79.93243408,10.49208927],[79.93218231,10.49245644],[79.93193054,10.49282837],[79.93171692,10.49321938],[79.93157196,10.49363899],[79.93148041,10.49407482],[79.93141174,10.49451447],[79.93134308,10.49495411],[79.93127441,10.4953928],[79.93119049,10.49583149],[79.93115997,10.49627304],[79.93119049,10.4967165],[79.93128204,10.49715233],[79.93141937,10.49757481],[79.93158722,10.49798679],[79.93177032,10.49839592],[79.93195343,10.49879932],[79.93215179,10.49919891],[79.93235779,10.49959278],[79.93257904,10.49998188],[79.93280792,10.5003643],[79.93305969,10.50073242],[79.93331909,10.50109386],[79.93360138,10.50143814],[79.9338913,10.50177765],[79.93416595,10.50213051],[79.9344101,10.5025053],[79.93458557,10.50291157],[79.93470764,10.50334167],[79.93477631,10.50378036],[79.93486786,10.50421619],[79.93498993,10.50464153],[79.93518066,10.50504398],[79.93540955,10.50543022],[79.93563843,10.50581074],[79.93585205,10.5062027],[79.9360199,10.50661659],[79.93610382,10.50705147],[79.93614197,10.50749493],[79.93611908,10.50793839],[79.93604279,10.50837708],[79.93593597,10.50880909],[79.93579865,10.50923443],[79.93563843,10.50964832],[79.93544769,10.51005173],[79.9352417,10.51044369],[79.93502045,10.51083374],[79.93479919,10.5112133],[79.93454742,10.51158237],[79.93429565,10.51194954],[79.934021,10.51230621],[79.93373871,10.51265049],[79.93344879,10.51299],[79.93314362,10.51331806],[79.93283844,10.51364231],[79.93252563,10.51395988],[79.93219757,10.51426983],[79.93188477,10.51458645],[79.93157959,10.51491261],[79.93128204,10.51524734],[79.93100739,10.51559544],[79.93073273,10.51595116],[79.93047333,10.51631355],[79.93022919,10.51668739],[79.92998505,10.51706219],[79.92974091,10.51743221],[79.92947388,10.51779366],[79.92919159,10.51813698],[79.92888641,10.51845455],[79.92855072,10.51876259],[79.92823029,10.51907063],[79.92792511,10.51939487],[79.92765045,10.51974869],[79.92741394,10.52012157],[79.92718506,10.52050877],[79.92697906,10.52090263],[79.92678833,10.52130699],[79.92662048,10.52171898],[79.92650604,10.52214622],[79.92643738,10.52258682],[79.92642975,10.52303123],[79.9264679,10.52347469],[79.92651367,10.52391529],[79.92657471,10.52435589],[79.92663574,10.52479649],[79.92667389,10.52523994],[79.92668152,10.52568436],[79.92667389,10.52612972],[79.92666626,10.52657413],[79.92666626,10.52701855],[79.92668152,10.52746201],[79.92673492,10.5279026],[79.92685699,10.5283308],[79.9270401,10.52873611],[79.92726898,10.52912331],[79.92749023,10.52950859],[79.92768097,10.52991009],[79.92782593,10.53033257],[79.92792511,10.53076553],[79.92802429,10.5311985],[79.92814636,10.53162479],[79.92834473,10.53202438],[79.92858124,10.53240585],[79.92883301,10.53277111],[79.92909241,10.53313541],[79.92934418,10.53350544],[79.92956543,10.53388596],[79.92977905,10.53427887],[79.92996216,10.53468513],[79.93012238,10.53510094],[79.93023682,10.53552818],[79.930336,10.5359621],[79.93042755,10.53639698],[79.93054199,10.53682709],[79.9307251,10.53723431],[79.93094635,10.53762054],[79.93119049,10.53799629],[79.93141937,10.53838348],[79.93158722,10.53879356],[79.93170166,10.53922081],[79.93179321,10.53965664],[79.9318924,10.54009151],[79.93200684,10.54051971],[79.93213654,10.54094791],[79.93225861,10.54137325],[79.93237305,10.54180431],[79.93247223,10.54223919],[79.93252563,10.54267883],[79.93254852,10.54312325],[79.93254852,10.54356766],[79.93254089,10.54401302],[79.93249512,10.54445457],[79.93243408,10.54489517],[79.93235016,10.54533291],[79.93225098,10.54576588],[79.93215179,10.5461998],[79.93204498,10.54663181],[79.93193054,10.54706097],[79.93183136,10.54749393],[79.93173218,10.54792881],[79.931633,10.54836082],[79.93151855,10.54879093],[79.93138885,10.54921532],[79.93122864,10.54963207],[79.93104553,10.55003738],[79.93082428,10.55042553],[79.93058014,10.55080128],[79.930336,10.5511694],[79.93006897,10.55152988],[79.92980194,10.55188465],[79.92952728,10.55224323],[79.92927551,10.55260563],[79.92904663,10.55298519],[79.92883301,10.55338001],[79.92868042,10.55379486],[79.92855835,10.55422592],[79.92848206,10.5546627],[79.92839813,10.55509853],[79.92829895,10.55553341],[79.92819214,10.55596352],[79.92805481,10.5563879],[79.92789459,10.5568037],[79.92771912,10.55721092],[79.92750549,10.55760479],[79.92726898,10.55798054],[79.92699432,10.55833626],[79.92668915,10.55866241],[79.92636871,10.55897236],[79.92606354,10.55928993],[79.92577362,10.55963612],[79.92552948,10.56000805],[79.92532349,10.56040287],[79.92516327,10.56081963],[79.92505646,10.56124878],[79.92497253,10.56168747],[79.92491913,10.56212902],[79.92487335,10.56257057],[79.92481232,10.56301022],[79.92475128,10.56345177],[79.92470551,10.56389332],[79.92469025,10.56433678],[79.92468262,10.56478119],[79.92469025,10.5652256],[79.92469025,10.56567001],[79.92469025,10.56611538],[79.92468262,10.56655979],[79.92464447,10.5670023],[79.92459869,10.5674448],[79.92454529,10.56788635],[79.92450714,10.5683279],[79.92446899,10.56877136],[79.92444611,10.56921577],[79.92446136,10.56965923],[79.92451477,10.57010078],[79.92461395,10.57053375],[79.92475891,10.57095623],[79.9249115,10.57137203],[79.92507172,10.57178593],[79.9252243,10.5722065],[79.92534637,10.57263374],[79.9254303,10.57307053],[79.92546082,10.57351398],[79.92547607,10.5739584],[79.92547607,10.57440281],[79.92550659,10.57484627],[79.92556,10.57528687],[79.92567444,10.57571697],[79.92582703,10.57613373],[79.92601013,10.5765419],[79.92617798,10.57695484],[79.92632294,10.57737541],[79.92646027,10.57779789],[79.92657471,10.57822704],[79.92669678,10.57865524],[79.92682648,10.57908058],[79.92697144,10.57950115],[79.92712402,10.57991886],[79.92727661,10.58033752],[79.92742157,10.58075809],[79.92754364,10.58118629],[79.92763519,10.58162022],[79.92771912,10.58205795],[79.92777252,10.5824995],[79.92783356,10.58293915],[79.92789459,10.5833807],[79.92797089,10.58381939],[79.92805481,10.58425331],[79.92815399,10.58468723],[79.92825317,10.5851202],[79.92835236,10.58555317],[79.92844391,10.585989],[79.92852783,10.58642673],[79.92858887,10.58686638],[79.9286499,10.58730698],[79.92873383,10.58774471],[79.92881775,10.58818054],[79.92910767,10.58923531]]]},"source_id":"incois_wfs","acquired_at":"2026-08-31T18:05:40.682931+00:00"},{"type":"Feature","feature_key":"967c9519d705512c","properties":{"FNODE_":1497,"TNODE_":1491,"LPOLY_":1,"RPOLY_":1,"LENGTH":0.0667389,"BATHMETRY_":1316,"BATHMETRY1":10,"BATHMETR_1":10,"BATHYLABEL":""},"geometry":{"type":"MultiLineString","coordinates":[[[79.97464752,10.34399509],[79.97466278,10.34413052],[79.97466278,10.34426498],[79.97467041,10.34439945],[79.97468567,10.34453106],[79.97470093,10.34466362],[79.97473145,10.34479427],[79.97476959,10.34492207],[79.97481537,10.345047],[79.97485352,10.34517288],[79.97489929,10.34529877],[79.97494507,10.34542561],[79.97498322,10.34555244],[79.97502899,10.34567928],[79.97507477,10.34580421],[79.97512054,10.3459301],[79.97517395,10.34605408],[79.97521973,10.34617805],[79.97527313,10.34630203],[79.97531128,10.34642601],[79.97535706,10.3465519],[79.97540283,10.34667873],[79.97544861,10.34680653],[79.97548676,10.34693623],[79.97550964,10.34706688],[79.97554016,10.34719753],[79.97555542,10.34733009],[79.97556305,10.34746265],[79.97556305,10.34759617],[79.97556305,10.34772968],[79.97556305,10.3478632],[79.97556305,10.34799767],[79.97557831,10.34813118],[79.97557831,10.34826279],[79.97557831,10.3483963],[79.97555542,10.34852982],[79.97554016,10.34866238],[79.97553253,10.34879494],[79.97550964,10.34892654],[79.97549438,10.34906006],[79.97547913,10.34919262],[79.97545624,10.34932518],[79.97544098,10.34945583],[79.97542572,10.34958839],[79.9753952,10.34972],[79.97537231,10.34985065],[79.9753418,10.34998226],[79.97531128,10.35011196],[79.97528839,10.35024261],[79.97525024,10.35037136],[79.97521973,10.35050011],[79.97518158,10.35062885],[79.97514343,10.35075569],[79.97509766,10.35088348],[79.97505188,10.35100937],[79.9750061,10.35113525],[79.97496796,10.35126114],[79.97492218,10.35138607],[79.9748764,10.351511],[79.974823,10.35163689],[79.97478485,10.35176182],[79.97473907,10.35188866],[79.9746933,10.35201645],[79.97466278,10.3521452],[79.97462463,10.35227394],[79.97459412,10.35240364],[79.9745636,10.35253429],[79.97453308,10.35266399],[79.97450256,10.3527956],[79.9744873,10.35292625],[79.97446442,10.35305786],[79.97444153,10.35319042],[79.97441864,10.35332108],[79.97439575,10.35345364],[79.97438049,10.35358429],[79.97434998,10.35371685],[79.97433472,10.35384846],[79.97431183,10.35398006],[79.97428894,10.35411167],[79.97427368,10.35424423],[79.97424316,10.35437489],[79.97422791,10.35450745],[79.97419739,10.35463905],[79.97418213,10.35476971],[79.97415924,10.35490227],[79.97413635,10.35503387],[79.97412109,10.35516548],[79.97409821,10.35529709],[79.97408295,10.35542965],[79.97406769,10.35556316],[79.9740448,10.35569477],[79.97403717,10.35582829],[79.97402954,10.35596085],[79.97401428,10.35609436],[79.97400665,10.35622787],[79.97399139,10.35636044],[79.97399139,10.356493],[79.97398376,10.35662651],[79.97397614,10.35676003],[79.97397614,10.35689354],[79.97396851,10.35702705],[79.97396851,10.35716057],[79.97396088,10.35729408],[79.97394562,10.35742664],[79.97394562,10.35756016],[79.97393799,10.35769272],[79.97393036,10.35782623],[79.97392273,10.35795975],[79.9739151,10.35809231],[79.97390747,10.35822582],[79.97389221,10.35835934],[79.97388458,10.35849285],[79.97388458,10.35862637],[79.97387695,10.35875988],[79.97387695,10.35889244],[79.97386932,10.35902596],[79.97386932,10.35915947],[79.97386932,10.35929298],[79.97386932,10.3594265],[79.97387695,10.35956001],[79.97388458,10.35969353],[79.97389221,10.35982609],[79.9739151,10.3599577],[79.97393036,10.36009026],[79.97396088,10.36022186],[79.97398376,10.36035252],[79.97401428,10.36048317],[79.9740448,10.36061287],[79.97407532,10.36074352],[79.97411346,10.36087227],[79.97414398,10.36100197],[79.9741745,10.36113071],[79.97419739,10.36126137],[79.97423553,10.36139107],[79.97426605,10.36152267],[79.97428131,10.36165524],[79.97431183,10.36178589],[79.97432709,10.3619194],[79.97433472,10.36205196],[79.97434235,10.36218548],[79.97434998,10.36231899],[79.97434998,10.36245155],[79.97434998,10.36258507],[79.97434235,10.36271858],[79.97434235,10.3628521],[79.97434235,10.36298561],[79.97434235,10.36311913],[79.97434235,10.36325264],[79.97434235,10.3633852],[79.97433472,10.36351871],[79.97432709,10.36365128],[79.97431946,10.36378479],[79.97431183,10.3639183],[79.97429657,10.36405182],[79.97429657,10.36418438],[79.97428894,10.36431789],[79.97428131,10.36445141],[79.97427368,10.36458492],[79.97426605,10.36471844],[79.97426605,10.364851],[79.97425842,10.36498356],[79.97425842,10.36511707],[79.97424316,10.36525059],[79.97424316,10.3653841],[79.97424316,10.36551762],[79.97424316,10.36565113],[79.97425842,10.36578465],[79.97425842,10.36591816],[79.97426605,10.36605072],[79.97426605,10.36618423],[79.97427368,10.36631775],[79.97427368,10.36645126],[79.97428131,10.36658478],[79.97428894,10.36671829],[79.97428894,10.36685181],[79.97429657,10.36698532],[79.97431183,10.36711693],[79.97431946,10.36725044],[79.97432709,10.36738396],[79.97433472,10.36751747],[79.97434235,10.36765003],[79.97434998,10.36778355],[79.97434998,10.36791706],[79.97434998,10.36805058],[79.97434998,10.36818504],[79.97434998,10.36831856],[79.97434998,10.36845207],[79.97434235,10.36858368],[79.97433472,10.36871719],[79.97431946,10.36884975],[79.97429657,10.36898232],[79.97428131,10.36911392],[79.97425842,10.36924553],[79.97422791,10.36937714],[79.97418976,10.36950684],[79.97415924,10.36963558],[79.97412109,10.36976337],[79.97408295,10.36989117],[79.97403717,10.37001801],[79.97399139,10.37014294],[79.97393799,10.37026596],[79.97388458,10.37038803],[79.97383118,10.3705101],[79.97377014,10.37063122],[79.97371674,10.37075233],[79.97366333,10.37087345],[79.97360992,10.37099457],[79.97354126,10.37111568],[79.97348785,10.37123489],[79.97342682,10.37135315],[79.97336578,10.37147236],[79.97330475,10.37159061],[79.97323608,10.37170887],[79.97317505,10.37182808],[79.97312164,10.37194729],[79.97306061,10.37206745],[79.97299957,10.37218761],[79.97294617,10.37230778],[79.9728775,10.37242794],[79.9728241,10.3725462],[79.97276306,10.37266636],[79.97270966,10.37278843],[79.97265625,10.37291145],[79.97260284,10.37303543],[79.97255707,10.37316132],[79.97251129,10.3732872],[79.97247314,10.37341499],[79.97244263,10.37354374],[79.97240448,10.37367249],[79.97236633,10.37380219],[79.97234344,10.37393188],[79.9723053,10.37406158],[79.97227478,10.37419128],[79.97224426,10.37432003],[79.97219849,10.37444687],[79.97215271,10.37457275],[79.97210693,10.37469673],[79.97206116,10.37482262],[79.97201538,10.37494946],[79.9719696,10.37507629],[79.97193146,10.37520027],[79.97186279,10.37532043],[79.97180176,10.37543869],[79.97174072,10.37555504],[79.97166443,10.37567043],[79.97160339,10.37578678],[79.97154236,10.37590408],[79.97148132,10.37602329],[79.97141266,10.37614346],[79.97135925,10.37626457],[79.97130585,10.3763876],[79.97126007,10.37651253],[79.97121429,10.37663937],[79.97118378,10.37676811],[79.97115326,10.37689781],[79.971138,10.37702942],[79.97112274,10.37716293],[79.97112274,10.3772974],[79.97112274,10.37743092],[79.97113037,10.37756538],[79.971138,10.37769985],[79.97114563,10.37783241],[79.97116089,10.37796593],[79.97118378,10.37809658],[79.97119904,10.37822914],[79.97121429,10.3783617],[79.97122955,10.37849522],[79.97124481,10.37862682],[79.97125244,10.37875938],[79.97127533,10.3788929],[79.97128296,10.37902546],[79.97129822,10.37915897],[79.97130585,10.37929058],[79.97132874,10.37942314],[79.97133636,10.37955666],[79.97135162,10.37968922],[79.97135925,10.37982273],[79.97137451,10.37995529],[79.97138214,10.38008785],[79.97138977,10.38022137],[79.9713974,10.38035488],[79.9713974,10.3804884],[79.97140503,10.38062191],[79.97141266,10.38075542],[79.97141266,10.38088894],[79.97142792,10.38102055],[79.97142792,10.38115406],[79.97143555,10.38128757],[79.97144318,10.38142204],[79.97145081,10.38155556],[79.97145844,10.38168907],[79.97148132,10.38182259],[79.97150421,10.38195324],[79.97153473,10.38208389],[79.97156525,10.38221169],[79.97161102,10.38233757],[79.97166443,10.38246059],[79.97171783,10.38258171],[79.9717865,10.38270187],[79.97184753,10.38282013],[79.97190857,10.38293648],[79.97198486,10.38305187],[79.97205353,10.38316631],[79.97211456,10.3832798],[79.97219086,10.38339329],[79.97226715,10.38350582],[79.97234344,10.38361835],[79.97240448,10.3837328],[79.97247314,10.38384819],[79.97254181,10.3839674],[79.97259521,10.38408756],[79.97264862,10.38420963],[79.97270203,10.38433361],[79.9727478,10.38446045],[79.97277832,10.38458824],[79.97281647,10.38471794],[79.97284698,10.38484764],[79.9728775,10.38497734],[79.97290802,10.38510704],[79.97294617,10.38523579],[79.97297668,10.38536549],[79.9730072,10.38549709],[79.97302246,10.38562965],[79.97304535,10.38576126],[79.97305298,10.38589382],[79.97306824,10.38602638],[79.9730835,10.38615799],[79.97310638,10.38629055],[79.97311401,10.38642406],[79.97311401,10.38655758],[79.97311401,10.38669205],[79.97310638,10.38682556],[79.9730835,10.38695908],[79.97306824,10.38709164],[79.97303009,10.38722229],[79.97299957,10.38735294],[79.9729538,10.38748074],[79.97290039,10.38760471],[79.97283173,10.38772488],[79.97276306,10.38783836],[79.9726944,10.38794613],[79.97260284,10.38804722],[79.97250366,10.38814068],[79.97240448,10.38823318],[79.9723053,10.38832664],[79.97221375,10.38842201],[79.97212219,10.38852024],[79.97202301,10.3886137],[79.97193146,10.38869953],[79.97181702,10.38877869],[79.97170258,10.38885307],[79.97159576,10.38892651],[79.97148132,10.38899994],[79.97137451,10.38907719],[79.97126007,10.38916111],[79.97117615,10.38925552],[79.97108459,10.38936043],[79.9710083,10.38947296],[79.97093964,10.38959026],[79.97088623,10.38971424],[79.97083282,10.38984108],[79.97079468,10.38996887],[79.97075653,10.39009666],[79.97072601,10.39022636],[79.9706955,10.39035606],[79.97067261,10.39048767],[79.97063446,10.39061737],[79.97060394,10.39074707],[79.9705658,10.39087105],[79.97050476,10.39099312],[79.97044373,10.39111233],[79.97037506,10.39122963],[79.97031403,10.39134407],[79.9702301,10.39145565],[79.97016144,10.39156818],[79.97008514,10.39167976],[79.97000885,10.39178944],[79.96993256,10.39190006],[79.96984863,10.39200878],[79.96977234,10.39211655],[79.96969604,10.39222622],[79.96961975,10.3923378],[79.96955872,10.39245224],[79.96948242,10.39256859],[79.96942139,10.39268684],[79.96936035,10.39280415],[79.96929169,10.39292145],[79.96922302,10.39303589],[79.96915436,10.39314556],[79.96907043,10.39325237],[79.96898651,10.39335537],[79.96890259,10.3934536],[79.96881104,10.39355183],[79.96871185,10.39364719],[79.96861267,10.39374161],[79.96851349,10.39383698],[79.96841431,10.3939333],[79.96831512,10.39403152],[79.96822357,10.39413452],[79.96814728,10.39424133],[79.96808624,10.39435577],[79.96804047,10.39447689],[79.96800232,10.39460564],[79.9679718,10.3947382],[79.96795654,10.3948698],[79.96792603,10.39500141],[79.96789551,10.39513111],[79.96786499,10.39526176],[79.9678421,10.39539146],[79.96781921,10.39552402],[79.96779633,10.39565468],[79.96777344,10.39578724],[79.96775818,10.3959198],[79.96773529,10.39605141],[79.96770477,10.39618206],[79.96768188,10.39631176],[79.96765137,10.39644146],[79.96761322,10.39657116],[79.9675827,10.39669991],[79.96755219,10.39683056],[79.96751404,10.39696026],[79.96749115,10.39708996],[79.96746063,10.39722061],[79.96743774,10.39735126],[79.96740723,10.39748287],[79.96738434,10.39761257],[79.96735382,10.39774418],[79.96733856,10.39787674],[79.96731567,10.39800835],[79.96730804,10.39814091],[79.96730042,10.39827442],[79.96730042,10.39840794],[79.96729279,10.39854145],[79.96728516,10.39867496],[79.96727753,10.39880848],[79.96727753,10.39894009],[79.96727753,10.3990736],[79.96728516,10.39920712],[79.96729279,10.39934063],[79.96730042,10.39947414],[79.96731567,10.3996067],[79.96733093,10.39973927],[79.96734619,10.39987278],[79.96735382,10.40000534],[79.96736908,10.4001379],[79.96739197,10.40027046],[79.9673996,10.40040302],[79.96741486,10.40053558],[79.96743011,10.4006691],[79.96743011,10.40080261],[79.96743774,10.40093613],[79.96743774,10.40106964],[79.96744537,10.40120316],[79.967453,10.40133572],[79.967453,10.40146923],[79.967453,10.40160179],[79.967453,10.40173531],[79.96744537,10.40186882],[79.96744537,10.40200233],[79.96743774,10.40213585],[79.96743774,10.40226936],[79.96743774,10.40240192],[79.96744537,10.40253544],[79.967453,10.40266895],[79.96746826,10.40280151],[79.96749115,10.40293407],[79.96750641,10.40306568],[79.96753693,10.40319729],[79.96755981,10.40332794],[79.96759033,10.4034586],[79.96761322,10.40358829],[79.96765137,10.40371895],[79.96768951,10.40384769],[79.9677124,10.40397644],[79.96775055,10.40410614],[79.96777344,10.40423775],[79.96780396,10.40437031],[79.96781921,10.40450191],[79.9678421,10.40463543],[79.96784973,10.40476799],[79.96784973,10.4049015],[79.96784973,10.40503502],[79.9678421,10.40516853],[79.96783447,10.40530205],[79.96781921,10.40543461],[79.96781921,10.40556812],[79.96781158,10.40570164],[79.96781158,10.40583515],[79.96779633,10.40596771],[79.96777344,10.40609837],[79.96775055,10.40622997],[79.96772003,10.40636253],[79.96770477,10.40649414],[79.96768951,10.4066267],[79.96766663,10.40675831],[79.96765137,10.40688992],[79.96762085,10.40702152],[79.96759796,10.40715122],[79.96756744,10.40728283],[79.96753693,10.40741253]]]},"source_id":"incois_wfs","acquired_at":"2026-08-31T18:05:40.682931+00:00"},{"type":"Feature","feature_key":"fa412a03d0af2c9b","properties":{"FNODE_":1496,"TNODE_":1497,"LPOLY_":1,"RPOLY_":1,"LENGTH":0.0199277,"BATHMETRY_":1317,"BATHMETRY1":10,"BATHMETR_1":10,"BATHYLABEL":""},"geometry":{"type":"MultiLineString","coordinates":[[[79.98853302,10.34627247],[79.98840332,10.34622192],[79.98828888,10.34615803],[79.98818207,10.34607887],[79.98808289,10.345994],[79.98797607,10.34590816],[79.98786926,10.3458271],[79.98775482,10.34574699],[79.98764801,10.34566784],[79.9875412,10.34558582],[79.98744202,10.34549999],[79.98733521,10.34541321],[79.98723602,10.34532452],[79.98713684,10.34523487],[79.98703766,10.34514523],[79.98693848,10.34505653],[79.98683167,10.3449688],[79.98673248,10.34488297],[79.98662567,10.34479713],[79.98652649,10.3447113],[79.98641968,10.34462738],[79.9863205,10.34454155],[79.98621368,10.34445381],[79.9861145,10.34436321],[79.98601532,10.34427166],[79.98592377,10.34417629],[79.98582458,10.34407997],[79.98573303,10.34398079],[79.98564911,10.34388065],[79.98556519,10.34377956],[79.98547363,10.34367657],[79.98539734,10.34357262],[79.98530579,10.34346962],[79.98522186,10.34336758],[79.98513794,10.34326363],[79.98504639,10.34316158],[79.98496246,10.34306049],[79.98487091,10.3429594],[79.98478699,10.34286022],[79.98468781,10.3427639],[79.98459625,10.34266758],[79.98449707,10.34257698],[79.98439789,10.34248734],[79.98429108,10.34240341],[79.98419189,10.34231853],[79.98408508,10.34223461],[79.98397827,10.34214878],[79.98387909,10.34206295],[79.98377991,10.34197521],[79.9836731,10.34188843],[79.98357391,10.34180069],[79.98347473,10.341712],[79.98337555,10.34162235],[79.98326874,10.34153271],[79.98317719,10.3414402],[79.983078,10.34134674],[79.98297882,10.34125233],[79.98288727,10.34115601],[79.98279572,10.34105968],[79.98269653,10.34096336],[79.98261261,10.340868],[79.98251343,10.34077072],[79.98242188,10.34067535],[79.98232269,10.34057999],[79.98223114,10.34048462],[79.98213196,10.34039307],[79.98203278,10.34030342],[79.98192596,10.34021854],[79.98181915,10.34013748],[79.98171234,10.34006214],[79.9815979,10.33999062],[79.98148346,10.33991909],[79.98136902,10.33984566],[79.98126221,10.33977032],[79.98114777,10.33969784],[79.9810257,10.33963013],[79.98091125,10.33957005],[79.98078918,10.33951283],[79.98066711,10.33945656],[79.98054504,10.33939743],[79.9804306,10.33933735],[79.9803009,10.33927822],[79.98018646,10.33922386],[79.98004913,10.33917618],[79.97992706,10.33913422],[79.97979736,10.33909988],[79.97966003,10.33907032],[79.97953033,10.33904839],[79.97939301,10.33903313],[79.97925568,10.3390255],[79.97912598,10.33902168],[79.97898865,10.33902359],[79.97885132,10.3390274],[79.97872162,10.33903313],[79.97858429,10.33903599],[79.97844696,10.33903885],[79.97831726,10.33903885],[79.97817993,10.33903599],[79.9780426,10.33903313],[79.9779129,10.33902931],[79.97777557,10.3390274],[79.97763824,10.3390255],[79.97750854,10.33902359],[79.97736359,10.33902264],[79.97721863,10.3390274],[79.97707367,10.33903885],[79.97694397,10.33906174],[79.97681427,10.33910179],[79.97669983,10.33915997],[79.97660828,10.33924103],[79.97653961,10.33934307],[79.97647095,10.33946133],[79.97641754,10.33958817],[79.97636414,10.33971786],[79.97631073,10.33984661],[79.97624969,10.33996773],[79.97616577,10.34007931],[79.97608948,10.3401823],[79.97599792,10.3402853],[79.975914,10.34038925],[79.97583771,10.34049606],[79.97575378,10.34060383],[79.97566223,10.34070873],[79.97557831,10.34081078],[79.97548676,10.34091187],[79.9753952,10.34101582],[79.97531128,10.34112072],[79.97524261,10.3412323],[79.97518921,10.34135056],[79.97515106,10.34147739],[79.9751358,10.341609],[79.97512054,10.34174347],[79.97509766,10.34187698],[79.97507477,10.34200954],[79.97505188,10.34214115],[79.97502136,10.3422699],[79.97499084,10.3423996],[79.9749527,10.34253025],[79.97492981,10.34265995],[79.97489929,10.3427887],[79.97486877,10.3429203],[79.97483826,10.34305],[79.97481537,10.34318066],[79.97478485,10.34331131],[79.97475433,10.34344292],[79.97473145,10.34357262],[79.97470093,10.34370422],[79.97467804,10.34383583],[79.97464752,10.34399509]]]},"source_id":"incois_wfs","acquired_at":"2026-08-31T18:05:40.682931+00:00"},{"type":"Feature","feature_key":"abfc3384b69dcbda","properties":{"FNODE_":1499,"TNODE_":1337,"LPOLY_":1,"RPOLY_":1,"LENGTH":0.939236,"BATHMETRY_":1318,"BATHMETRY1":20,"BATHMETR_1":20,"BATHYLABEL":""},"geometry":{"type":"MultiLineString","coordinates":[[[80.11875916,10.32925987],[80.11804199,10.32997131],[80.11695862,10.33103848],[80.11606598,10.33210659],[80.11534882,10.33335209],[80.11462402,10.33459759],[80.11426544,10.33566475],[80.11373138,10.33619881],[80.1131897,10.33797741],[80.11283112,10.34011269],[80.11228943,10.34153557],[80.11157227,10.34313679],[80.11013794,10.34438229],[80.10887909,10.34633923],[80.10779572,10.34740734],[80.10707855,10.34811878],[80.10636139,10.34936428],[80.1058197,10.35025311],[80.10492706,10.35132122],[80.10420227,10.3527441],[80.10402679,10.35381126],[80.10348511,10.35487938],[80.10276794,10.35630226],[80.10258484,10.3582592],[80.10276794,10.36021614],[80.10348511,10.36199474],[80.10456085,10.36413002],[80.10456085,10.36466312],[80.10564423,10.36608696],[80.10653687,10.36750984],[80.10743713,10.36893272],[80.10869598,10.3698225],[80.11013794,10.37124538],[80.11138916,10.37302494],[80.11211395,10.37426949],[80.11247253,10.3758707],[80.11283112,10.37729359],[80.11283112,10.37925053],[80.11283112,10.38085175],[80.11247253,10.38316441],[80.11174774,10.38494301],[80.11103058,10.38654423],[80.11031342,10.38743401],[80.10977173,10.38867855],[80.10852051,10.38992405],[80.10779572,10.39099121],[80.10671997,10.39241409],[80.10474396,10.39508247],[80.10366821,10.39579391],[80.10294342,10.39650536],[80.1016922,10.39775085],[80.10007477,10.39935207],[80.09899139,10.4002409],[80.09755707,10.4020195],[80.09593964,10.40344334],[80.09342194,10.40593338],[80.09270477,10.4068222],[80.09144592,10.4080677],[80.09037018,10.40877914],[80.08892822,10.40984631],[80.08713531,10.41091347],[80.08461761,10.41375923],[80.08318329,10.41571617],[80.08300018,10.416605],[80.08246613,10.41856194],[80.08174133,10.42176342],[80.08138275,10.42425346],[80.08120728,10.42656612],[80.08102417,10.42923355],[80.08156586,10.43172359],[80.08102417,10.43279076],[80.08120728,10.43368053],[80.08120728,10.43581486],[80.08084869,10.43741512],[80.08066559,10.43937206],[80.07994843,10.44150639],[80.07868958,10.44470692],[80.07814789,10.44648552],[80.07707214,10.44719696],[80.07671356,10.44844246],[80.07617188,10.44933128],[80.07491302,10.45057678],[80.07437897,10.45128822],[80.07402039,10.45199871],[80.0734787,10.45271015],[80.07329559,10.45342159],[80.07312012,10.45377731],[80.07329559,10.45573425],[80.07383728,10.45715714],[80.07402039,10.4592905],[80.07419586,10.46124744],[80.07437897,10.46266937],[80.07473755,10.46444798],[80.07527161,10.46569347],[80.07545471,10.46693802],[80.07653046,10.46782684],[80.07743073,10.46924973],[80.07833099,10.47120571],[80.07850647,10.47351837],[80.07868958,10.47422886],[80.07850647,10.47636318],[80.07778931,10.47831917],[80.07707214,10.47974205],[80.07671356,10.48116493],[80.07563782,10.48258781],[80.07455444,10.48400974],[80.07383728,10.48489952],[80.07329559,10.48685551],[80.07240295,10.48792267],[80.07150269,10.48970032],[80.06988525,10.49076748],[80.06916809,10.49183464],[80.0684433,10.49272346],[80.06736755,10.49396801],[80.06593323,10.49485779],[80.06449127,10.49627972],[80.06323242,10.49752522],[80.0619812,10.4982357],[80.06125641,10.49912548],[80.06053925,10.50001431],[80.05963898,10.50090313],[80.05856323,10.50197029],[80.05748749,10.50285912],[80.05658722,10.50410366],[80.05587006,10.50534916],[80.05515289,10.50623798],[80.05479431,10.50819397],[80.0544281,10.50979424],[80.05406952,10.51210594],[80.05353546,10.51406193],[80.05317688,10.51583958],[80.05263519,10.518507],[80.05227661,10.52064037],[80.05191803,10.52188492],[80.05119324,10.52259636],[80.05047607,10.52419662],[80.04994202,10.52508545],[80.04885864,10.52615261],[80.047966,10.52775288],[80.04670715,10.52846432],[80.04580688,10.52917576],[80.04436493,10.52988625],[80.04347229,10.52988625],[80.04221344,10.53024197],[80.04095459,10.5304203],[80.03933716,10.5304203],[80.03862,10.53006458],[80.03771973,10.52935314],[80.03681946,10.5286417],[80.03592682,10.52775288],[80.03520203,10.52686405],[80.0337677,10.52686405],[80.03286743,10.52721977],[80.03215027,10.5281086],[80.03179169,10.52988625],[80.03179169,10.53130913],[80.03215027,10.53308678],[80.03269196,10.53486538],[80.03340912,10.53646469],[80.03412628,10.53806496],[80.03520203,10.53966522],[80.03574371,10.5410881],[80.03646088,10.54268837],[80.03664398,10.54339886],[80.03700256,10.54482174],[80.03771973,10.54731083],[80.03736115,10.55015564],[80.03736115,10.55175591],[80.03610229,10.55317783],[80.03520203,10.55513382],[80.03430939,10.55744457],[80.03305054,10.55904484],[80.03179169,10.56099987],[80.03071594,10.56224442],[80.02891541,10.56313419],[80.0271225,10.56384468],[80.02603912,10.56437778],[80.02478027,10.56455612],[80.02316284,10.56455612],[80.02172852,10.56455612],[80.02101135,10.56384468],[80.01992798,10.5642004],[80.01885223,10.56437778],[80.01777649,10.56491184],[80.01705933,10.56562233],[80.01597595,10.56651115],[80.01561737,10.56793404],[80.01544189,10.56988907],[80.01490021,10.57202244],[80.01435852,10.5736227],[80.01435852,10.57575607],[80.01382446,10.5766449],[80.01364136,10.57860088],[80.01346588,10.5807333],[80.01292419,10.58304501],[80.01238251,10.58642197],[80.01148224,10.58926678],[80.01094818,10.59175587],[80.01023102,10.5937109],[80.00968933,10.59566593],[80.00933075,10.59833241],[80.00861359,10.59886646],[80.00843048,10.60402107],[80.00933075,10.60686493],[80.00950623,10.60917568],[80.00950623,10.61184216],[80.00843048,10.61468601],[80.00735474,10.616642],[80.0055542,10.61841965],[80.00466156,10.62108517],[80.00376129,10.6212635],[80.0032196,10.62232971],[80.00250244,10.62446308],[80.0032196,10.62623978],[80.00466156,10.62784004],[80.00466156,10.62872887],[80.00376129,10.631217],[80.00340271,10.63370514],[80.00231934,10.63512707],[80.00124359,10.63743782],[80.00052643,10.63903713],[79.99926758,10.64045906],[79.99872589,10.64188099],[79.99855042,10.64348125],[79.99872589,10.64419174],[79.99855042,10.64596939],[79.99855042,10.64721298],[79.99765015,10.64899063],[79.99674988,10.65005684],[79.99621582,10.65076828],[79.99549103,10.65147877],[79.99441528,10.65201187],[79.99333954,10.6529007],[79.99225616,10.65361214],[79.99118042,10.65414524],[79.98992157,10.65503311],[79.98920441,10.65610027],[79.98884583,10.65734386],[79.9890213,10.65912151],[79.98956299,10.66072083],[79.98974609,10.66267586],[79.98974609,10.66427517],[79.9890213,10.66676331],[79.98848724,10.66836262],[79.98794556,10.66996288],[79.98722839,10.67191696],[79.98632813,10.67387199],[79.98542786,10.67618275],[79.98471069,10.67778206],[79.98435211,10.67973709],[79.98399353,10.6808033],[79.98345184,10.68204689],[79.9825592,10.68417931],[79.98165894,10.68471241],[79.98130035,10.68649006],[79.98058319,10.68773365],[79.9800415,10.6895113],[79.9798584,10.69057751],[79.9798584,10.6923542],[79.9798584,10.6941309],[79.98021698,10.69590855],[79.98021698,10.69875145],[79.98040009,10.69946289],[79.98021698,10.70123959],[79.98021698,10.70301628],[79.9798584,10.70443821],[79.97914124,10.7062149],[79.97824097,10.70799255],[79.97842407,10.70834732],[79.97734833,10.71030235],[79.97644806,10.71119022],[79.9757309,10.71225643],[79.97464752,10.71403408],[79.97357178,10.71563339],[79.97303009,10.71687698],[79.97267151,10.71794319],[79.97249603,10.71918678],[79.97249603,10.72078609],[79.97249603,10.72220707],[79.9732132,10.72345161],[79.97411346,10.72451782],[79.97464752,10.72558403],[79.97518921,10.72718239],[79.97518921,10.72967052],[79.9750061,10.7310915],[79.97338867,10.73357964],[79.97249603,10.73535633],[79.97141266,10.73677731],[79.9708786,10.73837662],[79.9706955,10.73997593],[79.9708786,10.7413969],[79.97123718,10.74352932],[79.97159576,10.74548435],[79.97231293,10.7477932],[79.97141266,10.74992561],[79.97123718,10.75134754],[79.97033691,10.75276852],[79.96943665,10.75330162],[79.96854401,10.7552557],[79.96764374,10.75632191],[79.96710205,10.7575655],[79.96710205,10.75827599],[79.96620178,10.75916481],[79.9658432,10.7604084],[79.96566772,10.76200676],[79.9658432,10.76396179],[79.96602631,10.76609325],[79.96620178,10.76840305],[79.96620178,10.77053547],[79.96620178,10.77266693],[79.9658432,10.77408791],[79.96548462,10.77622032],[79.96495056,10.77728558],[79.96422577,10.77852917],[79.96350861,10.7799511],[79.96350861,10.78066158],[79.96333313,10.78279305],[79.96296692,10.78403664],[79.96296692,10.78616905],[79.96296692,10.78794479],[79.96315002,10.79007721],[79.96350861,10.79203129],[79.96386719,10.79327488],[79.96333313,10.79540634],[79.96260834,10.79771614],[79.96153259,10.80055809],[79.96099091,10.8016243],[79.96099091,10.80322266],[79.96134949,10.80588722],[79.9617157,10.80872917],[79.96117401,10.81086159],[79.96081543,10.81228256],[79.95937347,10.81388092],[79.95865631,10.815835],[79.95793915,10.81725597],[79.95722198,10.81796646],[79.95650482,10.81885433],[79.9566803,10.82045364],[79.95739746,10.82258511],[79.95829773,10.8238287],[79.95937347,10.82524967],[79.96045685,10.82684803],[79.96027374,10.82755852],[79.96027374,10.82968998],[79.95973969,10.83217716],[79.959198,10.8339529],[79.95829773,10.83537388],[79.95650482,10.83679485],[79.95488739,10.83874893],[79.95362854,10.84016991],[79.95308685,10.84176826],[79.95272827,10.84407711],[79.95254517,10.84674168],[79.95291138,10.84958363],[79.95291138,10.85295773],[79.95308685,10.85633278],[79.95326996,10.85917377],[79.95344543,10.86272621],[79.95362854,10.86521244],[79.95398712,10.86787701],[79.9541626,10.87018585],[79.95452881,10.8724947],[79.95452881,10.87444782],[79.9543457,10.87551403],[79.95452881,10.87764454],[79.9543457,10.8803091],[79.9541626,10.88297272],[79.95398712,10.88563633],[79.95362854,10.88901043],[79.95291138,10.89202976],[79.95236969,10.89416027],[79.951828,10.8966465],[79.95165253,10.90019894],[79.95146942,10.90268517],[79.95111084,10.90570354],[79.95039368,10.90836716],[79.94949341,10.91156387],[79.94895172,10.9140501],[79.94859314,10.91635799],[79.94841766,10.91848946],[79.94805908,10.92115211],[79.94733429,10.92328358],[79.94625854,10.92594719],[79.94554138,10.92843246],[79.94499969,10.93038559],[79.94428253,10.93233967],[79.94338226,10.93429279],[79.94338226,10.9364233],[79.94302368,10.93802071],[79.94284821,10.93979645],[79.9426651,10.94192791],[79.94212341,10.9437027],[79.94194794,10.94654369],[79.94140625,10.94849682],[79.94140625,10.95098305],[79.94140625,10.95382309],[79.94087219,10.9548893],[79.94087219,10.95737457],[79.94050598,10.95915031],[79.94050598,10.96270084],[79.94050598,10.96536446],[79.93978882,10.96802711],[79.94068909,10.97086811],[79.94068909,10.97370815],[79.94087219,10.97637177],[79.94104767,10.97956753],[79.94104767,10.98294067],[79.94104767,10.98542595],[79.94050598,10.98755646],[79.94050598,10.98897648],[79.9401474,10.98950863],[79.9401474,10.99128437],[79.93925476,10.99341488],[79.93852997,10.9948349],[79.93727875,10.99732018],[79.93637848,10.99891758],[79.93566132,11.0008707],[79.93493652,11.00229073],[79.93511963,11.00371075],[79.93547821,11.00601864],[79.93619537,11.00814915],[79.93709564,11.01010132],[79.93835449,11.01276398],[79.93871307,11.01453972],[79.93907166,11.01666927],[79.93943024,11.01897717],[79.93943024,11.02092934],[79.93943024,11.02376938],[79.93888855,11.0251894],[79.93745422,11.02856255],[79.93655396,11.03087044],[79.93566132,11.03299999],[79.93476105,11.03530788],[79.93367767,11.03690529],[79.93314362,11.03885746],[79.93260193,11.04098701],[79.93260193,11.04329491],[79.93170166,11.04506969],[79.9309845,11.04737759],[79.93008423,11.05039501],[79.92955017,11.05199242],[79.92955017,11.0537672],[79.92972565,11.05571938],[79.93008423,11.0587368],[79.93008423,11.06175423],[79.92883301,11.06494808],[79.92774963,11.06796551],[79.92685699,11.06956291],[79.92577362,11.07045078],[79.92487335,11.07275772],[79.92398071,11.07488728],[79.92253876,11.07719421],[79.92272186,11.07843685],[79.92236328,11.08038902],[79.92236328,11.08269596],[79.92182159,11.0850029],[79.92110443,11.08642292],[79.91984558,11.08872986],[79.91841125,11.09050465],[79.91751099,11.09245682],[79.91625214,11.09423161],[79.91535187,11.09600639],[79.91535187,11.0976038],[79.91589355,11.09920025],[79.91679382,11.10115242],[79.91732788,11.10274982],[79.91876984,11.104702],[79.91984558,11.10594368],[79.92092133,11.10700893],[79.92146301,11.10896111],[79.92146301,11.11002541],[79.92092133,11.11038017],[79.919487,11.11055756],[79.91786957,11.10984802],[79.91679382,11.10931587],[79.91499329,11.10931587],[79.91373444,11.10984802],[79.91301727,11.11091232],[79.91175842,11.11286449],[79.91139984,11.11410713],[79.91104126,11.11534882],[79.91104126,11.1171236],[79.91104126,11.11854267],[79.91104126,11.12049484],[79.91121674,11.1226244],[79.91121674,11.12439919],[79.91121674,11.12652779],[79.91121674,11.12847996],[79.91104126,11.13007736],[79.91104126,11.13149643],[79.91049957,11.13362598],[79.91014099,11.13575554],[79.90924072,11.13788414],[79.90852356,11.14001369],[79.90744781,11.14196587],[79.90637207,11.14356232],[79.90583038,11.14569187],[79.90439606,11.14782047],[79.90402985,11.15065956],[79.90385437,11.15261173]]]},"source_id":"incois_wfs","acquired_at":"2026-08-31T18:05:40.682931+00:00"},{"type":"Feature","feature_key":"96bcaead3420d82c","properties":{"FNODE_":1504,"TNODE_":1243,"LPOLY_":1,"RPOLY_":1,"LENGTH":1.44289,"BATHMETRY_":1322,"BATHMETRY1":100,"BATHMETR_1":100,"BATHYLABEL":"100 m"},"geometry":{"type":"MultiLineString","coordinates":[[[80.39636993,10.30096912],[80.39511108,10.30221462],[80.39366913,10.3043499],[80.39259338,10.30666351],[80.39133453,10.3080864],[80.39007568,10.30986595],[80.38881683,10.31164551],[80.38756561,10.31306839],[80.38630676,10.31449223],[80.38504791,10.3166275],[80.38378906,10.317873],[80.38271332,10.3191185],[80.38217163,10.32018566],[80.38145447,10.32054138],[80.38019562,10.32267666],[80.37876129,10.32427788],[80.37677765,10.32694721],[80.37516785,10.32908154],[80.37372589,10.33139515],[80.37229156,10.33352947],[80.37031555,10.33530903],[80.36869812,10.33762169],[80.36725616,10.33957863],[80.36563873,10.34082413],[80.36437988,10.34189129],[80.36204529,10.34313679],[80.36061096,10.34527206],[80.35773468,10.34651756],[80.35575867,10.34811878],[80.35359955,10.34936428],[80.35162354,10.35043144],[80.35054779,10.3514986],[80.34874725,10.35256577],[80.34695435,10.3539896],[80.34533691,10.35470104],[80.3433609,10.35594654],[80.34066772,10.35719204],[80.3383255,10.3582592],[80.33563232,10.35932636],[80.33329773,10.36021614],[80.33113861,10.36092758],[80.32826233,10.36146164],[80.32539368,10.36181736],[80.3225174,10.36235046],[80.31945801,10.36306286],[80.31622314,10.3637743],[80.31317139,10.36519718],[80.31137848,10.36715412],[80.30957794,10.36893272],[80.30688477,10.3716011],[80.30544281,10.37444782],[80.30382538,10.37800598],[80.30184937,10.38174152],[80.30095673,10.3844099],[80.29951477,10.38796711],[80.29825592,10.39152527],[80.29718018,10.39490509],[80.29610443,10.39775085],[80.29537964,10.40113068],[80.29466248,10.40344334],[80.29412842,10.40539932],[80.29412842,10.40877914],[80.29394531,10.41126919],[80.29376221,10.41393757],[80.29358673,10.41713905],[80.29412842,10.41945171],[80.29430389,10.42283058],[80.294487,10.42709923],[80.29412842,10.42941189],[80.29376221,10.43403625],[80.29304504,10.43634796],[80.29232788,10.43883801],[80.29178619,10.44097233],[80.29106903,10.44257259],[80.29016876,10.44470692],[80.28909302,10.44701958],[80.28747559,10.44950962],[80.28621674,10.45128822],[80.28478241,10.45253277],[80.28262329,10.45466709],[80.28064728,10.45608997],[80.27902985,10.45680141],[80.27723694,10.45786762],[80.27471924,10.45911312],[80.27184296,10.460536],[80.27005005,10.46124744],[80.26717377,10.46231461],[80.26537323,10.46302509],[80.26358032,10.46373653],[80.2614212,10.46462631],[80.25746918,10.46533775],[80.25531006,10.46675968],[80.25315857,10.46818256],[80.25118256,10.46942806],[80.24920654,10.47138405],[80.24758911,10.47387409],[80.24507141,10.4767189],[80.2430954,10.48009777],[80.24165344,10.48258781],[80.2405777,10.48400974],[80.23931885,10.48578835],[80.23806,10.48810005],[80.23734283,10.48881149],[80.23554993,10.4916563],[80.23446655,10.49485779],[80.2332077,10.49734688],[80.23249054,10.49983597],[80.23159027,10.50179291],[80.22961426,10.50605965],[80.22872162,10.50837135],[80.22782135,10.51014996],[80.22727966,10.5113945],[80.22602081,10.51441765],[80.22548676,10.51708412],[80.22422791,10.52046299],[80.22368622,10.52295208],[80.22261047,10.52526379],[80.22080994,10.53006458],[80.21973419,10.53290939],[80.21721649,10.53664303],[80.21595764,10.53895473],[80.21416473,10.54144382],[80.21326447,10.54304409],[80.20912933,10.55193329],[80.20769501,10.55726719],[80.20751953,10.56028938],[80.20626068,10.56224442],[80.20481873,10.56580067],[80.20266724,10.57006741],[80.20140839,10.57166767],[80.20014954,10.57504463],[80.19870758,10.57771206],[80.19763184,10.58091164],[80.19637299,10.58233356],[80.19511414,10.58393383],[80.1942215,10.58588886],[80.19242096,10.58891106],[80.19098663,10.59140015],[80.18954468,10.59335518],[80.18828583,10.59602165],[80.18649292,10.59957695],[80.18451691,10.60384369],[80.18325806,10.60775375],[80.18164063,10.61077595],[80.18109894,10.61344242],[80.17948151,10.61699677],[80.17804718,10.62019634],[80.17733002,10.6230402],[80.17661285,10.62588501],[80.17661285,10.62979507],[80.17714691,10.63175011],[80.17714691,10.63370514],[80.17786407,10.63583851],[80.17876434,10.63814926],[80.17966461,10.64010429],[80.18074036,10.64205933],[80.18164063,10.64348125],[80.18254089,10.64561367],[80.18361664,10.64739132],[80.18487549,10.64934635],[80.18559265,10.65041256],[80.18630981,10.65183449],[80.18756866,10.6539669],[80.18865204,10.65698814],[80.18954468,10.65912151],[80.19026947,10.66143131],[80.19098663,10.66338634],[80.19206238,10.6656971],[80.19260406,10.66907406],[80.19277954,10.67085075],[80.19277954,10.67316151],[80.19277954,10.67600441],[80.19277954,10.67884827],[80.19277954,10.68044758],[80.19260406,10.6836462],[80.19206238,10.68684578],[80.1917038,10.69057751],[80.19080353,10.69324303],[80.19044495,10.69804096],[80.19026947,10.70230579],[80.1893692,10.70728111],[80.18882751,10.71065712],[80.18865204,10.71527767],[80.18865204,10.71812057],[80.18828583,10.72220707],[80.18811035,10.72522831],[80.18846893,10.72984791],[80.19026947,10.73357964],[80.19116211,10.73677731],[80.19242096,10.73997593],[80.19367981,10.74264145],[80.19493866,10.74530602],[80.1960144,10.74726105],[80.19709015,10.74868202],[80.198349,10.75081444],[80.19907379,10.7529459],[80.19943237,10.75365639],[80.20032501,10.75543308],[80.20069122,10.75685501],[80.20176697,10.75934219],[80.20230865,10.76165199],[80.20320129,10.76431656],[80.20410156,10.76715946],[80.20464325,10.76946926],[80.20553589,10.77160072],[80.20607758,10.77462101],[80.20661926,10.7787075],[80.20697784,10.78172779],[80.20715332,10.78510284],[80.20769501,10.78812313],[80.20733643,10.79220867],[80.20733643,10.79522896],[80.20715332,10.80002499],[80.20661926,10.80499935],[80.20553589,10.80908489],[80.20481873,10.81210423],[80.20355988,10.81494713],[80.20248413,10.82009792],[80.2008667,10.82276249],[80.19924927,10.82507133],[80.198349,10.8277359],[80.19709015,10.82915688],[80.19583893,10.83146667],[80.19475555,10.83324242],[80.19403839,10.83501911],[80.19332123,10.83697224],[80.19206238,10.8391037],[80.19044495,10.84141254],[80.18901062,10.84496498],[80.18828583,10.84780693],[80.18846893,10.85135937],[80.18846893,10.85562229],[80.18828583,10.85810852],[80.18792725,10.85881901],[80.18828583,10.86308193],[80.18828583,10.8668108],[80.18828583,10.87089634],[80.18828583,10.87604618],[80.18756866,10.8792429],[80.1868515,10.88084126],[80.18559265,10.88474846],[80.18451691,10.88759041],[80.18344116,10.89025402],[80.18307495,10.89256287],[80.18307495,10.8950491],[80.18361664,10.89806747],[80.18379974,10.90073109],[80.18361664,10.90321732],[80.18325806,10.90694618],[80.18218231,10.91085339],[80.17966461,10.91653538],[80.17894745,10.91795635],[80.17804718,10.92079735],[80.17750549,10.92328358],[80.17697144,10.92630196],[80.17714691,10.92932034],[80.17714691,10.93198395],[80.17733002,10.93553543],[80.17912292,10.93873119],[80.18038177,10.94121742],[80.18145752,10.94317055],[80.18254089,10.94512367],[80.18361664,10.94654369],[80.18451691,10.94902992],[80.18649292,10.9515152],[80.18828583,10.95400143],[80.18990326,10.95684147],[80.19134521,10.95968246],[80.19187927,10.96323395],[80.19242096,10.96607399],[80.19242096,10.96962547],[80.19224548,10.97459602],[80.19152069,10.97654915],[80.19062805,10.97938919],[80.1893692,10.98169708],[80.18721008,10.98453808],[80.18595123,10.98702335],[80.1843338,10.98826599],[80.18325806,10.99075127],[80.18145752,10.99234962],[80.1802063,10.99465752],[80.17930603,10.99732018],[80.17840576,11.00016022],[80.17750549,11.00300026],[80.17678833,11.00459862],[80.17588806,11.00797081],[80.17463684,11.01045609],[80.1726532,11.01347446],[80.17121887,11.0157814],[80.17014313,11.01720238],[80.1685257,11.01915455],[80.16726685,11.02004242],[80.16546631,11.02199459],[80.1636734,11.0241251],[80.16205597,11.02625465],[80.16061401,11.0290947],[80.15972137,11.03051472],[80.15827942,11.03317738],[80.15720367,11.03690529],[80.15612793,11.04027748],[80.15486908,11.04276276],[80.15342712,11.04595757],[80.1521759,11.04879761],[80.15091705,11.05092716],[80.14875793,11.05394459],[80.14768219,11.05678463],[80.14588165,11.06104374],[80.14390564,11.06352901],[80.14157104,11.06654549],[80.13851929,11.07009506],[80.13671875,11.07151508],[80.13564301,11.07240295],[80.13420105,11.07435513],[80.13240814,11.07612991],[80.13079071,11.0773716],[80.12791443,11.07879162],[80.12575531,11.08021164],[80.12342072,11.08109856],[80.12054443,11.08269596],[80.11767578,11.08376122],[80.11551666,11.08535862],[80.11318207,11.08802032],[80.11120605,11.09068203],[80.10923004,11.09334469],[80.10904694,11.09440899],[80.10814667,11.09565163],[80.10707092,11.09671593],[80.1056366,11.09902287],[80.10383606,11.10168457],[80.10204315,11.10328197],[80.1006012,11.10505676],[80.09916687,11.10700893],[80.09772491,11.10896111],[80.0957489,11.11038017],[80.09413147,11.11268711],[80.09287262,11.11375237],[80.09179688,11.11570358],[80.08982086,11.11836529],[80.08838654,11.12031746],[80.08712769,11.12351131],[80.08622742,11.12564087],[80.08551025,11.12777042],[80.0840683,11.13202858],[80.08335114,11.13398075],[80.08263397,11.13611031],[80.0817337,11.13912678],[80.08101654,11.14054585],[80.0799408,11.1437397],[80.07796478,11.14746571],[80.07616425,11.15030479],[80.07418823,11.15332127],[80.07292938,11.1550951],[80.07131195,11.15686989],[80.07059479,11.15846634],[80.06897736,11.16130543],[80.06681824,11.16325665],[80.06502533,11.16503048],[80.0634079,11.16680527],[80.0610733,11.16893387],[80.05891418,11.17053127],[80.05747986,11.17283726],[80.05532074,11.17532158],[80.05442047,11.17815971],[80.05316162,11.18241787],[80.05208588,11.18561077],[80.05101013,11.18791771],[80.04975128,11.19022369],[80.04830933,11.19235229],[80.04723358,11.1944809],[80.04633331,11.19625568],[80.04508209,11.19838428],[80.04382324,11.2013998],[80.04273987,11.20406055],[80.04184723,11.20654392],[80.04130554,11.20778561],[80.04094696,11.20973778],[80.04058838,11.21239853],[80.04004669,11.21470451],[80.03968811,11.21878433],[80.03968811,11.22268677],[80.03968811,11.22694397],[80.03932953,11.22995949],[80.03897095,11.23421669],[80.03807068,11.23918343],[80.03627014,11.24290752],[80.0353775,11.24592304],[80.03429413,11.24716473],[80.03340149,11.24840641],[80.03195953,11.24982548],[80.02998352,11.25195408],[80.02783203,11.25461388],[80.02603149,11.25745201],[80.02495575,11.25940323],[80.02405548,11.26312733],[80.02333832,11.26596546],[80.0213623,11.26880264],[80.01956177,11.27110863],[80.01812744,11.27323723],[80.01615143,11.27518749],[80.014534,11.27749348],[80.01309204,11.28015327],[80.01129913,11.28157234],[80.0096817,11.28494167],[80.00770569,11.28795719],[80.00680542,11.28990746],[80.007164,11.29345417],[80.00734711,11.29717827],[80.00680542,11.30125713],[80.00644684,11.30569077],[80.00644684,11.30835056],[80.00644684,11.31154251],[80.00626373,11.31703949],[80.00518799,11.3205862],[80.00447083,11.3243103],[80.00302887,11.32679272],[80.00249481,11.3285656],[80.00213623,11.33016109],[80.00123596,11.33175755],[79.99925995,11.33388519],[79.99728394,11.33583546],[79.9954834,11.33760834],[79.99350739,11.33938217],[79.99243164,11.3406229],[79.99134827,11.34186363],[79.99045563,11.34363747],[79.98919678,11.3459425],[79.98847961,11.34736061],[79.98812103,11.35002041],[79.98722076,11.35179329],[79.98686218,11.35374355],[79.9865036,11.35463047],[79.9863205,11.35604858],[79.98577881,11.358531],[79.98470306,11.35994911],[79.98452759,11.36172199],[79.98452759,11.36420441],[79.98344421,11.3673954],[79.98272705,11.3700552],[79.98218536,11.37218285],[79.98110962,11.37519646],[79.98020935,11.3773241],[79.97931671,11.37927437],[79.97823334,11.38140106],[79.97715759,11.38370609],[79.97625732,11.38530159],[79.97499847,11.38654232],[79.97428131,11.38813782],[79.97284698,11.3899107],[79.97050476,11.3925705],[79.96888733,11.39487457],[79.96637726,11.39629269],[79.96475983,11.39824295],[79.96367645,11.4003706],[79.96242523,11.40214348],[79.96152496,11.40533352],[79.96116638,11.40781593],[79.96098328,11.41207027],[79.96116638,11.41508389],[79.96098328,11.41969204],[79.96044922,11.42270565],[79.96044922,11.42660522],[79.95972443,11.43316364],[79.95900726,11.43741798],[79.95864868,11.44114017],[79.95810699,11.44238091],[79.95810699,11.44539452],[79.95810699,11.44840717],[79.95810699,11.45159721],[79.9582901,11.45390129],[79.95883179,11.45656013],[79.95936584,11.45992756],[79.95990753,11.4631176],[79.96026611,11.46489048],[79.96116638,11.46719456],[79.96170044,11.47002983],[79.96206665,11.47304249],[79.96295929,11.47694206],[79.96350098,11.4806633],[79.96457672,11.48367596],[79.96511841,11.48775196],[79.9656601,11.49200535],[79.9656601,11.49678993],[79.96583557,11.49962521],[79.9656601,11.50210667],[79.96475983,11.50476456],[79.9649353,11.51008129],[79.96529388,11.51610565],[79.9656601,11.51929569],[79.96673584,11.52319336],[79.96727753,11.52602863],[79.96781158,11.52886391],[79.96799469,11.53169918],[79.96852875,11.53311634],[79.96942902,11.53612804],[79.97068787,11.54109001],[79.97087097,11.54516506],[79.97087097,11.54835415],[79.97032928,11.55172062],[79.97014618,11.55313778],[79.96888733,11.55526447]]]},"source_id":"incois_wfs","acquired_at":"2026-08-31T18:05:40.682931+00:00"},{"type":"Feature","feature_key":"1039bba9edaccc88","properties":{"FNODE_":1508,"TNODE_":1496,"LPOLY_":1,"RPOLY_":1,"LENGTH":0.066708,"BATHMETRY_":1325,"BATHMETRY1":10,"BATHMETR_1":10,"BATHYLABEL":""},"geometry":{"type":"MultiLineString","coordinates":[[[79.99430084,10.28383827],[79.99430084,10.28397179],[79.99429321,10.2841053],[79.99429321,10.28423882],[79.99427795,10.28437233],[79.99427795,10.28450584],[79.99427032,10.28463936],[79.99427032,10.28477287],[79.9942627,10.28490639],[79.99425507,10.28503895],[79.99425507,10.28517246],[79.99424744,10.28530502],[79.99423218,10.28543854],[79.99422455,10.28557205],[79.99421692,10.28570557],[79.99420929,10.28583813],[79.99420166,10.28597164],[79.99417877,10.2861042],[79.99417114,10.28623676],[79.99415588,10.28636932],[79.99414825,10.28650188],[79.99412537,10.2866354],[79.99411011,10.28676796],[79.99409485,10.28689957],[79.99407959,10.28703213],[79.99406433,10.28716564],[79.9940567,10.2872982],[79.99404144,10.28743172],[79.99402618,10.28756428],[79.99401093,10.28769588],[79.9940033,10.2878294],[79.99398804,10.28796196],[79.99396515,10.28809452],[79.99394989,10.28822708],[79.99394226,10.28835869],[79.993927,10.2884922],[79.99391937,10.28862572],[79.99390411,10.28875828],[79.99389648,10.28889179],[79.99388885,10.28902531],[79.9938736,10.28915787],[79.99386597,10.28929138],[79.99385834,10.2894249],[79.99385071,10.28955841],[79.99385071,10.28969193],[79.99384308,10.28982449],[79.99384308,10.289958],[79.99384308,10.29009151],[79.99384308,10.29022503],[79.99384308,10.29035854],[79.99384308,10.29049206],[79.99384308,10.29062557],[79.99384308,10.29075909],[79.99384308,10.2908926],[79.99384308,10.29102612],[79.99384308,10.29115963],[79.99384308,10.29129314],[79.99384308,10.29142666],[79.99384308,10.29156017],[79.99385071,10.29169369],[79.99385071,10.2918272],[79.99385071,10.29195976],[79.99385834,10.29209328],[79.99385834,10.29222679],[79.99385834,10.29235935],[79.99386597,10.29249287],[79.9938736,10.29262638],[79.9938736,10.2927599],[79.99388885,10.29289341],[79.99389648,10.29302692],[79.99389648,10.29316044],[79.99390411,10.29329395],[79.99390411,10.29342747],[79.99391174,10.29356098],[79.99391937,10.29369259],[79.99391937,10.2938261],[79.993927,10.29395962],[79.99394226,10.29409313],[79.99394989,10.29422665],[79.99395752,10.29435921],[79.99396515,10.29449272],[79.99397278,10.29462624],[79.99399567,10.29475975],[79.9940033,10.29489136],[79.99401855,10.29502392],[79.99404144,10.29515648],[79.9940567,10.29528904],[79.99407196,10.29541969],[79.99410248,10.2955513],[79.99412537,10.29568291],[79.99414825,10.29581451],[79.99417114,10.29594612],[79.99419403,10.29607868],[79.99420929,10.29620934],[79.99424744,10.29633904],[79.99427795,10.29646683],[79.99432373,10.29659462],[79.99436188,10.29672337],[79.99440002,10.29685211],[79.99443054,10.2969799],[79.99447632,10.29710674],[79.99452209,10.29723072],[79.9945755,10.29735184],[79.99463654,10.29747391],[79.99469757,10.29759789],[79.99473572,10.29772091],[79.99479675,10.29784489],[79.9948349,10.29796791],[79.99490356,10.29808903],[79.99495697,10.29821014],[79.99501038,10.29833031],[79.99507141,10.29845047],[79.99513245,10.29857063],[79.99518585,10.2986908],[79.99523926,10.29881287],[79.99529266,10.29893684],[79.9953537,10.29906082],[79.99539185,10.29918671],[79.99542999,10.2993145],[79.99546814,10.29944324],[79.99549103,10.2995739],[79.99552155,10.29970455],[79.9955368,10.29983711],[79.99555969,10.29997063],[79.99556732,10.30010414],[79.99556732,10.30023766],[79.99556732,10.30037212],[79.99556732,10.30050564],[79.99555969,10.3006382],[79.99554443,10.30077171],[79.9955368,10.30090523],[79.99552917,10.30103874],[79.99552155,10.30117035],[79.99551392,10.30130386],[79.99550629,10.30143738],[79.99549103,10.30157089],[79.9954834,10.30170345],[79.99547577,10.30183697],[79.99546814,10.30197048],[79.99546051,10.30210304],[79.99544525,10.30223656],[79.99543762,10.30236912],[79.99542999,10.30250263],[79.99542236,10.30263615],[79.99541473,10.30276871],[79.99541473,10.30290222],[79.9954071,10.30303574],[79.99539185,10.30316925],[79.99538422,10.30330181],[79.99536896,10.30343533],[79.99536133,10.30356884],[79.99533844,10.30370045],[79.99533081,10.30383301],[79.99531555,10.30396557],[79.99528503,10.30409813],[79.99526978,10.30422878],[79.99525452,10.30436134],[79.995224,10.30449295],[79.99519348,10.3046236],[79.99517059,10.30475426],[79.99514008,10.30488396],[79.99510956,10.30501556],[79.99507904,10.30514526],[79.99505615,10.30527496],[79.99502563,10.30540562],[79.99500275,10.30553532],[79.99497223,10.30566692],[79.99494934,10.30579853],[79.99491882,10.30592918],[79.99490356,10.30606079],[79.99487305,10.30619144],[79.99485016,10.30632305],[79.99481964,10.30645466],[79.99480438,10.30658531],[79.99477386,10.30671787],[79.99476624,10.30685043],[79.99475098,10.30698204],[79.99473572,10.30711555],[79.99472809,10.30724907],[79.99472046,10.30738258],[79.99472046,10.3075161],[79.99472046,10.30764961],[79.99471283,10.30778313],[79.99471283,10.30791664],[79.99471283,10.30805016],[79.99471283,10.30818367],[79.99472046,10.30831718],[79.99472046,10.3084507],[79.99472809,10.30858421],[79.99472809,10.30871773],[79.99473572,10.30885029],[79.99475098,10.3089838],[79.99475098,10.30911732],[79.99475861,10.30925083],[79.99475861,10.30938435],[79.99476624,10.30951691],[79.99477386,10.30965042],[79.99477386,10.30978394],[79.99478149,10.30991745],[79.99479675,10.31005096],[79.99479675,10.31018448],[79.99479675,10.31031799],[79.99479675,10.31045055],[79.99479675,10.31058407],[79.99479675,10.31071758],[79.99480438,10.3108511],[79.99480438,10.31098461],[79.99480438,10.31111813],[79.99480438,10.31125164],[79.99479675,10.31138515],[79.99478149,10.31151772],[79.99477386,10.31165123],[79.99475861,10.31178474],[79.99475098,10.31191635],[79.99472809,10.31204891],[79.99471283,10.31218147],[79.99469757,10.31231499],[79.99467468,10.31244755],[79.99466705,10.31257915],[79.99465179,10.31271172],[79.99463654,10.31284523],[79.99462891,10.31297874],[79.99461365,10.31311131],[79.99460602,10.31324482],[79.99459839,10.31337833],[79.99458313,10.31350994],[79.9945755,10.31364346],[79.9945755,10.31377697],[79.9945755,10.31391048],[79.9945755,10.314044],[79.9945755,10.31417751],[79.9945755,10.31431103],[79.9945755,10.31444454],[79.9945755,10.31457806],[79.9945755,10.31471157],[79.9945755,10.31484509],[79.9945755,10.3149786],[79.9945755,10.31511116],[79.9945755,10.31524467],[79.99458313,10.31537819],[79.99458313,10.3155117],[79.99458313,10.31564522],[79.9945755,10.31577873],[79.9945755,10.31591225],[79.9945755,10.31604576],[79.9945755,10.31617928],[79.9945755,10.31631279],[79.9945755,10.3164463],[79.9945755,10.31657982],[79.99458313,10.31671333],[79.99458313,10.31684589],[79.99459839,10.31697941],[79.99460602,10.31711197],[79.99462128,10.31724548],[79.99462891,10.31737804],[79.99465179,10.31751156],[79.99466705,10.31764221],[79.99468231,10.31777477],[79.99471283,10.31790733],[79.99472809,10.31803799],[79.99475861,10.31816959],[79.99478149,10.31830025],[79.99481201,10.3184309],[79.9948349,10.31856155],[79.99486542,10.31869221],[79.99488831,10.31882381],[79.99491882,10.31895351],[79.99494934,10.31908512],[79.99497223,10.31921482],[79.99501038,10.31934547],[79.99503326,10.31947517],[79.99507141,10.31960487],[79.99510193,10.31973553],[79.99512482,10.31986523],[79.99515533,10.31999683],[79.99517822,10.32012653],[79.99520874,10.32025814],[79.99523163,10.32038784],[79.99526215,10.32051849],[79.99529266,10.32064819],[79.99532318,10.32077885],[79.9953537,10.3209095],[79.99537659,10.32104111],[79.99539185,10.32117367],[79.99541473,10.32130432],[79.99542999,10.32143688],[79.99546051,10.32156944],[79.99547577,10.32170105],[79.99549103,10.32183361],[79.99551392,10.32196522],[79.99552917,10.32209778],[79.99554443,10.32222939],[79.99556732,10.32236195],[79.99558258,10.32249451],[79.99559784,10.32262516],[79.99562073,10.32275772],[79.99564362,10.32289028],[79.9956665,10.32302284],[79.99568176,10.3231535],[79.99571228,10.32328606],[79.99572754,10.32341766],[79.9957428,10.32354927],[79.99577332,10.32368088],[79.99578857,10.32381344],[79.99581909,10.32394409],[79.99583435,10.3240757],[79.99584961,10.32420826],[79.99588013,10.32433891],[79.99589539,10.32447147],[79.99591827,10.32460403],[79.99593353,10.3247366],[79.99594116,10.3248682],[79.99596405,10.32500172],[79.99597168,10.32513428],[79.99598694,10.32526779],[79.99599457,10.32540035],[79.9960022,10.32553387],[79.99602509,10.32566643],[79.99603271,10.32579899],[79.99603271,10.3259325],[79.99604034,10.32606602],[79.99604034,10.32619953],[79.99604797,10.32633305],[79.99604797,10.32646656],[79.99604797,10.32660007],[79.99604797,10.32673359],[79.99604797,10.3268671],[79.99604797,10.32700062],[79.99604797,10.32713318],[79.99604034,10.32726669],[79.99604034,10.32740021],[79.99604034,10.32753372],[79.99603271,10.32766724],[79.99603271,10.32780075],[79.99603271,10.32793427],[79.99603271,10.32806778],[79.99603271,10.32820129],[79.99603271,10.32833481],[79.99603271,10.32846832],[79.99602509,10.32860184],[79.99602509,10.32873535],[79.99602509,10.32886791],[79.99602509,10.32900143],[79.99602509,10.32913494],[79.99602509,10.32926846],[79.99602509,10.32940197],[79.99602509,10.32953548],[79.99602509,10.329669],[79.99602509,10.32980251],[79.99602509,10.32993603],[79.99602509,10.33006954],[79.99602509,10.33020306],[79.99602509,10.33033657],[79.99602509,10.33046913],[79.99602509,10.33060265],[79.99601746,10.33073616],[79.99601746,10.33086967],[79.99601746,10.33100319],[79.99601746,10.3311367],[79.99601746,10.33127022],[79.99601746,10.33140373],[79.99601746,10.33153725],[79.9960022,10.33166981],[79.99599457,10.33180332],[79.99599457,10.33193588],[79.99598694,10.3320694],[79.99598694,10.33220291],[79.99598694,10.33233643],[79.99597931,10.33246994],[79.99597168,10.33260345],[79.99596405,10.33273602],[79.99594879,10.33286953],[79.99594116,10.33300304],[79.9959259,10.33313465],[79.99591827,10.33326817],[79.99591064,10.33340168],[79.99588776,10.33353424],[79.99588013,10.33366776],[79.99586487,10.33380032],[79.99584198,10.33393192],[79.99582672,10.33406448],[79.9957962,10.33419609],[79.99578094,10.33432674],[79.99575806,10.33445835],[79.99572754,10.334589],[79.99571228,10.33472061],[79.99568939,10.33485317],[79.9956665,10.33498383],[79.99563599,10.33511543],[79.9956131,10.33524513],[79.99558258,10.33537674],[79.99555969,10.33550644],[79.99552917,10.33563805],[79.99550629,10.33576965],[79.99547577,10.33589935],[79.99543762,10.3360281],[79.99541473,10.3361578],[79.99537659,10.3362875],[79.9953537,10.3364172],[79.99531555,10.33654785],[79.99528503,10.33667755],[79.99526215,10.33680916],[79.99523163,10.33693886],[79.99519348,10.33706951],[79.99517059,10.33719921],[79.99514008,10.33733082],[79.99512482,10.33746147],[79.99510193,10.33759403],[79.99507904,10.33772564],[79.99506378,10.33785725],[79.99504089,10.33798981],[79.99502563,10.33812237],[79.99500275,10.33825302],[79.99497986,10.33838558],[79.99495697,10.33851719],[79.99493408,10.33864784],[79.99491882,10.3387804],[79.99488831,10.33891201],[79.99487305,10.33904362],[79.99485779,10.33917522],[79.99482727,10.33930779],[79.99480438,10.33943844],[79.99477386,10.33956909],[79.99475098,10.33969879],[79.99471283,10.33982944],[79.99467468,10.33995819],[79.99463654,10.34008598],[79.99460602,10.34021282],[79.99456024,10.34033966],[79.99451447,10.3404665],[79.99446869,10.34059143],[79.99442291,10.34071827],[79.9943924,10.34084511],[79.99434662,10.34097195],[79.99430084,10.34109783],[79.99424744,10.34122276],[79.99420166,10.34134579],[79.99414825,10.34147072],[79.99410248,10.34159374],[79.99404907,10.34171677],[79.99399567,10.34184074],[79.99394989,10.34196377],[79.99389648,10.3420887],[79.99384308,10.34221172],[79.9937973,10.3423357],[79.9937439,10.34245777],[79.99369049,10.34257889],[79.99362183,10.3427],[79.99356842,10.34282017],[79.99350739,10.34293938],[79.99344635,10.34305954],[79.99339294,10.34318066],[79.99333954,10.34330082],[79.99327087,10.34342098],[79.99320984,10.34353733],[79.99314117,10.34365273],[79.99308014,10.34376907],[79.99300385,10.34388447],[79.99294281,10.34399986],[79.99287415,10.34411526],[79.99280548,10.34423161],[79.99273682,10.34434319],[79.99265289,10.34445381],[79.9925766,10.34456158],[79.99249268,10.34466743],[79.99240875,10.34477139],[79.99232483,10.34487247],[79.99223328,10.34497261],[79.99214172,10.34507179],[79.99205017,10.34516907],[79.99195099,10.34526348],[79.99185181,10.34535694],[79.99175262,10.34544754],[79.99166107,10.34553623],[79.99156189,10.34562588],[79.99144745,10.34571075],[79.99134827,10.34579754],[79.99125671,10.34588432],[79.99114227,10.34597111],[79.99104309,10.34605789],[79.99093628,10.34614468],[79.99082947,10.34622955],[79.99072266,10.34631062],[79.99060822,10.346385],[79.99047852,10.34644985],[79.99035645,10.34650326],[79.99022675,10.3465395],[79.99010468,10.34655857],[79.98996735,10.34656048],[79.98983002,10.3465538],[79.98970032,10.34654713],[79.98955536,10.34654999],[79.98941803,10.34655285],[79.98928833,10.34654713],[79.98915863,10.34652042],[79.98903656,10.34647465],[79.98890686,10.34641838],[79.98878479,10.34636402],[79.98865509,10.34631729],[79.98853302,10.34627247]]]},"source_id":"incois_wfs","acquired_at":"2026-08-31T18:05:40.682931+00:00"},{"type":"Feature","feature_key":"6cc332eefac4e676","properties":{"FNODE_":1512,"TNODE_":1508,"LPOLY_":1,"RPOLY_":1,"LENGTH":0.0667847,"BATHMETRY_":1328,"BATHMETRY1":10,"BATHMETR_1":10,"BATHYLABEL":""},"geometry":{"type":"MultiLineString","coordinates":[[[79.99346161,10.22382641],[79.99344635,10.22395897],[79.99343109,10.22408962],[79.99340057,10.22422218],[79.99338531,10.22435379],[79.99336243,10.22448635],[79.99334717,10.22461796],[79.99333191,10.22475052],[79.99330902,10.22488308],[79.99330139,10.22501659],[79.99328613,10.22514915],[79.99326324,10.22528172],[79.99324799,10.22541332],[79.99324036,10.22554588],[79.99323273,10.2256794],[79.99321747,10.22581291],[79.99320984,10.22594643],[79.99320221,10.22607899],[79.99319458,10.2262125],[79.99318695,10.22634602],[79.99317932,10.22647953],[79.99317932,10.22661304],[79.99316406,10.22674656],[79.99315643,10.22687817],[79.9931488,10.22701168],[79.9931488,10.2271452],[79.99314117,10.22727871],[79.99314117,10.22741222],[79.99314117,10.22754574],[79.99314117,10.22767925],[79.99314117,10.22781277],[79.99314117,10.22794628],[79.99314117,10.2280798],[79.99314117,10.22821331],[79.9931488,10.22834682],[79.9931488,10.22848034],[79.9931488,10.22861385],[79.9931488,10.22874737],[79.99315643,10.22888088],[79.99316406,10.2290144],[79.99317932,10.22914696],[79.99318695,10.22928047],[79.99320221,10.22941399],[79.99320984,10.22954559],[79.99321747,10.22967911],[79.99324036,10.22981167],[79.99326324,10.22994328],[79.99329376,10.23007488],[79.99331665,10.23020554],[79.99333954,10.23033714],[79.99336243,10.2304678],[79.99338531,10.2305994],[79.99341583,10.23073006],[79.99345398,10.2308588],[79.99349213,10.23098564],[79.9935379,10.23111153],[79.99359131,10.23123646],[79.99363708,10.23136044],[79.99369049,10.23148251],[79.99375153,10.23160458],[79.99380493,10.23172474],[79.99386597,10.23184395],[79.99394226,10.23196125],[79.9940033,10.23207569],[79.99407196,10.23218822],[79.99415588,10.23229599],[79.99423218,10.23240185],[79.99432373,10.23250484],[79.99440765,10.23260689],[79.99449921,10.23271084],[79.9945755,10.23281479],[79.99465942,10.23292065],[79.99473572,10.23302746],[79.99481964,10.23313427],[79.99491119,10.23324108],[79.99498749,10.23334599],[79.99507141,10.23344898],[79.99515533,10.23355389],[79.99523163,10.23366165],[79.99531555,10.23377514],[79.99537659,10.2338953],[79.99542999,10.23402214],[79.99547577,10.23415184],[79.99550629,10.2342844],[79.99551392,10.23441792],[79.99551392,10.23455048],[79.9954834,10.23468208],[79.99544525,10.23481083],[79.99542236,10.23494053],[79.99538422,10.23507214],[79.99536896,10.2352047],[79.99533081,10.23533344],[79.99529266,10.23546028],[79.99523926,10.2355814],[79.99517822,10.23570156],[79.99511719,10.23582172],[79.99506378,10.23594284],[79.99501038,10.23606396],[79.99494934,10.23618603],[79.99488831,10.23630524],[79.99482727,10.23642349],[79.99476624,10.23654079],[79.99469757,10.23665619],[79.99462128,10.23676968],[79.99455261,10.23688221],[79.99447632,10.23699284],[79.99440002,10.23710346],[79.99432373,10.23721218],[79.99424744,10.23731995],[79.99416351,10.23742771],[79.99407959,10.23753357],[79.99399567,10.23763943],[79.99391174,10.23774242],[79.99383545,10.23784637],[79.9937439,10.23794842],[79.99365234,10.23804951],[79.99356079,10.23814964],[79.99346924,10.23824978],[79.99338531,10.23834991],[79.99329376,10.2384491],[79.99320221,10.23854828],[79.99311066,10.23864746],[79.99302673,10.23874569],[79.99293518,10.23884392],[79.99284363,10.2389431],[79.99275208,10.23904228],[79.99266052,10.23913956],[79.99256134,10.23923874],[79.99247742,10.23933697],[79.99238586,10.23943424],[79.99229431,10.23953342],[79.99220276,10.23963165],[79.99211884,10.23973083],[79.99202728,10.23983097],[79.99193573,10.23993206],[79.99184418,10.24003315],[79.99176788,10.24013519],[79.99167633,10.24023628],[79.99158478,10.24033928],[79.99149323,10.24043941],[79.99141693,10.2405405],[79.99132538,10.24063969],[79.99123383,10.24073982],[79.99114227,10.24083805],[79.99104309,10.24093723],[79.99095917,10.24103546],[79.99086761,10.24113464],[79.99077606,10.24123192],[79.99068451,10.24133015],[79.99060059,10.24142838],[79.9905014,10.24152565],[79.99040985,10.24162388],[79.9903183,10.24172115],[79.99022675,10.24182034],[79.99014282,10.24191952],[79.99005127,10.24202061],[79.98995972,10.24212265],[79.98987579,10.24222755],[79.9897995,10.24233437],[79.98972321,10.24244499],[79.98964691,10.24255562],[79.98957062,10.24266911],[79.98950195,10.24278259],[79.98942566,10.24289513],[79.98935699,10.24300766],[79.98928833,10.24311924],[79.98921204,10.24323273],[79.989151,10.24334812],[79.98908234,10.24346352],[79.98901367,10.24357891],[79.98894501,10.24369335],[79.98886871,10.2438097],[79.98880005,10.24392319],[79.98873138,10.24403477],[79.98865509,10.24414539],[79.9885788,10.24425411],[79.98849487,10.24436092],[79.98841095,10.24446678],[79.98832703,10.24456882],[79.98823547,10.24466896],[79.98814392,10.24476814],[79.98805237,10.24486446],[79.98796844,10.24496078],[79.98786926,10.24505615],[79.98777771,10.24515152],[79.98767853,10.24524975],[79.98758698,10.24534893],[79.98750305,10.24545002],[79.98741913,10.24555016],[79.98732758,10.24565029],[79.98723602,10.24575043],[79.98714447,10.24585056],[79.98706055,10.24595261],[79.98697662,10.24605942],[79.98690796,10.24617004],[79.98683167,10.24628353],[79.986763,10.24639988],[79.98669434,10.24651814],[79.98664093,10.24663925],[79.98658752,10.24676228],[79.98654175,10.24688721],[79.98648834,10.24701309],[79.9864502,10.24713707],[79.98638916,10.24726009],[79.98633575,10.24738312],[79.98628998,10.24750805],[79.98625183,10.24763298],[79.98620605,10.24775982],[79.98616791,10.24788952],[79.98612976,10.24801731],[79.98609924,10.2481451],[79.98605347,10.2482729],[79.98601532,10.24840164],[79.9859848,10.24853134],[79.98595428,10.24866009],[79.98592377,10.24879169],[79.98590088,10.24892139],[79.98587036,10.249053],[79.98584747,10.24918365],[79.98582458,10.24931526],[79.9858017,10.24944782],[79.98577881,10.24957943],[79.98576355,10.24971104],[79.98574829,10.2498436],[79.9857254,10.24997616],[79.98571014,10.25010967],[79.98570251,10.25024128],[79.98569489,10.25037479],[79.98567963,10.25050735],[79.98566437,10.25064087],[79.98565674,10.25077438],[79.98564911,10.25090694],[79.98564148,10.25104046],[79.98562622,10.25117397],[79.98562622,10.25130749],[79.98562622,10.251441],[79.98562622,10.25157452],[79.98561859,10.25170803],[79.98561096,10.25184155],[79.98561096,10.25197315],[79.98560333,10.25210667],[79.98560333,10.25224018],[79.98560333,10.2523737],[79.98560333,10.25250721],[79.9855957,10.25264072],[79.9855957,10.25277424],[79.9855957,10.25290775],[79.9855957,10.25304127],[79.9855957,10.25317478],[79.9855957,10.2533083],[79.9855957,10.25344181],[79.9855957,10.25357533],[79.9855957,10.25370884],[79.9855957,10.25384235],[79.9855957,10.25397587],[79.9855957,10.25410938],[79.9855957,10.2542429],[79.9855957,10.25437641],[79.9855957,10.25450897],[79.9855957,10.25464249],[79.9855957,10.254776],[79.9855957,10.25490952],[79.9855957,10.25504303],[79.9855957,10.25517654],[79.98560333,10.25531006],[79.98560333,10.25544357],[79.98560333,10.25557709],[79.98560333,10.2557106],[79.98560333,10.25584412],[79.98560333,10.25597763],[79.98560333,10.25611115],[79.98560333,10.25624466],[79.98560333,10.25637817],[79.98560333,10.25651169],[79.98560333,10.2566452],[79.98560333,10.25677872],[79.98560333,10.25691223],[79.98560333,10.25704575],[79.98560333,10.25717926],[79.98560333,10.25731277],[79.98560333,10.25744534],[79.98560333,10.25757885],[79.98560333,10.25771236],[79.98560333,10.25784588],[79.98560333,10.25797939],[79.98560333,10.25811291],[79.98560333,10.25824642],[79.98560333,10.25837994],[79.98560333,10.25851345],[79.98560333,10.25864697],[79.98560333,10.25878048],[79.98560333,10.25891399],[79.98560333,10.25904751],[79.98560333,10.25918102],[79.98560333,10.25931454],[79.98560333,10.25944805],[79.98560333,10.25958157],[79.98561096,10.25971508],[79.98561096,10.25984859],[79.98561096,10.25998211],[79.98561096,10.26011562],[79.98561859,10.26024818],[79.98561859,10.2603817],[79.98561859,10.26051521],[79.98561859,10.26064873],[79.98561859,10.26078224],[79.98561859,10.26091576],[79.98561859,10.26104927],[79.98561096,10.26118279],[79.98561096,10.2613163],[79.98561096,10.26144981],[79.98560333,10.26158333],[79.98560333,10.26171684],[79.9855957,10.26185036],[79.9855957,10.26198387],[79.98558044,10.26211739],[79.98557281,10.2622509],[79.98557281,10.26238346],[79.98556519,10.26251602],[79.98556519,10.26264954],[79.98556519,10.26278305],[79.98556519,10.26291656],[79.98556519,10.26305008],[79.98557281,10.26318359],[79.98558044,10.26331711],[79.9855957,10.26345062],[79.98560333,10.26358414],[79.98561859,10.2637167],[79.98564148,10.26384926],[79.98566437,10.26398087],[79.98567963,10.26411247],[79.98571777,10.26424313],[79.98575592,10.26437187],[79.98579407,10.26449871],[79.98583221,10.2646265],[79.98587036,10.26475334],[79.98591614,10.26488018],[79.98595428,10.26500797],[79.98600006,10.26513386],[79.98605347,10.26525784],[79.98609924,10.26538086],[79.98615265,10.26550293],[79.98620605,10.265625],[79.98625946,10.26574993],[79.98631287,10.26587296],[79.98635864,10.26599693],[79.98641968,10.26611805],[79.98647308,10.26623821],[79.98653412,10.26635838],[79.98658752,10.26647663],[79.98665619,10.26659679],[79.98671722,10.26671696],[79.98677063,10.26683712],[79.98683167,10.26695728],[79.98688507,10.26707649],[79.98694611,10.2671957],[79.98701477,10.26731396],[79.98707581,10.26743126],[79.98714447,10.26754856],[79.98721313,10.26766491],[79.98727417,10.2677803],[79.98734283,10.26789665],[79.9874115,10.26801109],[79.98748016,10.26812553],[79.98754883,10.26823997],[79.98762512,10.26835442],[79.98768616,10.2684679],[79.98775482,10.26858234],[79.98783112,10.26869678],[79.98789978,10.26881027],[79.98797607,10.26892376],[79.98804474,10.26903534],[79.98812103,10.26914597],[79.98819733,10.26925564],[79.98828125,10.2693634],[79.98834991,10.26947212],[79.98843384,10.26958275],[79.98851013,10.26969242],[79.98858643,10.26980019],[79.98866272,10.26990604],[79.98875427,10.27000713],[79.98884583,10.27010727],[79.98893738,10.27020836],[79.98901367,10.27031231],[79.98910522,10.27041531],[79.98919678,10.27051735],[79.98928833,10.27061462],[79.98937225,10.27070904],[79.98947144,10.27080059],[79.98957062,10.27089405],[79.9896698,10.27098846],[79.98976135,10.27108383],[79.98986053,10.27117825],[79.98995209,10.27127171],[79.99005127,10.27136421],[79.99015045,10.27145672],[79.99024963,10.27154732],[79.99034882,10.27163982],[79.990448,10.27173233],[79.99054718,10.27182579],[79.9906311,10.27192116],[79.99072266,10.27201843],[79.99082184,10.27211666],[79.99090576,10.2722168],[79.99098969,10.27231979],[79.99107361,10.2724247],[79.99115753,10.27253151],[79.99123383,10.27264118],[79.99131012,10.27275085],[79.99138641,10.27286148],[79.99146271,10.27297211],[79.991539,10.27308273],[79.9916153,10.27319241],[79.99169159,10.27330303],[79.99176788,10.2734127],[79.99183655,10.27352428],[79.99192047,10.27363491],[79.99198914,10.27374649],[79.99207306,10.27385426],[79.99214935,10.27395821],[79.99224091,10.27405548],[79.99234009,10.27414989],[79.99243927,10.27424431],[79.99253082,10.27434254],[79.99262238,10.27444077],[79.9927063,10.27453804],[79.99280548,10.27463245],[79.99290466,10.27472591],[79.99300385,10.27481842],[79.99310303,10.27491188],[79.99319458,10.27500725],[79.99328613,10.27510643],[79.99336243,10.27521133],[79.99343872,10.27532196],[79.99349976,10.27544022],[79.99355316,10.27556133],[79.99360657,10.27568626],[79.99365234,10.2758131],[79.99369812,10.27593994],[79.9937439,10.27606678],[79.9937973,10.27619171],[79.99383545,10.2763176],[79.9938736,10.27644444],[79.99391937,10.27657127],[79.99395752,10.27669907],[79.9940033,10.27682495],[79.9940567,10.27694798],[79.99411011,10.27707005],[79.99417114,10.2771883],[79.99423218,10.27730751],[79.99429321,10.27742672],[79.99435425,10.27754688],[79.99441528,10.27766609],[79.99446869,10.27778625],[79.99452972,10.27790737],[79.99458313,10.27802849],[79.99463654,10.27815151],[79.99469757,10.27827644],[79.99472809,10.27840328],[79.99476624,10.27853203],[79.99478149,10.27866364],[79.99480438,10.27879715],[79.99481201,10.27893162],[79.99480438,10.27906609],[79.99479675,10.27920055],[79.99477386,10.27933407],[79.99475861,10.27946663],[79.99472809,10.27959633],[79.9947052,10.27972794],[79.99467468,10.27985764],[79.99465179,10.27998924],[79.99462891,10.2801199],[79.99460602,10.28025246],[79.99458313,10.28038406],[79.99456787,10.28051662],[79.99454498,10.28064728],[79.99452209,10.28077984],[79.99449921,10.28091145],[79.99447632,10.28104305],[79.99446106,10.28117561],[79.9944458,10.28130817],[79.99443054,10.28144073],[79.99441528,10.28157425],[79.99440765,10.28170586],[79.9943924,10.28183937],[79.99437714,10.28197193],[79.99436951,10.28210449],[79.99435425,10.28223801],[79.99435425,10.28237152],[79.99434662,10.28250504],[79.99433136,10.28263855],[79.99433136,10.28277206],[79.99432373,10.28290558],[79.99432373,10.28303909],[79.9943161,10.28317165],[79.9943161,10.28330517],[79.99430847,10.28343773],[79.99430847,10.28357124],[79.99430084,10.28370476],[79.99430084,10.28383827]]]},"source_id":"incois_wfs","acquired_at":"2026-08-31T18:05:40.682931+00:00"},{"type":"Feature","feature_key":"212017f34b973ec3","properties":{"FNODE_":1517,"TNODE_":1512,"LPOLY_":1,"RPOLY_":1,"LENGTH":0.0669898,"BATHMETRY_":1333,"BATHMETRY1":10,"BATHMETR_1":10,"BATHYLABEL":""},"geometry":{"type":"MultiLineString","coordinates":[[[80.02194977,10.17814255],[80.02199554,10.17826939],[80.02203369,10.17839622],[80.02207947,10.17852306],[80.02212524,10.1786499],[80.02217102,10.17877674],[80.02220154,10.17890358],[80.02224731,10.17902946],[80.02229309,10.1791563],[80.02233887,10.17928219],[80.02238464,10.17940617],[80.02243805,10.1795311],[80.02248383,10.17965603],[80.0225296,10.17978096],[80.02257538,10.17990685],[80.02262115,10.18003273],[80.0226593,10.18015957],[80.02270508,10.18028641],[80.02274323,10.18041325],[80.022789,10.18053913],[80.02283478,10.18066597],[80.02288055,10.18079281],[80.02291107,10.18091965],[80.02295685,10.18104744],[80.02298737,10.18117619],[80.02302551,10.18130684],[80.0230484,10.18143654],[80.02307892,10.18156719],[80.02310181,10.18169975],[80.02313232,10.18183041],[80.02314758,10.18196297],[80.02315521,10.18209648],[80.0231781,10.18222904],[80.02318573,10.18236256],[80.02319336,10.18249607],[80.02319336,10.18262959],[80.02319336,10.1827631],[80.02319336,10.18289661],[80.02318573,10.18303013],[80.0231781,10.18316364],[80.02316284,10.1832962],[80.02316284,10.18342972],[80.02315521,10.18356228],[80.02314758,10.18369579],[80.02313995,10.18382931],[80.02313232,10.18396187],[80.02311707,10.18409538],[80.02311707,10.1842289],[80.02310944,10.18436241],[80.02310944,10.18449593],[80.02310944,10.18462944],[80.02310944,10.18476295],[80.02310944,10.18489647],[80.02310944,10.18502998],[80.02310944,10.18516445],[80.02311707,10.18529701],[80.02313995,10.18542957],[80.02315521,10.18556118],[80.02318573,10.18569183],[80.02320862,10.18582439],[80.02323151,10.18595695],[80.02324677,10.18608856],[80.02326965,10.18621922],[80.02330017,10.18634987],[80.02333832,10.18647766],[80.02338409,10.18660641],[80.02341461,10.1867342],[80.02345276,10.18686199],[80.02349091,10.18699169],[80.02352142,10.18712044],[80.02355957,10.18724918],[80.02359009,10.18737984],[80.02361298,10.18751144],[80.02364349,10.1876421],[80.02365875,10.18777466],[80.02367401,10.18790722],[80.02368927,10.18804073],[80.0236969,10.18817425],[80.0236969,10.18830872],[80.02368927,10.18844223],[80.02367401,10.18857574],[80.02365875,10.18870831],[80.02364349,10.18884087],[80.02361298,10.18897152],[80.02359009,10.18910217],[80.02355194,10.18923092],[80.02351379,10.18935871],[80.02346802,10.1894865],[80.02342987,10.18961334],[80.02338409,10.18973923],[80.02333832,10.18986416],[80.02329254,10.18998814],[80.02323914,10.19011307],[80.02319336,10.190238],[80.02313995,10.19036198],[80.02309418,10.19048786],[80.0230484,10.1906147],[80.02301025,10.19074154],[80.02296448,10.19086838],[80.02292633,10.19099426],[80.02288055,10.1911211],[80.02284241,10.19124794],[80.02279663,10.19137478],[80.02275848,10.19150257],[80.02272797,10.19163132],[80.02268982,10.19176102],[80.0226593,10.19189072],[80.02263641,10.19202137],[80.02259827,10.19215202],[80.02257538,10.19228268],[80.02254486,10.19241333],[80.02252197,10.19254398],[80.02249146,10.19267559],[80.0224762,10.19280624],[80.02244568,10.19293785],[80.02240753,10.19306755],[80.02238464,10.19319725],[80.02233887,10.19332504],[80.02230072,10.19345284],[80.0222702,10.19358063],[80.02223206,10.19370842],[80.02219391,10.19383907],[80.02215576,10.19396782],[80.02213287,10.19409943],[80.02210236,10.19423008],[80.0220871,10.19436264],[80.02207184,10.1944952],[80.02204895,10.19462776],[80.02204132,10.19476128],[80.02204132,10.19489479],[80.02204132,10.19502831],[80.02204895,10.19516182],[80.02204895,10.19529533],[80.02204895,10.19542885],[80.02204895,10.19556236],[80.02204895,10.19569588],[80.02204895,10.19582939],[80.02206421,10.19596291],[80.02207184,10.19609642],[80.02207947,10.19622803],[80.02207947,10.19636154],[80.0220871,10.19649506],[80.0220871,10.19662857],[80.02207947,10.19676208],[80.02207947,10.1968956],[80.02207184,10.19702911],[80.02207184,10.19716263],[80.02207184,10.19729614],[80.02206421,10.19742966],[80.02204895,10.19756317],[80.02204132,10.19769573],[80.02202606,10.19782829],[80.02201843,10.19796181],[80.02199554,10.19809437],[80.02198792,10.19822788],[80.02197266,10.19835949],[80.02194977,10.19849205],[80.02193451,10.19862461],[80.02191925,10.19875622],[80.02188873,10.19888687],[80.02186584,10.19901848],[80.02183533,10.19915009],[80.02181244,10.19928074],[80.02178192,10.19941139],[80.0217514,10.19954205],[80.02172852,10.1996727],[80.021698,10.1998024],[80.02167511,10.19993305],[80.02163696,10.20006371],[80.02161407,10.20019436],[80.02158356,10.20032406],[80.02156067,10.20045471],[80.02152252,10.20058441],[80.021492,10.20071507],[80.02146912,10.20084476],[80.02143097,10.20097542],[80.02140808,10.20110512],[80.02137756,10.20123672],[80.02134705,10.20136833],[80.02132416,10.20149803],[80.02129364,10.20162964],[80.02127075,10.20176029],[80.02125549,10.20189095],[80.02122498,10.2020216],[80.02119446,10.20215321],[80.0211792,10.20228577],[80.02115631,10.20241737],[80.02112579,10.20254803],[80.02111053,10.20267963],[80.02108002,10.20281124],[80.02105713,10.20294189],[80.02102661,10.20307255],[80.02100372,10.2032032],[80.02097321,10.20333481],[80.02094269,10.20346451],[80.0209198,10.20359516],[80.02088165,10.20372486],[80.02085876,10.20385456],[80.02082062,10.20398426],[80.02078247,10.20411301],[80.02075195,10.20424271],[80.02071381,10.2043705],[80.02067566,10.20449829],[80.02062988,10.20462608],[80.02059937,10.20475388],[80.02055359,10.20488071],[80.02051544,10.20501041],[80.02047729,10.20513916],[80.02045441,10.20526791],[80.02042389,10.20539951],[80.020401,10.20553112],[80.02037811,10.20566177],[80.02035522,10.20579338],[80.02032471,10.20592403],[80.02030182,10.20605564],[80.02027893,10.20618725],[80.02025604,10.2063179],[80.02024841,10.20645142],[80.02022552,10.20658398],[80.0202179,10.20671654],[80.02021027,10.2068491],[80.02019501,10.20698166],[80.02017975,10.20711517],[80.02016449,10.2072506],[80.02014923,10.20738602],[80.02011871,10.20752048],[80.02009583,10.20765305],[80.02005005,10.20778179],[80.02000427,10.20790386],[80.01992798,10.20801735],[80.01985168,10.2081213],[80.01976013,10.20821571],[80.01965332,10.2083025],[80.01954651,10.2083807],[80.01942444,10.20845222],[80.01930237,10.20851803],[80.0191803,10.20857525],[80.01905823,10.20862961],[80.01893616,10.20868015],[80.01880646,10.20872688],[80.01868439,10.20877361],[80.01855469,10.20882607],[80.01844025,10.20888805],[80.01832581,10.20896244],[80.01822662,10.20904827],[80.01812744,10.20913792],[80.01802063,10.20922756],[80.01792145,10.20931435],[80.01781464,10.20939732],[80.0177002,10.20947647],[80.01758575,10.20955276],[80.01747131,10.20962238],[80.01734161,10.20968246],[80.01721954,10.2097311],[80.01708984,10.20976448],[80.01696014,10.2097826],[80.01682281,10.20978165],[80.01668549,10.2097683],[80.01655579,10.20975018],[80.01641846,10.20973206],[80.01628113,10.2097187],[80.01615143,10.20971012],[80.0160141,10.20970821],[80.01587677,10.20971012],[80.01574707,10.20971489],[80.01560974,10.20971489],[80.01547241,10.20970821],[80.01534271,10.20969868],[80.01520538,10.20969868],[80.01506805,10.2097187],[80.01495361,10.20976543],[80.01483154,10.20982933],[80.01470947,10.20989609],[80.0145874,10.20995331],[80.0144577,10.21000576],[80.01434326,10.21006393],[80.01423645,10.21013832],[80.0141449,10.21023369],[80.01407623,10.21034622],[80.01402283,10.21047306],[80.01397705,10.21060658],[80.01394653,10.21074581],[80.01392365,10.21088409],[80.01390076,10.21101856],[80.0138855,10.21115017],[80.01387787,10.21128178],[80.01385498,10.21141338],[80.01384735,10.2115469],[80.01383209,10.21167946],[80.0138092,10.21181107],[80.01378632,10.21194172],[80.01374817,10.21207142],[80.01371765,10.21220112],[80.01368713,10.21233082],[80.01365662,10.21246243],[80.0136261,10.21259117],[80.01358795,10.21271992],[80.01354218,10.21284485],[80.01348877,10.21296787],[80.01343536,10.21308804],[80.0133667,10.21320534],[80.01329041,10.21331978],[80.01322174,10.21343136],[80.01313782,10.21354008],[80.01306152,10.21364594],[80.01296997,10.21374798],[80.01287842,10.21384716],[80.01277924,10.21394253],[80.01268005,10.21403313],[80.01258087,10.21411896],[80.01247406,10.21420002],[80.01236725,10.21427727],[80.01226044,10.21435642],[80.01215363,10.21443748],[80.01203918,10.21452045],[80.01193237,10.21459866],[80.01181793,10.21467209],[80.01170349,10.21473789],[80.01158142,10.21479893],[80.01145935,10.21486092],[80.01134491,10.21492481],[80.01122284,10.21499157],[80.0111084,10.21505642],[80.01098633,10.21511173],[80.01085663,10.21515656],[80.0107193,10.21518803],[80.01058197,10.21520519],[80.01044464,10.21520519],[80.01030731,10.21518993],[80.01017761,10.21515465],[80.01005554,10.21509838],[80.0099411,10.21503067],[80.00982666,10.21495819],[80.00970459,10.21488953],[80.00959015,10.21482563],[80.00947571,10.21476173],[80.00935364,10.21468735],[80.00925446,10.21459866],[80.00917053,10.21450043],[80.00907898,10.21440029],[80.00898743,10.21430206],[80.00888824,10.21420765],[80.00879669,10.21411228],[80.00871277,10.2140131],[80.00862122,10.2139082],[80.00853729,10.21380043],[80.00846863,10.21369171],[80.0083847,10.21358395],[80.00830841,10.21347809],[80.00821686,10.21337414],[80.00812531,10.21327496],[80.00803375,10.21317863],[80.00794983,10.21308041],[80.00785828,10.21297836],[80.00776672,10.21287155],[80.00767517,10.21277046],[80.00757599,10.21268368],[80.00746918,10.21261978],[80.00734711,10.21256924],[80.00721741,10.21252155],[80.00709534,10.21246433],[80.00696564,10.21240139],[80.00684357,10.21234322],[80.0067215,10.21230793],[80.0065918,10.21229935],[80.00645447,10.21230888],[80.00631714,10.21232128],[80.00617981,10.21232414],[80.00604248,10.21231842],[80.00590515,10.21231842],[80.00577545,10.21233749],[80.00565338,10.21238327],[80.00553894,10.21244621],[80.00540924,10.21251678],[80.0052948,10.21257877],[80.00517273,10.21263599],[80.00504303,10.21269226],[80.00493622,10.21276188],[80.00483704,10.21284485],[80.00474548,10.21294308],[80.00466919,10.21304989],[80.0045929,10.21316338],[80.0045166,10.21327972],[80.00444031,10.21339512],[80.00436401,10.21350765],[80.00428009,10.21361446],[80.00418854,10.21371555],[80.00410461,10.21381283],[80.00400543,10.21390629],[80.00390625,10.21399498],[80.00379181,10.21408081],[80.00370026,10.21416378],[80.00358582,10.21424389],[80.003479,10.2143259],[80.00337219,10.21440601],[80.00326538,10.21448517],[80.00315857,10.21456718],[80.00305176,10.21464825],[80.00294495,10.21473026],[80.00283051,10.21481133],[80.00272369,10.21489429],[80.00262451,10.21497536],[80.0025177,10.21505737],[80.00241089,10.21513748],[80.00230408,10.21521759],[80.00219727,10.2152977],[80.00209045,10.21537685],[80.00198364,10.21545601],[80.0018692,10.21553421],[80.00175476,10.21561337],[80.00164795,10.21569061],[80.00154114,10.21576595],[80.0014267,10.21583843],[80.00131226,10.21591091],[80.00119781,10.21598339],[80.00108337,10.21605492],[80.00097656,10.21612835],[80.00085449,10.21620274],[80.00074768,10.21627903],[80.00064087,10.21635532],[80.00052643,10.21643162],[80.00041962,10.216506],[80.00029755,10.21657944],[80.00019073,10.21665478],[80.00008392,10.21673298],[79.99997711,10.21681404],[79.9998703,10.21690083],[79.99977112,10.21698952],[79.99967194,10.21708298],[79.99958038,10.21718121],[79.99948883,10.21728134],[79.99941254,10.21738434],[79.99932861,10.2174902],[79.99923706,10.21759701],[79.99916077,10.21770287],[79.99907684,10.21780682],[79.99900055,10.21791172],[79.99891663,10.21801853],[79.9988327,10.21812725],[79.99876404,10.21823883],[79.99868011,10.21835041],[79.99861145,10.21846199],[79.99854279,10.21857452],[79.99846649,10.21868515],[79.9983902,10.21879196],[79.99829865,10.21889496],[79.99819946,10.21899223],[79.99810028,10.21908283],[79.99799347,10.21916771],[79.99788666,10.219244],[79.99776459,10.21931362],[79.99765015,10.21937084],[79.99752045,10.21942234],[79.99739838,10.21946812],[79.99726105,10.21951008],[79.99713898,10.21955395],[79.99700928,10.21960258],[79.99689484,10.21966171],[79.99678802,10.21973515],[79.99668121,10.21981907],[79.99658203,10.21991253],[79.99649048,10.22001076],[79.99639893,10.22011185],[79.996315,10.22021294],[79.99621582,10.22031021],[79.99611664,10.22040367],[79.99602509,10.22049618],[79.9959259,10.22059059],[79.99583435,10.22068691],[79.99573517,10.22078419],[79.99563599,10.22087288],[79.99552917,10.22095203],[79.99541473,10.22101974],[79.99529266,10.22108364],[79.99517822,10.22114563],[79.99505615,10.22121143],[79.99494934,10.22127914],[79.99482727,10.22134781],[79.99471283,10.22142029],[79.99459839,10.22149372],[79.99448395,10.22157192],[79.99437714,10.22165394],[79.99427795,10.22174168],[79.99417877,10.22183514],[79.99409485,10.22193623],[79.99401093,10.22204399],[79.99394989,10.22215843],[79.9938736,10.22227764],[79.99382019,10.22240067],[79.99377441,10.2225275],[79.99373627,10.22265625],[79.99370575,10.222785],[79.9936676,10.22291565],[79.99364471,10.22304535],[79.99360657,10.223176],[79.99358368,10.22330379],[79.99354553,10.22343349],[79.99350739,10.22356224],[79.9934845,10.22369385],[79.99346161,10.22382641]]]},"source_id":"incois_wfs","acquired_at":"2026-08-31T18:05:40.682931+00:00"},{"type":"Feature","feature_key":"f99d6aa36f570935","properties":{"FNODE_":1518,"TNODE_":1366,"LPOLY_":1,"RPOLY_":1,"LENGTH":1.00176,"BATHMETRY_":1334,"BATHMETRY1":50,"BATHMETR_1":50,"BATHYLABEL":""},"geometry":{"type":"MultiLineString","coordinates":[[[80.39655304,10.15467262],[80.39583588,10.1550293],[80.39476013,10.15716553],[80.39385986,10.15858936],[80.39295959,10.16036987],[80.39224243,10.16108131],[80.39152527,10.16232777],[80.39098358,10.1637516],[80.39026642,10.16481972],[80.38972473,10.16535378],[80.38883209,10.16713428],[80.38829041,10.1682024],[80.38774872,10.1694479],[80.38685608,10.17122841],[80.38595581,10.17283058],[80.38469696,10.17496586],[80.38379669,10.17656803],[80.38289642,10.17745876],[80.38236237,10.17941666],[80.3814621,10.18084049],[80.38074493,10.18208599],[80.38002777,10.18315411],[80.37984467,10.18297672],[80.37930298,10.18368816],[80.37805176,10.185112],[80.37715149,10.18653679],[80.37643433,10.18796062],[80.37535095,10.18920612],[80.37481689,10.18991852],[80.37355804,10.19152069],[80.37319946,10.19312286],[80.37265778,10.19436836],[80.37175751,10.19597054],[80.37139893,10.19828415],[80.37085724,10.19988632],[80.37049866,10.20148849],[80.3699646,10.20362377],[80.36923981,10.20576],[80.36816406,10.20647144],[80.3674469,10.20789528],[80.36637115,10.20860767],[80.3649292,10.20825195],[80.36331177,10.20842934],[80.36133575,10.20807362],[80.35990143,10.2070055],[80.35845947,10.20647144],[80.35666656,10.20504761],[80.35433197,10.20487022],[80.35145569,10.20469189],[80.34893799,10.20540428],[80.34786224,10.20629406],[80.34660339,10.20718384],[80.34552765,10.20878601],[80.34444427,10.21109962],[80.34318542,10.21341324],[80.34210968,10.21448135],[80.34031677,10.2182188],[80.33851624,10.22071075],[80.33708191,10.22284603],[80.33582306,10.22373581],[80.33618164,10.22426987],[80.33473969,10.22605038],[80.33330536,10.22729588],[80.33204651,10.22925377],[80.33061218,10.2306776],[80.32971191,10.23210144],[80.32881165,10.23281288],[80.32809448,10.23441505],[80.32683563,10.23566055],[80.32611847,10.23655033],[80.32485962,10.23797417],[80.32378387,10.23904228],[80.32270813,10.24028778],[80.32180786,10.2413559],[80.32072449,10.24171162],[80.31983185,10.24242306],[80.31910706,10.24295712],[80.31767273,10.24384689],[80.31659698,10.24491501],[80.31497955,10.24580479],[80.31300354,10.2468729],[80.31174469,10.24758434],[80.31048584,10.24847412],[80.30922699,10.24918652],[80.30815125,10.24989796],[80.30653381,10.25043201],[80.30527496,10.25132179],[80.30311584,10.25274563],[80.30222321,10.25363541],[80.30024719,10.25505924],[80.29880524,10.25630474],[80.29772949,10.25790596],[80.2953949,10.25879574],[80.29305267,10.26004219],[80.29180145,10.26128769],[80.29071808,10.26235485],[80.28964233,10.26342297],[80.28856659,10.26449108],[80.2878418,10.26573658],[80.28676605,10.26680374],[80.28569031,10.26787186],[80.28514862,10.26876163],[80.28479004,10.26947308],[80.28424835,10.27054119],[80.28353119,10.27160835],[80.28263092,10.2728548],[80.28209686,10.2741003],[80.2813797,10.27516747],[80.28047943,10.27694702],[80.27993774,10.27837086],[80.27939606,10.2790823],[80.278862,10.28050613],[80.27832031,10.28157425],[80.27724457,10.28246403],[80.2765274,10.28370953],[80.27562714,10.28442097],[80.27472687,10.28531075],[80.2740097,10.28637886],[80.27329254,10.28673458],[80.27185059,10.28780174],[80.27059174,10.28869152],[80.26879883,10.28940392],[80.26772308,10.29011536],[80.26592255,10.2908268],[80.26412964,10.29100513],[80.26251221,10.29189491],[80.26089478,10.29278469],[80.25963593,10.29367447],[80.25730133,10.29438591],[80.25621796,10.29509735],[80.25495911,10.29652119],[80.25298309,10.29794407],[80.25172424,10.29901218],[80.25100708,10.30007935],[80.24974823,10.30096912],[80.24849701,10.30239296],[80.2481308,10.30363846],[80.24723816,10.30452824],[80.24669647,10.30541801],[80.24543762,10.30666351],[80.24436188,10.30737495],[80.24291992,10.31022167],[80.2416687,10.31217957],[80.24076843,10.31395817],[80.23950958,10.31573772],[80.23860931,10.31716061],[80.23770905,10.31894016],[80.23717499,10.3208971],[80.23555756,10.32356644],[80.23501587,10.32534599],[80.23394012,10.32748032],[80.23322296,10.32943726],[80.23232269,10.33121681],[80.23213959,10.33210659],[80.23106384,10.33441925],[80.23070526,10.33619881],[80.23052216,10.33851147],[80.22980499,10.34046841],[80.22908783,10.34260368],[80.22837067,10.34402657],[80.22801208,10.34544945],[80.22728729,10.34705067],[80.22675323,10.34900761],[80.22585297,10.35078716],[80.22477722,10.35292244],[80.2249527,10.35381126],[80.22441864,10.35647964],[80.22369385,10.35897064],[80.2226181,10.36199474],[80.22171783,10.36484146],[80.2208252,10.3667984],[80.2201004,10.36964417],[80.21974182,10.371068],[80.21902466,10.37338066],[80.21794891,10.37551498],[80.21740723,10.37676048],[80.21669006,10.37853909],[80.21561432,10.3801403],[80.21453094,10.3813858],[80.21381378,10.38369846],[80.21309662,10.38494301],[80.21183777,10.38636589],[80.21112061,10.38885689],[80.21040344,10.39010143],[80.21076202,10.38974571],[80.20986176,10.39134693],[80.20914459,10.39276981],[80.2084198,10.39419365],[80.20734406,10.39614964],[80.20644379,10.3972168],[80.20536804,10.39988518],[80.20482635,10.40059662],[80.20410919,10.40166378],[80.20320892,10.40290928],[80.20213318,10.40486622],[80.20159149,10.4062891],[80.20034027,10.4080677],[80.19961548,10.40931225],[80.19889832,10.41002464],[80.19799805,10.4110918],[80.19710541,10.41198063],[80.19602203,10.41322613],[80.19458771,10.41411495],[80.19315338,10.41518211],[80.19189453,10.41678333],[80.19045258,10.41767216],[80.18955231,10.41891766],[80.18830109,10.41980743],[80.1877594,10.42211914],[80.18704224,10.42407608],[80.18595886,10.42638779],[80.18488312,10.42923355],[80.18380737,10.43119049],[80.18254852,10.43279076],[80.18164825,10.43421364],[80.18021393,10.43617058],[80.17967224,10.43741512],[80.17913055,10.43954945],[80.17913055,10.44132805],[80.17913055,10.44399548],[80.17913055,10.4461298],[80.17913055,10.44844246],[80.17877197,10.45022106],[80.17823792,10.45253277],[80.17715454,10.45626736],[80.1760788,10.45893478],[80.17481995,10.46106911],[80.17320251,10.46320343],[80.17230988,10.46462631],[80.17069244,10.46622658],[80.16943359,10.4683609],[80.1687088,10.46907234],[80.16727448,10.47102833],[80.16601563,10.47245121],[80.16511536,10.47476292],[80.16368103,10.4767189],[80.16296387,10.47760773],[80.16170502,10.47974205],[80.16044617,10.48187637],[80.15937042,10.48383236],[80.15882874,10.48561096],[80.1572113,10.48756695],[80.15666962,10.48845577],[80.15577698,10.49076748],[80.15559387,10.49343491],[80.15433502,10.49467945],[80.15307617,10.49752522],[80.15235901,10.4994812],[80.15145874,10.50125885],[80.1505661,10.50321484],[80.14984894,10.5048151],[80.14894867,10.50677109],[80.14840698,10.50748253],[80.14768982,10.50979424],[80.14697266,10.51228333],[80.14607239,10.51477337],[80.14535522,10.51637363],[80.14517212,10.51868439],[80.14427185,10.51975155],[80.14355469,10.52135181],[80.14283752,10.5227747],[80.14193726,10.52437496],[80.1414032,10.52597523],[80.14103699,10.52846432],[80.14067841,10.52917576],[80.13924408,10.53148651],[80.13870239,10.53290939],[80.13798523,10.53504276],[80.13744354,10.53717613],[80.13672638,10.53842068],[80.13619232,10.53966522],[80.13546753,10.54179859],[80.13529205,10.54357719],[80.13439178,10.54517746],[80.1338501,10.54695511],[80.13259888,10.54855537],[80.13187408,10.55122185],[80.13098145,10.55282211],[80.12989807,10.5547781],[80.1289978,10.55691147],[80.12810516,10.5583334],[80.12756348,10.55957794],[80.127388,10.56046677],[80.12594604,10.56206703],[80.12432861,10.56491184],[80.12306976,10.5672226],[80.12253571,10.56828976],[80.12163544,10.57042313],[80.12091827,10.57131195],[80.12019348,10.57380009],[80.11947632,10.57557869],[80.11894226,10.57771206],[80.11821747,10.5807333],[80.11785889,10.58286667],[80.11750031,10.58482265],[80.11678314,10.58677769],[80.11624146,10.58891106],[80.11606598,10.59104443],[80.11588287,10.59282207],[80.11552429,10.59619999],[80.11516571,10.59904385],[80.11480713,10.60028839],[80.11444855,10.60171032],[80.11390686,10.60402107],[80.11354828,10.60686493],[80.11283112,10.60935402],[80.11247253,10.61184216],[80.11211395,10.61415291],[80.11138916,10.61699677],[80.1108551,10.61930752],[80.11013794,10.6212635],[80.10923767,10.62392902],[80.10852051,10.62677288],[80.10797882,10.62872887],[80.10797882,10.63103962],[80.10726166,10.63192749],[80.10726166,10.63459396],[80.10743713,10.63726044],[80.1081543,10.63957119],[80.10887909,10.64170361],[80.10959625,10.64401436],[80.11049652,10.64614677],[80.11103058,10.64952374],[80.11103058,10.65183449],[80.1108551,10.65378952],[80.11013794,10.65521145],[80.10887909,10.65823269],[80.10779572,10.66107655],[80.10707855,10.66391945],[80.10671997,10.66605282],[80.10636139,10.66818523],[80.10600281,10.67014027],[80.10546112,10.67245007],[80.10456085,10.6744051],[80.10384369,10.67582703],[80.10330963,10.67778206],[80.10330963,10.68009186],[80.10384369,10.68293571],[80.10348511,10.68417931],[80.10402679,10.68631268],[80.10420227,10.68879986],[80.10474396,10.69128799],[80.10510254,10.69306469],[80.1058197,10.69555283],[80.10636139,10.69661903],[80.10743713,10.69946289],[80.10797882,10.70159531],[80.1083374,10.70408249],[80.10797882,10.70657063],[80.10707855,10.70994663],[80.10617828,10.71296787],[80.1058197,10.71527767],[80.10420227,10.71794319],[80.10402679,10.72060871],[80.10294342,10.72291851],[80.10240936,10.72487259],[80.10186768,10.72629452],[80.10132599,10.72771549],[80.10115051,10.72984791],[80.10025024,10.7334013],[80.0991745,10.73553371],[80.09899139,10.73713303],[80.09809875,10.7390871],[80.09773254,10.74033165],[80.09701538,10.74264145],[80.09648132,10.74459553],[80.09611511,10.74708271],[80.09611511,10.7483263],[80.09558105,10.74957085],[80.09558105,10.75045872],[80.09503937,10.75330162],[80.09486389,10.75543308],[80.0943222,10.75774288],[80.0943222,10.7598753],[80.09468079,10.76253986],[80.09468079,10.76467228],[80.09539795,10.76698208],[80.09558105,10.76946926],[80.09611511,10.77177906],[80.09629822,10.77479839],[80.09629822,10.77622032],[80.09558105,10.77888489],[80.09522247,10.78030586],[80.09449768,10.78208256],[80.09396362,10.78385925],[80.09288788,10.78528023],[80.09270477,10.78616905],[80.09198761,10.78759003],[80.09127045,10.78918839],[80.09018707,10.79043198],[80.0892868,10.7918539],[80.08803558,10.79327488],[80.08695221,10.79469585],[80.08587646,10.79611683],[80.08461761,10.79789352],[80.08371735,10.79895973],[80.08300018,10.80073547],[80.08209991,10.8016243],[80.08066559,10.80375576],[80.07976532,10.80570984],[80.07850647,10.8073082],[80.07797241,10.80872917],[80.07743073,10.80943966],[80.07653046,10.81174946],[80.0759964,10.81423664],[80.0759964,10.81654549],[80.07563782,10.81832218],[80.07509613,10.82098579],[80.07473755,10.8238287],[80.07402039,10.82684803],[80.07419586,10.82933521],[80.07402039,10.83075619],[80.07402039,10.83199883],[80.07419586,10.83413029],[80.07437897,10.83750534],[80.07455444,10.84034729],[80.07473755,10.84354401],[80.07419586,10.84620857],[80.07419586,10.8486948],[80.07402039,10.85242462],[80.07293701,10.85526657],[80.07257843,10.85810852],[80.07186127,10.86148357],[80.0711441,10.8639698],[80.07060242,10.8668108],[80.07024384,10.86876488],[80.07006073,10.86965275],[80.06934357,10.87231731],[80.06826782,10.87444782],[80.06736755,10.87711239],[80.06646729,10.87959862],[80.06521606,10.88226223],[80.06503296,10.88510418],[80.0643158,10.88812256],[80.06269836,10.89025402],[80.06287384,10.89131927],[80.06215668,10.8938055],[80.06143951,10.89558125],[80.06072235,10.89806747],[80.06053925,10.9005537],[80.06036377,10.90161896],[80.06000519,10.9039278],[80.0594635,10.90605831],[80.0592804,10.90961075],[80.0592804,10.91209602],[80.0592804,10.91475964],[80.0592804,10.91760159],[80.05856323,10.92097473],[80.05730438,10.92381573],[80.05658722,10.92612457],[80.05568695,10.9286108],[80.05389404,10.93056393],[80.05227661,10.93251705],[80.05137634,10.93322659],[80.05011749,10.93500233],[80.04921722,10.9364233],[80.04759979,10.93890858],[80.04688263,10.93961906],[80.04616547,10.94174957],[80.04562378,10.94388103],[80.04508972,10.94565582],[80.04490662,10.9470768],[80.04473114,10.94938469],[80.04473114,10.9515152],[80.04454803,10.9520483],[80.04454803,10.95400143],[80.04490662,10.95666409],[80.04490662,10.95915031],[80.04508972,10.96216869],[80.04490662,10.96465397],[80.04473114,10.96696186],[80.04436493,10.96962547],[80.04383087,10.97193336],[80.04257202,10.97299862],[80.0411377,10.97424126],[80.03987885,10.97477341],[80.03897858,10.97566128],[80.03807831,10.97619438],[80.03681946,10.9776144],[80.03592682,10.97850227],[80.03556061,10.98045444],[80.03556061,10.98258495],[80.0362854,10.98507023],[80.03717804,10.98684597],[80.03862,10.98826599],[80.03933716,10.98968601],[80.04023743,10.99110699],[80.0404129,10.99288177],[80.0404129,10.99501228],[80.0404129,10.99732018],[80.03952026,10.99927235],[80.03879547,11.00122547],[80.03700256,11.00264549],[80.03574371,11.00459862],[80.03466797,11.00601864],[80.03358459,11.00726128],[80.03233337,11.00903606],[80.03143311,11.01045609],[80.03071594,11.01223183],[80.03017426,11.01365185]]]},"source_id":"incois_wfs","acquired_at":"2026-08-31T18:05:40.682931+00:00"},{"type":"Feature","feature_key":"b81770dc69c683be","properties":{"FNODE_":1520,"TNODE_":1517,"LPOLY_":1,"RPOLY_":1,"LENGTH":0.0668189,"BATHMETRY_":1335,"BATHMETRY1":10,"BATHMETR_1":10,"BATHYLABEL":""},"geometry":{"type":"MultiLineString","coordinates":[[[80.00177765,10.1171093],[80.00171661,10.11723137],[80.00166321,10.11735344],[80.0016098,10.11747456],[80.00154877,10.11759567],[80.00148773,10.11771584],[80.00143433,10.11783314],[80.00135803,10.11795044],[80.001297,10.11806583],[80.00122833,10.11818027],[80.00115204,10.11829472],[80.001091,10.11841011],[80.00102234,10.11852646],[80.00095367,10.11864376],[80.00089264,10.11876011],[80.0008316,10.11887836],[80.00077057,10.11899567],[80.0007019,10.11911678],[80.0006485,10.11923885],[80.00059509,10.11936188],[80.00054932,10.11948776],[80.0005188,10.11961555],[80.00048828,10.11974716],[80.00047302,10.11987972],[80.00045013,10.12001324],[80.0004425,10.12014771],[80.0004425,10.12028122],[80.0004425,10.12041569],[80.00045013,10.1205492],[80.00046539,10.12068272],[80.00047302,10.12081528],[80.00048065,10.12094879],[80.00049591,10.12108135],[80.00050354,10.12121487],[80.00050354,10.12134838],[80.0005188,10.1214819],[80.00052643,10.12161541],[80.00052643,10.12174797],[80.00053406,10.12188148],[80.00054169,10.122015],[80.00054932,10.12214851],[80.00054932,10.12228203],[80.00054932,10.12241554],[80.00054932,10.12254906],[80.00054932,10.12268257],[80.00054169,10.12281609],[80.00053406,10.12294865],[80.00052643,10.12308216],[80.0005188,10.12321568],[80.00049591,10.12334919],[80.00048828,10.12348175],[80.00048065,10.12361431],[80.00047302,10.12374783],[80.00046539,10.12388134],[80.00046539,10.12401581],[80.00046539,10.12415123],[80.00047302,10.12428761],[80.00048065,10.12442207],[80.00050354,10.12455463],[80.00054169,10.12468338],[80.00058746,10.12480831],[80.00064087,10.12492847],[80.0007019,10.12504482],[80.0007782,10.12516022],[80.00083923,10.12527847],[80.00090027,10.12539673],[80.00096893,10.12551403],[80.0010376,10.12562943],[80.00110626,10.12573814],[80.00119781,10.12584305],[80.00128937,10.12594318],[80.00138092,10.12603951],[80.0014801,10.12613297],[80.00157928,10.12622356],[80.0016861,10.12631035],[80.00178528,10.12639427],[80.00189209,10.12647915],[80.0019989,10.12656307],[80.00209808,10.12664604],[80.0022049,10.12673187],[80.00230408,10.12681961],[80.00240326,10.12691021],[80.00251007,10.12700367],[80.00260162,10.12710094],[80.00269318,10.12720394],[80.00276947,10.12731075],[80.00284576,10.12742233],[80.00289917,10.12754154],[80.00294495,10.12766552],[80.00297546,10.12779427],[80.00300598,10.12792683],[80.00301361,10.12806129],[80.00302124,10.12819767],[80.00302887,10.12833405],[80.00302887,10.12846851],[80.00304413,10.12860203],[80.00304413,10.12873554],[80.00304413,10.1288681],[80.00304413,10.12900162],[80.00304413,10.12913513],[80.00305176,10.12926865],[80.00305176,10.12940216],[80.00305939,10.12953568],[80.00306702,10.12966919],[80.00308228,10.12980175],[80.00309753,10.12993526],[80.00311279,10.13006783],[80.00312805,10.13020039],[80.00315857,10.13033104],[80.00317383,10.13046265],[80.00321198,10.13059425],[80.00323486,10.13072395],[80.00327301,10.13085365],[80.00331116,10.13098145],[80.0033493,10.13110924],[80.00338745,10.13123608],[80.00343323,10.13136292],[80.003479,10.1314888],[80.00352478,10.13161469],[80.00357056,10.13173962],[80.00361633,10.13186455],[80.00366211,10.13199043],[80.00370789,10.13211632],[80.00375366,10.1322422],[80.00379181,10.13236713],[80.00383759,10.13249302],[80.00388336,10.1326189],[80.00393677,10.13274479],[80.00398254,10.13286972],[80.00403595,10.13299274],[80.00410461,10.13311386],[80.00416565,10.13323212],[80.00423431,10.1333456],[80.00431824,10.13345432],[80.00439453,10.13355827],[80.00448608,10.13365746],[80.00457764,10.13375378],[80.00467682,10.13385296],[80.00475311,10.13395405],[80.00484467,10.13405514],[80.00493622,10.13415337],[80.0050354,10.13424587],[80.00513458,10.13433361],[80.00524139,10.13441944],[80.00534058,10.13450527],[80.00544739,10.13459206],[80.00554657,10.13468075],[80.00564575,10.1347723],[80.00574493,10.13486671],[80.00583649,10.13496304],[80.00592804,10.13506508],[80.00601196,10.13516808],[80.00609589,10.13527489],[80.00616455,10.13538742],[80.00623322,10.13550186],[80.00629425,10.13562202],[80.00634766,10.13574505],[80.00639343,10.13586903],[80.00643921,10.13599491],[80.00648499,10.1361227],[80.00652313,10.13624859],[80.00656891,10.13637543],[80.00661469,10.13650036],[80.00666046,10.13662624],[80.00670624,10.13675308],[80.00675201,10.13688087],[80.00679779,10.13700676],[80.00684357,10.13712978],[80.0069046,10.13724899],[80.00696564,10.13736534],[80.00704193,10.13748169],[80.00710297,10.13759804],[80.007164,10.13771534],[80.00723267,10.13783264],[80.00730133,10.13794994],[80.00736237,10.13806438],[80.00743103,10.13817978],[80.00750732,10.13829517],[80.00756836,10.13840961],[80.00763702,10.13852501],[80.00770569,10.13864231],[80.00776672,10.13876152],[80.00782013,10.13888168],[80.00788116,10.13900375],[80.00792694,10.13912678],[80.00798035,10.13925171],[80.00802612,10.13937759],[80.00806427,10.13950539],[80.00811005,10.13963223],[80.00814056,10.13976097],[80.00817871,10.13988972],[80.00821686,10.14001751],[80.008255,10.1401453],[80.00829315,10.14027405],[80.00832367,10.14040375],[80.00836182,10.14053249],[80.0083847,10.1406641],[80.00841522,10.1407938],[80.00843811,10.14092445],[80.00847626,10.14105415],[80.00850677,10.14118481],[80.00852966,10.14131451],[80.00856781,10.14144611],[80.0085907,10.14157581],[80.00862122,10.14170647],[80.0086441,10.14183617],[80.00868225,10.14196682],[80.00871277,10.14209652],[80.00874329,10.14222622],[80.00878143,10.14235497],[80.00881958,10.14248371],[80.0088501,10.1426115],[80.00888824,10.14274025],[80.00892639,10.14286804],[80.00897217,10.14299583],[80.00900269,10.14312363],[80.00904846,10.14325047],[80.00908661,10.1433773],[80.00913239,10.14350414],[80.00917053,10.14363194],[80.00921631,10.14376068],[80.00924683,10.14388847],[80.00927734,10.14401817],[80.00931549,10.14414883],[80.00933838,10.14427757],[80.00937653,10.14440823],[80.00939941,10.14453793],[80.00942993,10.14466953],[80.00945282,10.14479923],[80.00948334,10.14493179],[80.0094986,10.1450634],[80.00952911,10.14519405],[80.00954437,10.14532566],[80.00957489,10.14545727],[80.00959778,10.14558792],[80.0096283,10.14571857],[80.00965881,10.14584827],[80.00969696,10.14597893],[80.00973511,10.14610672],[80.00977325,10.14623451],[80.0098114,10.14636135],[80.00985718,10.14648724],[80.00990295,10.14661217],[80.00995636,10.14673519],[80.01000214,10.14686012],[80.01005554,10.14698505],[80.01010132,10.14710903],[80.01014709,10.14723396],[80.01019287,10.14735985],[80.01024628,10.14748573],[80.01029205,10.14761066],[80.01033783,10.1477356],[80.01038361,10.14786148],[80.01042938,10.14798737],[80.01046753,10.1481142],[80.01050568,10.14824104],[80.01055145,10.14836788],[80.0105896,10.14849567],[80.01062012,10.14862442],[80.01065826,10.14875221],[80.01070404,10.14888096],[80.01074219,10.14900875],[80.01078796,10.14913464],[80.01084137,10.14925861],[80.01088715,10.14938259],[80.01094055,10.14950466],[80.01100159,10.14962578],[80.01105499,10.14974594],[80.01111603,10.1498642],[80.01119232,10.14998055],[80.01125336,10.15009689],[80.01132202,10.15021133],[80.01139832,10.15032578],[80.01145935,10.15044022],[80.01152802,10.1505537],[80.01160431,10.15066814],[80.01167297,10.15078354],[80.01173401,10.15089703],[80.0118103,10.15100861],[80.01187897,10.15112209],[80.01195526,10.15123463],[80.01202393,10.15134907],[80.01210022,10.15146446],[80.01216888,10.1515789],[80.01223755,10.15169239],[80.01231384,10.15180492],[80.01238251,10.15191364],[80.01246643,10.15202045],[80.01255798,10.1521225],[80.01264191,10.15222359],[80.01273346,10.15232372],[80.01281738,10.15242577],[80.01290894,10.15252876],[80.01299286,10.15263081],[80.01307678,10.15273285],[80.01316833,10.15283108],[80.01326752,10.15292931],[80.01335144,10.15302658],[80.01344299,10.1531229],[80.01354218,10.15322018],[80.01363373,10.15331841],[80.01371765,10.1534214],[80.01380157,10.1535244],[80.0138855,10.15363121],[80.01396942,10.15374088],[80.01403809,10.15385246],[80.01410675,10.15396786],[80.01417542,10.15408611],[80.01422882,10.15420628],[80.01428223,10.15433025],[80.01433563,10.15445328],[80.01438141,10.1545763],[80.01443481,10.15469837],[80.01449585,10.15482044],[80.01454163,10.15494347],[80.01459503,10.15506649],[80.01464844,10.15519142],[80.01469421,10.15531445],[80.01474762,10.15543938],[80.0147934,10.15556335],[80.0148468,10.15568638],[80.01490021,10.15581036],[80.01494598,10.15593338],[80.01499939,10.15605736],[80.0150528,10.15618038],[80.01509857,10.15630531],[80.01514435,10.1564312],[80.01519012,10.15655899],[80.01522064,10.15668678],[80.01525879,10.15681648],[80.01528931,10.15694904],[80.01530457,10.1570816],[80.01531982,10.15721416],[80.01532745,10.15734768],[80.01532745,10.15748119],[80.01532745,10.15761471],[80.01531982,10.15774822],[80.01531219,10.15788174],[80.01530457,10.15801525],[80.01529694,10.15814781],[80.01528931,10.15828133],[80.01527405,10.15841389],[80.01525879,10.15854549],[80.01524353,10.15867805],[80.01522064,10.15881062],[80.01519775,10.15894318],[80.01519012,10.15907574],[80.01516724,10.1592083],[80.01515961,10.15934181],[80.01515961,10.15947533],[80.01515198,10.15960884],[80.01515198,10.15974236],[80.01514435,10.15987587],[80.01513672,10.16000938],[80.01513672,10.1601429],[80.01514435,10.16027451],[80.01515961,10.16040802],[80.01519775,10.16053963],[80.0152359,10.16066837],[80.01527405,10.16079521],[80.01532745,10.16091919],[80.01539612,10.16103935],[80.01545715,10.16115761],[80.01552582,10.16127205],[80.01559448,10.16138554],[80.01566315,10.16149998],[80.01573181,10.16161537],[80.01580048,10.16173363],[80.01585388,10.16185474],[80.01589966,10.16197968],[80.01594543,10.16210461],[80.01597595,10.16223431],[80.0160141,10.16236496],[80.01604462,10.16249657],[80.0160675,10.16262913],[80.01608276,10.16276264],[80.01610565,10.1628952],[80.01612091,10.16302776],[80.01615143,10.16315937],[80.01617432,10.16329002],[80.01620483,10.16341877],[80.01625061,10.16354561],[80.01629639,10.16367054],[80.01634979,10.16379356],[80.0164032,10.16391563],[80.01646423,10.16403389],[80.01652527,10.16415215],[80.0165863,10.16426945],[80.0166626,10.16438484],[80.01673126,10.16449928],[80.0167923,10.16461372],[80.01686859,10.16472721],[80.01693726,10.16484165],[80.01701355,10.16495705],[80.01707458,10.16507244],[80.01713562,10.1651907],[80.01719666,10.16530895],[80.01726532,10.16542912],[80.01731873,10.16554832],[80.01737976,10.16566849],[80.0174408,10.16578865],[80.0174942,10.16590977],[80.01754761,10.16603279],[80.01759338,10.16615582],[80.01764679,10.16628075],[80.01769257,10.16640663],[80.01773834,10.16653156],[80.01778412,10.16665745],[80.0178299,10.16678333],[80.01787567,10.16690826],[80.01792908,10.16703224],[80.01797485,10.16715717],[80.01802826,10.16727924],[80.01808167,10.16740227],[80.0181427,10.16752243],[80.01820374,10.16764164],[80.0182724,10.16775894],[80.01833344,10.1678772],[80.01839447,10.16799641],[80.01844788,10.16811562],[80.01850891,10.16823292],[80.01857758,10.16835117],[80.01864624,10.16846752],[80.01870728,10.16858482],[80.01877594,10.16870022],[80.0188446,10.16881657],[80.01890564,10.16893196],[80.01898193,10.16904831],[80.01904297,10.16916561],[80.019104,10.16928196],[80.01916504,10.16940022],[80.01924133,10.16951656],[80.01930237,10.16963387],[80.0193634,10.16975021],[80.01942444,10.16986847],[80.0194931,10.16998863],[80.01954651,10.1701088],[80.01960754,10.17022896],[80.01966095,10.17034912],[80.01972198,10.17046833],[80.01977539,10.17058849],[80.01984406,10.17070961],[80.01989746,10.17083073],[80.01995087,10.17095184],[80.02000427,10.17107582],[80.02005768,10.17119884],[80.02010345,10.17132282],[80.02015686,10.17144775],[80.02020264,10.17157173],[80.02025604,10.17169666],[80.02030182,10.17182064],[80.02035522,10.17194462],[80.020401,10.17206764],[80.02045441,10.17219162],[80.02050781,10.17231655],[80.02055359,10.17244148],[80.02058411,10.17256832],[80.02062988,10.17269516],[80.02067566,10.172822],[80.02072144,10.17294788],[80.02075958,10.17307472],[80.02080536,10.17320156],[80.02085114,10.1733284],[80.02088165,10.17345619],[80.0209198,10.17358494],[80.02095795,10.17371368],[80.02098846,10.17384338],[80.02101898,10.17397308],[80.02104187,10.17410374],[80.02107239,10.17423439],[80.02110291,10.17436504],[80.02112579,10.1744957],[80.02116394,10.1746254],[80.02118683,10.17475605],[80.02121735,10.17488766],[80.02124023,10.17501736],[80.02127075,10.17514992],[80.02128601,10.17528152],[80.02131653,10.17541218],[80.02133942,10.17554379],[80.0213623,10.17567539],[80.02138519,10.17580605],[80.02141571,10.1759367],[80.0214386,10.17606735],[80.02146912,10.17619896],[80.021492,10.17632866],[80.02152252,10.17646027],[80.02154541,10.17659092],[80.02157593,10.17672157],[80.02161407,10.17685223],[80.02163696,10.17698193],[80.02166748,10.17711258],[80.021698,10.17724133],[80.02173615,10.17737198],[80.02177429,10.17750072],[80.02179718,10.17762947],[80.02183533,10.17775726],[80.02187347,10.17788696],[80.02191925,10.17801476],[80.02194977,10.17814255]]]},"source_id":"incois_wfs","acquired_at":"2026-08-31T18:05:40.682931+00:00"},{"type":"Feature","feature_key":"e2b50716cff0e830","properties":{"FNODE_":1522,"TNODE_":1520,"LPOLY_":1,"RPOLY_":1,"LENGTH":0.0315313,"BATHMETRY_":1336,"BATHMETRY1":10,"BATHMETR_1":10,"BATHYLABEL":""},"geometry":{"type":"MultiLineString","coordinates":[[[80.00867462,10.0871048],[80.0085907,10.08721066],[80.0085144,10.08731651],[80.00843048,10.08742332],[80.00835419,10.08753204],[80.00827789,10.08764076],[80.00819397,10.08775139],[80.00812531,10.08786392],[80.00805664,10.08797741],[80.00798035,10.08809185],[80.00791931,10.0882082],[80.00785828,10.08832741],[80.00780487,10.08844757],[80.00773621,10.08856869],[80.00769806,10.08869267],[80.00763702,10.08881664],[80.00759888,10.08894157],[80.0075531,10.08906841],[80.00750732,10.08919525],[80.00746918,10.08932209],[80.00743103,10.08945084],[80.00739288,10.08957863],[80.00735474,10.08970547],[80.00730896,10.08983231],[80.00726318,10.08995914],[80.00721741,10.09008503],[80.00717163,10.09021091],[80.00712585,10.09033489],[80.00707245,10.09045982],[80.00702667,10.0905838],[80.00697327,10.09070683],[80.00691986,10.0908308],[80.00687408,10.09095478],[80.00682068,10.09107876],[80.0067749,10.09120369],[80.0067215,10.09132767],[80.00667572,10.09145451],[80.0066452,10.09158134],[80.00659943,10.09170914],[80.00656128,10.09183884],[80.00653839,10.09196758],[80.00650024,10.09209824],[80.00646973,10.09222889],[80.00645447,10.0923605],[80.00642395,10.0924921],[80.00640869,10.09262466],[80.00639343,10.09275627],[80.00637054,10.09288883],[80.00636292,10.09302139],[80.00634766,10.09315491],[80.0063324,10.09328747],[80.00631714,10.09342098],[80.00630188,10.09355354],[80.00628662,10.0936861],[80.00626373,10.09381771],[80.00624084,10.09394932],[80.00621033,10.09408092],[80.00618744,10.09421158],[80.00615692,10.09434128],[80.00613403,10.09447193],[80.00609589,10.09460068],[80.00605774,10.09472942],[80.00602722,10.09485912],[80.00598907,10.09498692],[80.0059433,10.09511375],[80.00589752,10.09524059],[80.00585938,10.09536743],[80.0058136,10.09549427],[80.00577545,10.09562016],[80.00572968,10.09574699],[80.0056839,10.09587288],[80.00563812,10.09599972],[80.00559235,10.0961256],[80.0055542,10.09625244],[80.00550842,10.09637928],[80.00546265,10.09650612],[80.00543213,10.09663296],[80.00538635,10.09676075],[80.00534821,10.0968895],[80.00531006,10.09701729],[80.00527954,10.09714699],[80.00524902,10.09727573],[80.00521851,10.09740639],[80.00518799,10.09753609],[80.00515747,10.09766769],[80.00513458,10.0977993],[80.00510406,10.09792995],[80.00508881,10.09806156],[80.00507355,10.09819412],[80.00505066,10.09832668],[80.0050354,10.0984602],[80.00502777,10.09859276],[80.00502014,10.09872627],[80.00500488,10.09885979],[80.00499725,10.0989933],[80.00499725,10.09912682],[80.00499725,10.09926033],[80.00499725,10.09939384],[80.00500488,10.09952736],[80.00500488,10.09966087],[80.00502014,10.09979439],[80.00502777,10.0999279],[80.00502777,10.10006142],[80.0050354,10.10019493],[80.0050354,10.10032845],[80.0050354,10.10046196],[80.0050354,10.10059547],[80.0050354,10.10072899],[80.0050354,10.1008625],[80.0050354,10.10099506],[80.00502777,10.10112858],[80.00502014,10.10126209],[80.00500488,10.10139561],[80.00499725,10.10152817],[80.00498199,10.10166168],[80.00496674,10.10179424],[80.00494385,10.10192585],[80.00492859,10.10205841],[80.0049057,10.10219097],[80.00489044,10.10232353],[80.00487518,10.10245609],[80.00485229,10.10258865],[80.00484467,10.10272121],[80.00483704,10.10285473],[80.00482941,10.10298634],[80.00482941,10.1031208],[80.00482941,10.10325432],[80.00482941,10.10338879],[80.00483704,10.1035223],[80.00483704,10.10365582],[80.00484467,10.10378933],[80.00485229,10.1039238],[80.00485229,10.10405731],[80.00485229,10.10419083],[80.00485229,10.10432339],[80.00484467,10.1044569],[80.00483704,10.10459042],[80.00482178,10.10472298],[80.00479889,10.10485363],[80.004776,10.10498524],[80.00474548,10.10511684],[80.00471497,10.10524654],[80.00467682,10.10537624],[80.00463867,10.10550404],[80.00460052,10.10563183],[80.00456238,10.10575962],[80.00452423,10.10588646],[80.00448608,10.10601425],[80.00444031,10.10614395],[80.00440979,10.1062727],[80.00437927,10.10640335],[80.00434113,10.106534],[80.00431824,10.10666561],[80.00429535,10.10679817],[80.00428772,10.10693169],[80.00428009,10.10706425],[80.00428009,10.10719681],[80.00429535,10.10732841],[80.00431824,10.10746098],[80.0043335,10.10759354],[80.00436401,10.10772514],[80.00439453,10.10785484],[80.00443268,10.1079855],[80.00447845,10.10811424],[80.0045166,10.10824394],[80.00454712,10.10837269],[80.00458527,10.10850143],[80.00461578,10.10863209],[80.00463867,10.10876179],[80.0046463,10.10889435],[80.00466156,10.10902786],[80.0046463,10.10916233],[80.00463104,10.10929775],[80.00461578,10.10942936],[80.00457764,10.10956097],[80.00453186,10.10968876],[80.00448608,10.10981274],[80.00443268,10.10993481],[80.00437164,10.11005402],[80.00431061,10.11017323],[80.00424194,10.11029148],[80.00418091,10.11040974],[80.0041275,10.11053276],[80.0040741,10.11065578],[80.00402832,10.11078167],[80.00398254,10.11090946],[80.0039444,10.11104012],[80.00392151,10.11117172],[80.00390625,10.11130238],[80.00389099,10.11143494],[80.00388336,10.1115675],[80.00389099,10.11170006],[80.00390625,10.11183357],[80.00391388,10.11196709],[80.00392914,10.1121006],[80.00393677,10.11223507],[80.0039444,10.11236954],[80.0039444,10.11250401],[80.00393677,10.11263943],[80.00392914,10.1127739],[80.00391388,10.11290646],[80.00389099,10.11303711],[80.00386047,10.11316681],[80.00382233,10.11329365],[80.00376892,10.11341763],[80.00371552,10.11354065],[80.00365448,10.11365986],[80.00358582,10.11377716],[80.00351715,10.11389351],[80.00344849,10.114007],[80.00337219,10.11411762],[80.0032959,10.11422729],[80.00321198,10.11433506],[80.00312805,10.11444187],[80.00305176,10.11454868],[80.00296783,10.11465549],[80.00289154,10.11476231],[80.00280762,10.11487007],[80.00273895,10.11497784],[80.00265503,10.11508751],[80.00257874,10.11519814],[80.00251007,10.11531162],[80.00244141,10.11542606],[80.00237274,10.11554337],[80.00231171,10.11566257],[80.0022583,10.11578369],[80.0022049,10.11590576],[80.00215149,10.11603069],[80.00210571,10.11615562],[80.00205231,10.1162796],[80.00200653,10.11640549],[80.00196075,10.11653233],[80.00191498,10.11665821],[80.00188446,10.11678505],[80.00183868,10.11691189],[80.00177765,10.1171093]]]},"source_id":"incois_wfs","acquired_at":"2026-08-31T18:05:40.682931+00:00"},{"type":"Feature","feature_key":"0b49d19f554d38e3","properties":{"FNODE_":1525,"TNODE_":1499,"LPOLY_":1,"RPOLY_":1,"LENGTH":0.428792,"BATHMETRY_":1337,"BATHMETRY1":20,"BATHMETR_1":20,"BATHYLABEL":""},"geometry":{"type":"MultiLineString","coordinates":[[[80.32935333,10.05318642],[80.3277359,10.0553236],[80.32737732,10.05585766],[80.32647705,10.05674839],[80.32575989,10.05817223],[80.32485962,10.05977535],[80.32395935,10.06120014],[80.32324219,10.06298065],[80.32252502,10.06458282],[80.32180786,10.06582928],[80.32126617,10.0674324],[80.3210907,10.06778812],[80.32072449,10.06921291],[80.32036591,10.07081509],[80.31983185,10.07117176],[80.31910706,10.07259655],[80.31821442,10.07402039],[80.31677246,10.07526684],[80.31587982,10.07669163],[80.31497955,10.07740402],[80.31407928,10.07811642],[80.31282043,10.07954025],[80.31210327,10.08025265],[80.31156158,10.08096504],[80.311203,10.08132076],[80.31048584,10.08185482],[80.30994415,10.08238983],[80.3094101,10.08292389],[80.30905151,10.08327961],[80.30832672,10.08417034],[80.30706787,10.08488178],[80.30635071,10.08595085],[80.30563354,10.08684063],[80.30527496,10.08755302],[80.30473328,10.08808708],[80.30365753,10.08897781],[80.30275726,10.09022427],[80.30185699,10.09111404],[80.30096436,10.09218216],[80.30006409,10.09307289],[80.29880524,10.09449673],[80.29790497,10.09520912],[80.29718781,10.09609985],[80.29647064,10.09716797],[80.29592896,10.09805775],[80.29521179,10.09894848],[80.29449463,10.09983826],[80.29377747,10.10037327],[80.29305267,10.10161877],[80.29251862,10.1025095],[80.29107666,10.10393333],[80.29018402,10.10535812],[80.28945923,10.1062479],[80.28910065,10.10678291],[80.28766632,10.10820675],[80.28676605,10.1101656],[80.28586578,10.11141205],[80.28460693,10.11248016],[80.28388977,10.11372662],[80.28299713,10.11515045],[80.28227234,10.1163969],[80.28155518,10.11728668],[80.28012085,10.11960125],[80.27850342,10.12280655],[80.27724457,10.12512016],[80.27670288,10.12672329],[80.27598572,10.12796879],[80.27490997,10.12939358],[80.2740097,10.13099575],[80.27365112,10.13206387],[80.27346802,10.13455582],[80.27293396,10.13615894],[80.27185059,10.13811684],[80.27113342,10.14007473],[80.27023315,10.14185524],[80.26951599,10.14274502],[80.2689743,10.14363575],[80.26789856,10.14505959],[80.26663971,10.1461277],[80.26502228,10.14755249],[80.26322937,10.14879799],[80.26161194,10.15004444],[80.26053619,10.15075684],[80.25873566,10.15235901],[80.25675964,10.15342712],[80.25532532,10.1543169],[80.25370789,10.15520668],[80.25154877,10.1562748],[80.25011444,10.15716553],[80.24867249,10.15769958],[80.24705505,10.15858936],[80.2457962,10.15983582],[80.24453735,10.16019154],[80.24328613,10.16108131],[80.24202728,10.16197109],[80.24094391,10.16268349],[80.24040985,10.16339588],[80.23932648,10.164464],[80.23860931,10.16553211],[80.23753357,10.16677761],[80.23681641,10.16784573],[80.23591614,10.16891384],[80.23537445,10.16998196],[80.23447418,10.17105007],[80.23375702,10.17176247],[80.23286438,10.17336464],[80.23196411,10.17425442],[80.23088074,10.1751442],[80.2299881,10.17585659],[80.22926331,10.17656803],[80.22837067,10.17781448],[80.2276535,10.17870426],[80.22692871,10.17959404],[80.22639465,10.18066216],[80.22603607,10.18173027],[80.22531128,10.18244267],[80.22441864,10.18315411],[80.22405243,10.18368816],[80.22280121,10.18422222],[80.22225952,10.18422222],[80.22154236,10.1845789],[80.2201004,10.18475628],[80.21848297,10.18493462],[80.21722412,10.185112],[80.21543121,10.18529034],[80.21399689,10.18564606],[80.21291351,10.18618011],[80.21165466,10.18671417],[80.21057892,10.18724823],[80.20932007,10.18778229],[80.20824432,10.1888504],[80.20734406,10.19009686],[80.20662689,10.19098663],[80.20555115,10.19169807],[80.20482635,10.19276619],[80.2042923,10.19365597],[80.20320892,10.19490242],[80.20231628,10.19597054],[80.2017746,10.19686031],[80.20069885,10.19863987],[80.20015717,10.19917393],[80.20015717,10.2007761],[80.20034027,10.20219994],[80.20015717,10.20291233],[80.20069885,10.20469189],[80.20213318,10.20576],[80.20375061,10.20664978],[80.20500946,10.20753956],[80.20716858,10.20860767],[80.20950317,10.20985317],[80.21147919,10.21092129],[80.21381378,10.21216774],[80.21524811,10.2132349],[80.21740723,10.21465874],[80.21848297,10.21590519],[80.21902466,10.21768475],[80.21920776,10.21928692],[80.21866608,10.22071075],[80.21776581,10.22124481],[80.21650696,10.2214222],[80.21488953,10.22160053],[80.21309662,10.22053242],[80.21147919,10.21982098],[80.21040344,10.21857452],[80.20967865,10.21804047],[80.20896149,10.21661663],[80.20788574,10.21572685],[80.20662689,10.21501541],[80.20555115,10.21376896],[80.20500946,10.2127018],[80.20446777,10.2119894],[80.20320892,10.21127701],[80.20249176,10.21020985],[80.20159149,10.20985317],[80.20015717,10.20949745],[80.19853973,10.20949745],[80.19674683,10.21020985],[80.19548798,10.21145535],[80.1944046,10.21359158],[80.19368744,10.21554947],[80.19315338,10.21804047],[80.19261169,10.22071075],[80.19207001,10.22284603],[80.19171143,10.22498226],[80.19116974,10.22800732],[80.19063568,10.22978783],[80.19116974,10.22943115],[80.19081116,10.23121166],[80.19081116,10.23334694],[80.1902771,10.23548222],[80.18973541,10.23744011],[80.18937683,10.23921967],[80.18901825,10.24171162],[80.18865967,10.24349117],[80.18830109,10.24562645],[80.18830109,10.24776268],[80.18811798,10.2506094],[80.18830109,10.25185585],[80.18811798,10.25381279],[80.18811798,10.25594902],[80.18811798,10.25826263],[80.18811798,10.25986385],[80.18847656,10.26164341],[80.18865967,10.26324463],[80.18883514,10.26555824],[80.18883514,10.26805019],[80.18811798,10.27071953],[80.1877594,10.27178669],[80.18704224,10.2728548],[80.18632507,10.27374458],[80.1852417,10.27445602],[80.18398285,10.27516747],[80.18254852,10.2753458],[80.18057251,10.27552414],[80.17805481,10.2753458],[80.17697906,10.2753458],[80.17536163,10.2753458],[80.17446136,10.2753458],[80.17302704,10.2753458],[80.17212677,10.27499008],[80.17105103,10.27499008],[80.16925049,10.27463436],[80.16691589,10.27463436],[80.16475677,10.27499008],[80.16242218,10.27445602],[80.16044617,10.27445602],[80.15775299,10.2741003],[80.15523529,10.27427769],[80.15361786,10.27427769],[80.15218353,10.27481174],[80.1505661,10.27570152],[80.14948273,10.27641392],[80.14876556,10.27712536],[80.14768982,10.2778368],[80.14697266,10.27872658],[80.14624786,10.28015041],[80.14499664,10.28104019],[80.14427185,10.28281975],[80.14355469,10.28353119],[80.14283752,10.28495502],[80.14212036,10.2858448],[80.14193726,10.28655624],[80.14176178,10.28780174],[80.1414032,10.28869152],[80.14067841,10.28993702],[80.14014435,10.29100513],[80.13941956,10.2920723],[80.1388855,10.29296207],[80.13834381,10.29403019],[80.13762665,10.29474163],[80.13708496,10.29545307],[80.13582611,10.29758835],[80.13582611,10.29883385],[80.13546753,10.30007935],[80.13510895,10.30150318],[80.13475037,10.30328274],[80.1340332,10.30399418],[80.13331604,10.30523968],[80.13223267,10.30630779],[80.13061523,10.30790901],[80.1297226,10.30879879],[80.12863922,10.31057739],[80.12774658,10.31200123],[80.1272049,10.31289101],[80.12648773,10.31449223],[80.12577057,10.31680489],[80.12540436,10.31769466],[80.12468719,10.31929588],[80.12397003,10.320364],[80.12342834,10.32125378],[80.1223526,10.322855],[80.12163544,10.32445621],[80.12109375,10.32641315],[80.12037659,10.32730293],[80.11965942,10.32837009],[80.11875916,10.32925987]]]},"source_id":"incois_wfs","acquired_at":"2026-08-31T18:05:40.682931+00:00"},{"type":"Feature","feature_key":"2b8c31099def96eb","properties":{"FNODE_":1528,"TNODE_":1522,"LPOLY_":1,"RPOLY_":1,"LENGTH":0.0669453,"BATHMETRY_":1339,"BATHMETRY1":10,"BATHMETR_1":10,"BATHYLABEL":""},"geometry":{"type":"MultiLineString","coordinates":[[[80.03929138,10.03269863],[80.03917694,10.03276062],[80.03904724,10.03282261],[80.0389328,10.03288269],[80.03881073,10.03294182],[80.03868866,10.03299904],[80.03856659,10.0330534],[80.03843689,10.0331049],[80.03832245,10.03315163],[80.03819275,10.0331974],[80.03806305,10.03324032],[80.03793335,10.03328133],[80.03781128,10.03332424],[80.03767395,10.03336525],[80.03755188,10.03340816],[80.03741455,10.03345394],[80.03729248,10.03350163],[80.03716278,10.03355694],[80.03704834,10.03361797],[80.03692627,10.03368568],[80.03681946,10.03376484],[80.03673553,10.03385353],[80.03664398,10.03395176],[80.03656006,10.03405666],[80.03648376,10.03416634],[80.03639984,10.03427792],[80.03631592,10.03438759],[80.03623962,10.03449631],[80.03614807,10.0345993],[80.03605652,10.03469753],[80.03595734,10.03479004],[80.03585052,10.03487396],[80.03574371,10.03495312],[80.03562927,10.03502464],[80.0355072,10.03508854],[80.03538513,10.03514481],[80.03527069,10.03519726],[80.03514099,10.03524876],[80.03501892,10.03530025],[80.03488922,10.03535557],[80.03477478,10.0354166],[80.03466034,10.03548527],[80.0345459,10.03556252],[80.03443909,10.03564453],[80.0343399,10.03573322],[80.03424072,10.03582573],[80.03414154,10.03592396],[80.03405762,10.03602314],[80.03396606,10.03612518],[80.03388214,10.03622913],[80.03380585,10.03633499],[80.03372192,10.0364418],[80.033638,10.03654957],[80.03356171,10.03665733],[80.03347778,10.03676796],[80.03340912,10.03687668],[80.0333252,10.0369873],[80.03325653,10.03709698],[80.03317261,10.0372076],[80.03310394,10.03731728],[80.03302765,10.03742886],[80.03295135,10.03754044],[80.03287506,10.03765011],[80.0328064,10.03776169],[80.03272247,10.03787136],[80.03265381,10.03798199],[80.03256989,10.03809357],[80.03250122,10.03820324],[80.0324173,10.03831291],[80.03234863,10.03842258],[80.03226471,10.0385313],[80.03218842,10.03864002],[80.03210449,10.03874779],[80.03202057,10.0388546],[80.03194427,10.03896141],[80.03186035,10.03906631],[80.03178406,10.03917027],[80.03170013,10.03927517],[80.03160858,10.03938007],[80.03153229,10.03948498],[80.03144073,10.03958893],[80.03135681,10.03969479],[80.03128052,10.03980064],[80.03119659,10.03990746],[80.0311203,10.04001617],[80.03104401,10.04012585],[80.03096771,10.04023647],[80.03089905,10.04035091],[80.03083038,10.04046631],[80.03076935,10.04058266],[80.03070068,10.04070091],[80.03063965,10.04082108],[80.03058624,10.04094219],[80.03053284,10.04106522],[80.03047943,10.04118729],[80.03042603,10.04131126],[80.03037262,10.04143524],[80.03032684,10.04155922],[80.03028107,10.04168415],[80.03022766,10.04180813],[80.03018188,10.04193306],[80.03012848,10.04205799],[80.0300827,10.04218292],[80.03003693,10.0423069],[80.02998352,10.04243183],[80.02993774,10.04255486],[80.02988434,10.04267883],[80.02983093,10.0428009],[80.02977753,10.04292393],[80.02972412,10.043046],[80.02966309,10.04316616],[80.02960968,10.04328632],[80.02954102,10.04340553],[80.02947998,10.04352283],[80.02941132,10.04363918],[80.02935028,10.04375362],[80.02927399,10.04386902],[80.02920532,10.04398251],[80.02912903,10.04409695],[80.02906799,10.04421234],[80.02900696,10.0443306],[80.02894592,10.04445076],[80.02888489,10.04457188],[80.02883148,10.04469681],[80.02879333,10.04482269],[80.02875519,10.04495049],[80.02871704,10.04507923],[80.02869415,10.04521084],[80.02866364,10.04534245],[80.02864838,10.04547501],[80.02862549,10.04560852],[80.02861023,10.04574108],[80.02857971,10.04587173],[80.02856445,10.04600334],[80.02852631,10.04613209],[80.02849579,10.04626083],[80.02845001,10.04638672],[80.02840424,10.04651165],[80.02835846,10.04663658],[80.02830505,10.04676056],[80.02825165,10.04688454],[80.02819824,10.04700851],[80.02815247,10.04713345],[80.02809906,10.04725838],[80.02805328,10.04738331],[80.02800751,10.04751015],[80.02796936,10.04763794],[80.02793884,10.04776764],[80.02790833,10.04789639],[80.02788544,10.04802799],[80.02786255,10.0481596],[80.02784729,10.04829121],[80.02781677,10.04842377],[80.02780151,10.04855633],[80.02778625,10.04868889],[80.02775574,10.0488205],[80.02773285,10.0489521],[80.0276947,10.0490818],[80.02766418,10.04921055],[80.02761841,10.04933929],[80.02758789,10.04946613],[80.02754211,10.04959202],[80.02748871,10.049716],[80.02744293,10.04983997],[80.02738953,10.04996204],[80.02732849,10.05008316],[80.02727509,10.05020523],[80.02721405,10.05032635],[80.02715302,10.05044651],[80.02709961,10.05056763],[80.0270462,10.0506897],[80.0269928,10.05081272],[80.02693939,10.05093575],[80.02689362,10.05106163],[80.02684784,10.05118847],[80.02680969,10.05131817],[80.0267868,10.05144787],[80.02675629,10.05157948],[80.02674103,10.05171299],[80.02672577,10.05184555],[80.02671814,10.05197906],[80.02671814,10.05211258],[80.02671814,10.05224609],[80.02671814,10.05237961],[80.02672577,10.05251312],[80.02672577,10.05264664],[80.0267334,10.05278015],[80.02674103,10.05291367],[80.02674866,10.05304718],[80.02674866,10.05318069],[80.02674866,10.05331421],[80.02674866,10.05344772],[80.02674866,10.05358124],[80.02674103,10.05371475],[80.02674103,10.05384922],[80.02672577,10.05398083],[80.02671814,10.05411339],[80.02669525,10.0542469],[80.02667236,10.05437851],[80.02664948,10.05451107],[80.02663422,10.05464268],[80.0266037,10.05477428],[80.02658081,10.05490589],[80.02655029,10.05503654],[80.0265274,10.0551672],[80.02649689,10.05529881],[80.02648163,10.05543041],[80.02645111,10.05556011],[80.02642822,10.05569172],[80.02639771,10.05582333],[80.02638245,10.05595493],[80.02635193,10.05608559],[80.02632904,10.05621815],[80.02631378,10.05634975],[80.02628326,10.05648136],[80.02625275,10.05661201],[80.02622986,10.05674362],[80.02619934,10.05687332],[80.02617645,10.05700493],[80.02614594,10.05713558],[80.02612305,10.05726528],[80.0260849,10.05739594],[80.02606201,10.05752563],[80.02602386,10.05765533],[80.02598572,10.05778313],[80.02593994,10.05791092],[80.02590942,10.05803776],[80.02586365,10.05816364],[80.02581024,10.05828857],[80.02576447,10.0584116],[80.02571106,10.05853462],[80.0256424,10.05865669],[80.02558899,10.05877686],[80.02552795,10.05889606],[80.02546692,10.05901432],[80.02540588,10.05913067],[80.02532959,10.05924702],[80.02526855,10.05936146],[80.02519989,10.0594759],[80.0251236,10.05958843],[80.02503967,10.05970001],[80.02497101,10.05980968],[80.02488708,10.0599184],[80.02481079,10.06002712],[80.0247345,10.06013489],[80.02465057,10.06024075],[80.02456665,10.0603466],[80.02448273,10.06045055],[80.0243988,10.0605545],[80.02431488,10.06065655],[80.02422333,10.06075764],[80.0241394,10.06085968],[80.02404785,10.06095982],[80.0239563,10.06105995],[80.02386475,10.06115818],[80.02377319,10.06125736],[80.02368927,10.06135559],[80.02359772,10.06145382],[80.02350616,10.06155014],[80.02340698,10.06164837],[80.02331543,10.06174469],[80.02323151,10.06184196],[80.02313232,10.06193924],[80.02304077,10.06203461],[80.02294922,10.06213093],[80.02285004,10.06222725],[80.02275848,10.06232166],[80.0226593,10.06241608],[80.02256012,10.06251049],[80.02246857,10.062603],[80.02236938,10.0626936],[80.0222702,10.06278133],[80.02215576,10.06286621],[80.02204895,10.06294632],[80.02194214,10.06302166],[80.0218277,10.06309319],[80.02171326,10.06315994],[80.02159119,10.06322098],[80.02146912,10.06328011],[80.02134705,10.06333447],[80.02122498,10.06338596],[80.02110291,10.0634346],[80.02097321,10.06348228],[80.02085114,10.06352806],[80.02072144,10.06357384],[80.02059937,10.06362152],[80.02046967,10.06367016],[80.0203476,10.06372261],[80.0202179,10.06377888],[80.02009583,10.06384087],[80.01997375,10.06390667],[80.01985931,10.0639801],[80.0197525,10.06405926],[80.01965332,10.06414509],[80.01955414,10.0642395],[80.01947021,10.06434059],[80.01939392,10.0644474],[80.01931763,10.06455994],[80.01924896,10.06467342],[80.0191803,10.06478882],[80.019104,10.06490326],[80.01903534,10.06501675],[80.01895142,10.06512642],[80.01886749,10.06523418],[80.0187912,10.06533813],[80.01869965,10.06544018],[80.01860809,10.06553936],[80.01852417,10.06563663],[80.01842499,10.065732],[80.01833344,10.06582546],[80.01823425,10.06591892],[80.01813507,10.06601238],[80.01804352,10.0661068],[80.01794434,10.06620216],[80.01785278,10.06630135],[80.01777649,10.06640339],[80.01768494,10.06650829],[80.01760101,10.06661415],[80.01752472,10.06672096],[80.0174408,10.06682682],[80.01734924,10.06693172],[80.01727295,10.06703281],[80.0171814,10.06713295],[80.01708984,10.06723213],[80.01700592,10.06732941],[80.01691437,10.06742859],[80.01682281,10.06752968],[80.01673126,10.06763363],[80.01665497,10.06774044],[80.01657104,10.06785202],[80.01650238,10.06796646],[80.01643372,10.06808472],[80.01637268,10.06820583],[80.0163269,10.06833076],[80.01629639,10.06845856],[80.0162735,10.06858921],[80.01626587,10.06872177],[80.01625824,10.06885719],[80.01626587,10.06899166],[80.01628113,10.06912613],[80.01631165,10.0692606],[80.01633453,10.06939316],[80.01636505,10.06952477],[80.0164032,10.06965351],[80.01643372,10.0697813],[80.01647949,10.06990814],[80.01652527,10.07003403],[80.01657104,10.07015896],[80.01662445,10.07028198],[80.01667023,10.07040596],[80.01672363,10.07052898],[80.01677704,10.07065201],[80.01683044,10.07077503],[80.01688385,10.07089806],[80.01693726,10.07102013],[80.01699066,10.0711441],[80.01703644,10.07126713],[80.01708984,10.07139111],[80.01713562,10.07151508],[80.0171814,10.07164097],[80.01722717,10.07176685],[80.01727295,10.07189465],[80.0173111,10.07202339],[80.01734161,10.07215214],[80.01737976,10.07228184],[80.01741028,10.07241249],[80.01743317,10.07254505],[80.01744843,10.07267666],[80.01746368,10.07281017],[80.01747131,10.07294178],[80.01747894,10.07307529],[80.01747894,10.07321072],[80.01747894,10.07334423],[80.01747131,10.07347775],[80.01747131,10.07361126],[80.01746368,10.07374477],[80.01744843,10.07387829],[80.0174408,10.0740118],[80.01743317,10.07414436],[80.01742554,10.07427788],[80.01741791,10.07441139],[80.01741791,10.07454491],[80.01741028,10.07467842],[80.01739502,10.07481098],[80.01738739,10.0749445],[80.01737976,10.07507801],[80.01737213,10.07521152],[80.0173645,10.07534409],[80.01733398,10.07547665],[80.01731873,10.07560825],[80.01728821,10.07573986],[80.01725769,10.07587051],[80.01721954,10.07599831],[80.01717377,10.07612514],[80.01712799,10.07625103],[80.01707458,10.0763731],[80.01702118,10.07649422],[80.01696014,10.07661438],[80.01689148,10.07673264],[80.01683044,10.07684994],[80.01676941,10.07696629],[80.01669312,10.07708168],[80.01663208,10.07719898],[80.01656342,10.07731438],[80.01650238,10.07743168],[80.01643372,10.07754803],[80.01637268,10.07766724],[80.01631165,10.0777874],[80.01625824,10.07790947],[80.01621246,10.07803249],[80.01615906,10.07815742],[80.01611328,10.07828331],[80.0160675,10.07841015],[80.01602173,10.07853603],[80.01597595,10.07866287],[80.01593018,10.0787878],[80.01589203,10.07891369],[80.01584625,10.07903862],[80.01579285,10.0791626],[80.01573181,10.07928467],[80.01567841,10.07940578],[80.01561737,10.07952499],[80.01555634,10.07964134],[80.01548767,10.07975769],[80.01541138,10.07987118],[80.01534271,10.07998085],[80.01525879,10.08009052],[80.01517487,10.08019638],[80.01509094,10.08029938],[80.01499939,10.08039951],[80.01490784,10.08049679],[80.01480865,10.0805912],[80.01470947,10.08068275],[80.01461029,10.08076954],[80.01450348,10.08085251],[80.01439667,10.08093262],[80.01428986,10.08100986],[80.01417542,10.08108139],[80.01405334,10.08115292],[80.01394653,10.08122158],[80.01383209,10.08128929],[80.01371765,10.08135414],[80.01358795,10.08141994],[80.01347351,10.08148575],[80.0133667,10.08155251],[80.01324463,10.08162117],[80.01313019,10.0816927],[80.01301575,10.08176804],[80.01290894,10.08184719],[80.01279449,10.08193207],[80.01269531,10.08202076],[80.01260376,10.08211422],[80.01251221,10.08221436],[80.01242065,10.08231926],[80.01235199,10.08243084],[80.01228333,10.08254719],[80.01222992,10.08266735],[80.01218414,10.08279228],[80.01213837,10.08291912],[80.01210022,10.08304691],[80.01205444,10.08317375],[80.01200104,10.08329868],[80.01194763,10.08342075],[80.01187897,10.08353901],[80.0118103,10.0836544],[80.01172638,10.08376503],[80.01165009,10.08387089],[80.01155853,10.08397102],[80.01146698,10.08406639],[80.0113678,10.08415604],[80.01126099,10.08424091],[80.01115417,10.08432388],[80.01104736,10.08440495],[80.01094055,10.0844841],[80.01083374,10.08456326],[80.0107193,10.08464336],[80.01061249,10.08472538],[80.01050568,10.08480835],[80.01040649,10.08489418],[80.01030731,10.08498287],[80.01020813,10.08507347],[80.01010895,10.08516693],[80.01002502,10.08526516],[80.00993347,10.08536625],[80.00984955,10.0854702],[80.009758,10.08557701],[80.00968933,10.08568478],[80.00960541,10.0857935],[80.00952911,10.08590412],[80.00945282,10.08601665],[80.00938416,10.08612728],[80.00931549,10.08623886],[80.00923157,10.08635139],[80.00915527,10.08646107],[80.00907898,10.08657169],[80.00900269,10.08667946],[80.00892639,10.08678627],[80.00884247,10.08689308],[80.00876617,10.08699894],[80.00867462,10.0871048]]]},"source_id":"incois_wfs","acquired_at":"2026-08-31T18:05:40.682931+00:00"},{"type":"Feature","feature_key":"fe41587fd85f0f2f","properties":{"FNODE_":1539,"TNODE_":1537,"LPOLY_":1,"RPOLY_":1,"LENGTH":0.00785991,"BATHMETRY_":1345,"BATHMETRY1":10,"BATHMETR_1":10,"BATHYLABEL":""},"geometry":{"type":"MultiLineString","coordinates":[[[79.496315,9.97411156],[79.49721527,9.97464561],[79.49900818,9.97571468],[79.5004425,9.97571468],[79.50134277,9.97589302],[79.50242615,9.97589302],[79.50350189,9.97518063]]]},"source_id":"incois_wfs","acquired_at":"2026-08-31T18:05:40.682931+00:00"},{"type":"Feature","feature_key":"07666bfe025e09ff","properties":{"FNODE_":1543,"TNODE_":1525,"LPOLY_":1,"RPOLY_":1,"LENGTH":0.143824,"BATHMETRY_":1349,"BATHMETRY1":20,"BATHMETR_1":20,"BATHYLABEL":""},"geometry":{"type":"MultiLineString","coordinates":[[[80.41682434,9.94542027],[80.41667938,9.9475708],[80.41596222,9.9495306],[80.41542053,9.95095539],[80.41506195,9.95220184],[80.41416168,9.95309258],[80.4138031,9.95398331],[80.41308594,9.95540905],[80.41182709,9.95612144],[80.41056824,9.95825863],[80.4096756,9.95950603],[80.40841675,9.96110916],[80.40805817,9.96288967],[80.40751648,9.9644928],[80.40751648,9.96502781],[80.40697479,9.96663094],[80.40625763,9.96841145],[80.40625763,9.96965885],[80.40572357,9.9709053],[80.40535736,9.97233009],[80.40499878,9.97304249],[80.40446472,9.97446823],[80.40373993,9.97535801],[80.40320587,9.97607136],[80.40248871,9.97785187],[80.40104675,9.9787426],[80.4005127,9.97892094],[80.39997101,9.97963333],[80.39942932,9.97981167],[80.39852905,9.98034573],[80.39745331,9.98105812],[80.39655304,9.98212719],[80.39511871,9.98266125],[80.39368439,9.9839077],[80.39295959,9.98497677],[80.39224243,9.9858675],[80.39098358,9.98729229],[80.39044952,9.98800468],[80.38954926,9.98942947],[80.38847351,9.99049854],[80.38757324,9.99156666],[80.38685608,9.99245739],[80.38631439,9.99334812],[80.38487244,9.99459457],[80.38343811,9.99584103],[80.38289642,9.99655342],[80.3816452,9.99726582],[80.38056183,9.99797821],[80.3789444,9.99904728],[80.37805176,9.99993801],[80.37715149,10.00082874],[80.37570953,10.00171852],[80.37499237,10.00278759],[80.37463379,10.00332165],[80.37373352,10.0045681],[80.37211609,10.00563717],[80.37122345,10.00688362],[80.37014008,10.00777435],[80.36888123,10.00955486],[80.3674469,10.01133633],[80.36654663,10.01258278],[80.3649292,10.01400757],[80.36402893,10.01507664],[80.36295319,10.01561069],[80.36116028,10.01650143],[80.35954285,10.01756954],[80.35792542,10.01881599],[80.3559494,10.01952839],[80.35414886,10.02113152],[80.35289001,10.02219963],[80.35127258,10.0232687],[80.34983826,10.02487183],[80.34803772,10.0257616],[80.34714508,10.026474],[80.34570313,10.02772045],[80.3442688,10.02950191],[80.34282684,10.03128242],[80.3417511,10.03270721],[80.34085083,10.034132],[80.33995056,10.03537846],[80.33887482,10.03644753],[80.33761597,10.03822803],[80.33672333,10.03983021],[80.33582306,10.04179001],[80.33546448,10.04303646],[80.3343811,10.04428291],[80.33348846,10.04606342],[80.33240509,10.04730988],[80.33187103,10.04909039],[80.33078766,10.05104923],[80.3302536,10.05176163],[80.32935333,10.05318642]]]},"source_id":"incois_wfs","acquired_at":"2026-08-31T18:05:40.682931+00:00"},{"type":"Feature","feature_key":"98f83864b73db1d9","properties":{"FNODE_":1542,"TNODE_":1543,"LPOLY_":1,"RPOLY_":1,"LENGTH":0.000396519,"BATHMETRY_":1350,"BATHMETRY1":20,"BATHMETR_1":20,"BATHYLABEL":""},"geometry":{"type":"MultiLineString","coordinates":[[[80.41667938,9.94578934],[80.41682434,9.94542027]]]},"source_id":"incois_wfs","acquired_at":"2026-08-31T18:05:40.682931+00:00"},{"type":"Feature","feature_key":"246c38608cf17252","properties":{"FNODE_":1487,"TNODE_":1548,"LPOLY_":1,"RPOLY_":1,"LENGTH":0.700732,"BATHMETRY_":1354,"BATHMETRY1":30,"BATHMETR_1":30,"BATHYLABEL":""},"geometry":{"type":"MultiLineString","coordinates":[[[80.12989807,10.47084999],[80.13169861,10.468894],[80.13277435,10.46640491],[80.1340332,10.46462631],[80.13546753,10.46266937],[80.13708496,10.46035767],[80.13834381,10.45857906],[80.13924408,10.4569788],[80.14031982,10.45537853],[80.1414032,10.45324421],[80.14283752,10.45182133],[80.14427185,10.45057678],[80.14517212,10.45022106],[80.14624786,10.44897556],[80.14733124,10.44773102],[80.14840698,10.4461298],[80.14894867,10.4443512],[80.14912415,10.44310665],[80.14966583,10.44239521],[80.14984894,10.43972778],[80.15020752,10.4370594],[80.15074158,10.4352808],[80.15145874,10.43190193],[80.15182495,10.42834473],[80.15200043,10.42585468],[80.15218353,10.4226532],[80.15218353,10.41998482],[80.15254211,10.41749477],[80.15344238,10.41464901],[80.15380096,10.41287041],[80.15433502,10.41091347],[80.15505981,10.40931225],[80.15577698,10.40824509],[80.15685272,10.40646648],[80.15775299,10.40522194],[80.159729,10.403265],[80.16152191,10.40166378],[80.16386414,10.4002409],[80.16601563,10.39881802],[80.1687088,10.39668369],[80.17050934,10.39508247],[80.17194366,10.39419365],[80.1737442,10.39170265],[80.17500305,10.39045811],[80.1760788,10.38850117],[80.17697906,10.38707829],[80.17787933,10.38601017],[80.17823792,10.38565445],[80.17895508,10.38423157],[80.18003082,10.38209724],[80.18164825,10.38049603],[80.18273163,10.3783617],[80.18416595,10.37569332],[80.18488312,10.37302494],[80.1854248,10.37053394],[80.18632507,10.36911106],[80.18632507,10.3680439],[80.18685913,10.36608696],[80.18740082,10.36413002],[80.18830109,10.36270618],[80.18883514,10.3607502],[80.18919373,10.35790348],[80.18973541,10.35612392],[80.18991852,10.35416698],[80.18991852,10.35345554],[80.18991852,10.35114288],[80.19045258,10.34936428],[80.19099426,10.34687328],[80.19099426,10.3442049],[80.19171143,10.34117985],[80.19207001,10.34029007],[80.19225311,10.33797741],[80.19278717,10.33619881],[80.19315338,10.33459759],[80.19422913,10.33246231],[80.19512939,10.33175087],[80.19620514,10.33050537],[80.19674683,10.32943726],[80.19799805,10.32748032],[80.19961548,10.3258791],[80.20123291,10.3233881],[80.2019577,10.322855],[80.20231628,10.32196522],[80.20285034,10.32054138],[80.20339203,10.31840611],[80.20410919,10.31627178],[80.20482635,10.31395817],[80.20572662,10.31093407],[80.20626831,10.30862045],[80.20680237,10.30701923],[80.20716858,10.30452824],[80.20788574,10.30346012],[80.20806122,10.30150318],[80.20860291,10.30025768],[80.20914459,10.29758835],[80.20986176,10.29616547],[80.21057892,10.29385185],[80.21112061,10.29136086],[80.21219635,10.28922558],[80.21309662,10.28691196],[80.21327209,10.28495502],[80.21363068,10.28317547],[80.21399689,10.28104019],[80.21471405,10.27837086],[80.21471405,10.27641392],[80.21488953,10.27427769],[80.21488953,10.27196503],[80.21578979,10.27036285],[80.21614838,10.26769352],[80.21759033,10.26538086],[80.21848297,10.26271152],[80.21974182,10.26004219],[80.22045898,10.25861835],[80.22154236,10.25719452],[80.2226181,10.25559235],[80.22351837,10.25434685],[80.22477722,10.25327969],[80.22566986,10.25185585],[80.22675323,10.24989796],[80.2274704,10.24900818],[80.22818756,10.24722862],[80.22854614,10.24544907],[80.22944641,10.24384689],[80.23016357,10.24171162],[80.23124695,10.23993206],[80.23249817,10.23886395],[80.23465729,10.23761845],[80.23591614,10.23744011],[80.23753357,10.23708439],[80.23932648,10.23797417],[80.2416687,10.23904228],[80.24364471,10.24099922],[80.24526215,10.24171162],[80.24615479,10.24188995],[80.24723816,10.24117756],[80.24741364,10.24010944],[80.24759674,10.23868561],[80.24633789,10.23690605],[80.24543762,10.23548222],[80.24490356,10.23441505],[80.24472046,10.23299122],[80.24472046,10.23049927],[80.24526215,10.22836399],[80.2457962,10.22658348],[80.24705505,10.22462654],[80.2481308,10.22266865],[80.25028992,10.22035503],[80.25136566,10.21910858],[80.25209045,10.2182188],[80.25298309,10.21768475],[80.25424194,10.21608257],[80.2556839,10.21519279],[80.25711823,10.21376896],[80.25819397,10.21287918],[80.25873566,10.21252346],[80.26035309,10.21163368],[80.26178741,10.21109962],[80.26304626,10.20949745],[80.26538086,10.20842934],[80.26753998,10.20789528],[80.26879883,10.20718384],[80.27095795,10.20629406],[80.27293396,10.20433617],[80.27455139,10.20273399],[80.27598572,10.20131016],[80.2763443,10.19988632],[80.27796173,10.19775009],[80.28083801,10.19561386],[80.28227234,10.19330025],[80.28335571,10.19169807],[80.28424835,10.18991852],[80.28569031,10.1888504],[80.28694916,10.18778229],[80.28820801,10.18618011],[80.28910065,10.185112],[80.2905426,10.18351078],[80.29269409,10.18084049],[80.29449463,10.17923832],[80.29592896,10.17728043],[80.29664612,10.17567825],[80.29754639,10.17372036],[80.29862976,10.17176247],[80.29988098,10.16980362],[80.30060577,10.16873646],[80.30096436,10.16695595],[80.3020401,10.1657095],[80.30275726,10.16428566],[80.30384064,10.16250515],[80.3045578,10.16108131],[80.30545807,10.15947914],[80.30599213,10.15787697],[80.30743408,10.15609741],[80.30815125,10.15485096],[80.3094101,10.15360451],[80.31012726,10.15253639],[80.31102753,10.15129089],[80.31210327,10.14968872],[80.31246185,10.14879799],[80.31389618,10.14648438],[80.31551361,10.14470387],[80.31641388,10.14345741],[80.31767273,10.14149952],[80.31874847,10.14025307],[80.31947327,10.13954067],[80.32036591,10.1379385],[80.32144928,10.136693],[80.32252502,10.13491249],[80.32360077,10.13402176],[80.32450104,10.13313198],[80.32593536,10.1322422],[80.32737732,10.13117409],[80.32809448,10.13028336],[80.32971191,10.12939358],[80.33061218,10.12885952],[80.33222961,10.1277914],[80.33348846,10.12707901],[80.33528137,10.12583256],[80.3368988,10.12547684],[80.33815765,10.12494278],[80.33995056,10.12405205],[80.3417511,10.12262821],[80.34300995,10.12209415],[80.34408569,10.12120342],[80.34534454,10.11977959],[80.34642029,10.11871147],[80.34696198,10.1183548],[80.34803772,10.11693096],[80.34893799,10.11532879],[80.35055542,10.11354828],[80.35271454,10.11123371],[80.35433197,10.10980892],[80.35540771,10.10891914],[80.3557663,10.10802841],[80.35684204,10.10704994],[80.35800934,10.10580349],[80.35881805,10.10491276],[80.35954285,10.10411167],[80.36016846,10.10348892],[80.36097717,10.10268784],[80.36169434,10.10170841],[80.36268616,10.10072899],[80.36358643,10.09974957],[80.36447906,10.09850311],[80.36547089,10.097435],[80.3660965,10.09663391],[80.36672974,10.09592152],[80.36726379,10.09529877],[80.36771393,10.09449673],[80.3687973,10.09360695],[80.36968994,10.09289455],[80.37004852,10.09182644],[80.37085724,10.09066868],[80.37175751,10.08942223],[80.37274933,10.08853245],[80.37364197,10.0871973],[80.37427521,10.08648491],[80.37427521,10.08577251],[80.37499237,10.08523846],[80.37553406,10.08434772],[80.37670135,10.0833683],[80.37741852,10.08221149],[80.37831879,10.0814991],[80.37885284,10.08043098],[80.37984467,10.07945156],[80.38101196,10.0782938],[80.38155365,10.07767105],[80.38217926,10.07686996],[80.38317108,10.07615757],[80.38388824,10.07526684],[80.38469696,10.07437706],[80.38559723,10.07366467],[80.38676453,10.07215118],[80.38802338,10.07099342],[80.38891602,10.07010365],[80.38928223,10.06956863],[80.38990784,10.06867886],[80.39035797,10.06787777],[80.39134216,10.0668087],[80.39206696,10.06574059],[80.39269257,10.06467247],[80.39350128,10.06378174],[80.39395142,10.06289101],[80.39457703,10.06208992],[80.39538574,10.0610218],[80.39646912,10.05968666],[80.39700317,10.05861759],[80.39763641,10.05826187],[80.39817047,10.05728245],[80.39889526,10.05665874],[80.39925385,10.05648136],[80.3997879,10.05541229],[80.40068817,10.05434418],[80.40122986,10.05354309],[80.40203857,10.05274105],[80.40284729,10.05167294],[80.40373993,10.05069351],[80.40446472,10.04971409],[80.40518188,10.048913],[80.4059906,10.04784393],[80.40679932,10.04695415],[80.40760803,10.04597473],[80.4083252,10.04517269],[80.40913391,10.04428291],[80.40985107,10.04330349],[80.41056824,10.04259109],[80.41110992,10.0418787],[80.41191864,10.04089928],[80.4126358,10.04000854],[80.41299438,10.03911877],[80.41353607,10.03858376],[80.41407776,10.03769398],[80.41506195,10.03662491],[80.41577911,10.03591251],[80.41650391,10.03493309],[80.41722107,10.0342207],[80.41802979,10.03333092],[80.4188385,10.03244019],[80.41946411,10.03181648],[80.42036438,10.03074837],[80.4211731,10.02985764],[80.42162323,10.02905655],[80.42305756,10.0278101],[80.42333221,10.02700806],[80.42395782,10.02629662],[80.42467499,10.02558422],[80.42530823,10.02460384],[80.42620087,10.02335739],[80.42683411,10.02273464],[80.42719269,10.02202225],[80.42809296,10.02104282],[80.42871857,10.02024078],[80.42935181,10.01908302],[80.43006897,10.01846027],[80.43060303,10.01748085],[80.4315033,10.01641178],[80.43249512,10.01543236],[80.43302917,10.01463127],[80.43383789,10.01347351],[80.43473816,10.01249409],[80.43554688,10.01160336],[80.43626404,10.0103569],[80.43698883,10.00946617],[80.43743134,10.00875378],[80.43779755,10.00857544],[80.43806458,10.00786304],[80.4383316,10.00688362],[80.43878174,10.00608253],[80.43959045,10.00501347],[80.44021606,10.00421238],[80.44102478,10.00332165],[80.44156647,10.00234222],[80.44210815,10.00162983],[80.44264221,10.00082874],[80.443367,9.99967098],[80.44390106,9.99904728],[80.44444275,9.99815655],[80.44525146,9.99726582],[80.44551849,9.99708843],[80.44579315,9.99646473],[80.44660187,9.995574],[80.44677734,9.99477291],[80.44767761,9.99370384],[80.44839478,9.99272442],[80.44902802,9.991745],[80.44983673,9.99067593],[80.45037079,9.98996353],[80.45100403,9.98916245],[80.45162964,9.98818302],[80.45217133,9.98764801],[80.45306396,9.98649025],[80.45378876,9.98577785],[80.45477295,9.98470974],[80.45567322,9.9839077],[80.45657349,9.98283958],[80.45746613,9.98194885],[80.45819092,9.98105812],[80.45908356,9.97998905],[80.46025848,9.97883129],[80.46088409,9.97794151],[80.46160126,9.97705078],[80.46231842,9.97642708],[80.46295166,9.97544765],[80.46385193,9.97473526],[80.46429443,9.97402287],[80.46501923,9.97331047],[80.46573639,9.97259808],[80.46663666,9.97152901],[80.46762085,9.97045994],[80.46861267,9.96912384],[80.46995544,9.96787739],[80.47103882,9.96671963],[80.47175598,9.96609592],[80.47283173,9.9651165],[80.47364044,9.96413708],[80.47471619,9.9631567],[80.47516632,9.96235561],[80.47597504,9.96164322],[80.47669983,9.96084118],[80.47750854,9.96004009],[80.47822571,9.95950603],[80.47894287,9.95870399],[80.47956848,9.95781326],[80.48029327,9.95692253],[80.48110199,9.95621014],[80.48199463,9.95523071],[80.48280334,9.95451832],[80.48334503,9.95371628],[80.48451233,9.95282555],[80.48505402,9.95193481],[80.48622131,9.9508667],[80.48703003,9.94970798],[80.48765564,9.94926357],[80.48801422,9.94872856],[80.48900604,9.9475708],[80.49034882,9.94659138],[80.49152374,9.94507694],[80.49224091,9.9442749],[80.49277496,9.94356251],[80.49358368,9.94231606],[80.4943924,9.94124699],[80.49547577,9.94000053],[80.49600983,9.9391098],[80.49673462,9.93795109],[80.49762726,9.9365263],[80.49835205,9.93545723],[80.49897766,9.93447781],[80.49987793,9.93367577],[80.50113678,9.93198395],[80.50202942,9.93127155],[80.50292969,9.93055916],[80.50382996,9.92940044],[80.50473022,9.92850971],[80.50580597,9.92761898],[80.50661469,9.92672825],[80.50759888,9.92566013]]]},"source_id":"incois_wfs","acquired_at":"2026-08-31T18:05:40.682931+00:00"},{"type":"Feature","feature_key":"130e2f96e54f8690","properties":{"FNODE_":1553,"TNODE_":1554,"LPOLY_":1,"RPOLY_":1,"LENGTH":0.0136184,"BATHMETRY_":1361,"BATHMETRY1":10,"BATHMETR_1":10,"BATHYLABEL":""},"geometry":{"type":"MultiLineString","coordinates":[[[80.35323334,9.88266945],[80.35227966,9.8829155],[80.35135651,9.88308239],[80.35049438,9.88309956],[80.34964752,9.88283825],[80.34887695,9.88232327],[80.34828949,9.88163185],[80.34783936,9.88085461],[80.34740448,9.8800869],[80.34687805,9.87938213],[80.34629059,9.87868786],[80.34565735,9.87799072],[80.34492493,9.87754154],[80.34404755,9.87751389],[80.34310913,9.87754726],[80.34218597,9.87748528]]]},"source_id":"incois_wfs","acquired_at":"2026-08-31T18:05:40.682931+00:00"},{"type":"Feature","feature_key":"2726add6cf8c1de2","properties":{"FNODE_":1554,"TNODE_":1528,"LPOLY_":1,"RPOLY_":1,"LENGTH":0.434149,"BATHMETRY_":1362,"BATHMETRY1":10,"BATHMETR_1":10,"BATHYLABEL":""},"geometry":{"type":"MultiLineString","coordinates":[[[80.34218597,9.87748528],[80.34140015,9.87774467],[80.34083557,9.87845898],[80.34051514,9.8793869],[80.34044647,9.88029766],[80.34049225,9.88117409],[80.34049225,9.882061],[80.34048462,9.8829565],[80.34052277,9.88384533],[80.34059143,9.88473129],[80.34067535,9.88562202],[80.34070587,9.88651848],[80.34063721,9.88739872],[80.34044647,9.88825703],[80.34021759,9.88912296],[80.34001923,9.89002991],[80.33979797,9.89091969],[80.33937836,9.89166737],[80.33867645,9.89222717],[80.33795929,9.89277458],[80.33729553,9.893363],[80.33665466,9.89398956],[80.33612823,9.89472008],[80.33586884,9.8955574],[80.33588409,9.89645863],[80.33610535,9.89737034],[80.33635712,9.89825726],[80.33630371,9.89909744],[80.33588409,9.8998909],[80.33547211,9.90068626],[80.33505249,9.90147877],[80.3345108,9.90219498],[80.3338089,9.9027319],[80.33301544,9.90317059],[80.33224487,9.90364361],[80.33148193,9.90411663],[80.33068085,9.90450096],[80.3298111,9.90473938],[80.32891083,9.90486526],[80.32801056,9.90490437],[80.32711792,9.90485287],[80.32623291,9.90470982],[80.32535553,9.90451241],[80.32447052,9.90431404],[80.32359314,9.90416908],[80.32269287,9.90410519],[80.32177734,9.90412331],[80.32086945,9.90411663],[80.32000732,9.9039259],[80.31920624,9.90349674],[80.31838226,9.90317726],[80.31748199,9.90318298],[80.3165741,9.90323353],[80.31568146,9.90321255],[80.31478119,9.90319061],[80.31388855,9.90330982],[80.31303406,9.90362453],[80.31227112,9.904109],[80.31163025,9.90472794],[80.31105804,9.90542316],[80.3105011,9.90612984],[80.30994415,9.90682888],[80.30939484,9.90753269],[80.30887604,9.90825748],[80.30838013,9.90900135],[80.30786896,9.90974426],[80.30739594,9.91050434],[80.30703735,9.91131306],[80.30683899,9.91217899],[80.30664825,9.91305447],[80.30639648,9.91390991],[80.30612946,9.91476154],[80.30582428,9.91560078],[80.30543518,9.91640091],[80.30493927,9.91714764],[80.30437469,9.91784382],[80.30377197,9.91850471],[80.30318451,9.91916943],[80.30262756,9.91987228],[80.30213928,9.92062187],[80.30172729,9.92141056],[80.30138397,9.92224026],[80.30111694,9.92309952],[80.30082703,9.92394543],[80.30040741,9.924716],[80.29985046,9.92541695],[80.29930878,9.92614269],[80.29879761,9.92687893],[80.29815674,9.92747879],[80.29741669,9.92798805],[80.29670715,9.92855644],[80.29602814,9.92915249],[80.29528046,9.92962742],[80.29444122,9.92993069],[80.29360962,9.93028069],[80.29286194,9.93076801],[80.29211426,9.93127155],[80.29131317,9.9316597],[80.29045105,9.93192482],[80.28960419,9.9322319],[80.2888031,9.93263531],[80.28801727,9.93305969],[80.28720856,9.93345165],[80.28639221,9.93382072],[80.28556824,9.9341898],[80.28476715,9.93457508],[80.28396606,9.93497849],[80.28316498,9.93538189],[80.28234863,9.93576527],[80.28153229,9.93614197],[80.28074646,9.93657875],[80.28003693,9.93711185],[80.27934265,9.93769169],[80.27865601,9.93825436],[80.27789307,9.93873978],[80.27713013,9.93919945],[80.27644348,9.93976974],[80.27583313,9.9404335],[80.27524567,9.9411087],[80.27466583,9.94178772],[80.27410126,9.94247246],[80.27352142,9.94316101],[80.27293396,9.94382763],[80.27227783,9.94444084],[80.27155304,9.94497299],[80.27077484,9.9454174],[80.26997375,9.94582844],[80.26919556,9.94626045],[80.26843262,9.94673824],[80.2677002,9.94725323],[80.26696777,9.94776917],[80.26621246,9.9482708],[80.26553345,9.948843],[80.26499176,9.94954586],[80.26451111,9.95030785],[80.2640152,9.95105362],[80.26347351,9.95175838],[80.26282501,9.95240784],[80.26231384,9.95312309],[80.26210785,9.95399666],[80.2616272,9.95474148],[80.26117706,9.95547962],[80.2610321,9.95636845],[80.26055908,9.95712566],[80.26044464,9.95798302],[80.26055908,9.95890522],[80.2605896,9.95980167],[80.26055145,9.96068192],[80.26049805,9.96156883],[80.26049042,9.96246147],[80.26056671,9.96334743],[80.26077271,9.96421432],[80.26109314,9.96505547],[80.2614975,9.96586227],[80.26196289,9.96662712],[80.26249695,9.96733761],[80.2631073,9.96799088],[80.26374054,9.96862698],[80.26433563,9.96929359],[80.26483917,9.97003078],[80.26529694,9.97080231],[80.26580811,9.97152805],[80.26642609,9.97216606],[80.26708984,9.97278023],[80.26773071,9.97342587],[80.26838684,9.97402859],[80.26916504,9.97446251],[80.2700119,9.97479057],[80.27074432,9.97526836],[80.27131653,9.97597027],[80.2717514,9.97677326],[80.27210999,9.97758675],[80.2723999,9.9784317],[80.27259064,9.97932243],[80.27255249,9.98020458],[80.27218628,9.98101044],[80.27155304,9.98168755],[80.2707901,9.98217106],[80.26993561,9.98238277],[80.26904297,9.98237038],[80.26812744,9.98230743],[80.26722717,9.98231125],[80.2663269,9.98225784],[80.26544952,9.98204231],[80.26464081,9.98165035],[80.26390839,9.98112583],[80.26318359,9.98060608],[80.26241302,9.98014164],[80.2616272,9.97970486],[80.260849,9.97927475],[80.26005554,9.97883606],[80.2592926,9.97838116],[80.25852966,9.97790146],[80.25778198,9.97740555],[80.25701904,9.97693348],[80.25622559,9.97651863],[80.25541687,9.97613239],[80.25463104,9.97570324],[80.25387573,9.97522354],[80.25310516,9.9747591],[80.25234222,9.97428799],[80.25167084,9.97369385],[80.25110626,9.97299385],[80.25047302,9.97237587],[80.24972534,9.97188377],[80.24906158,9.9712677],[80.24842834,9.97062874],[80.247612,9.97034359],[80.24672699,9.9701395],[80.24594116,9.96968937],[80.24519348,9.96918869],[80.24436951,9.96886921],[80.24347687,9.96871567],[80.2425766,9.96861553],[80.24167633,9.96847057],[80.24079132,9.96829891],[80.23991394,9.96817398],[80.23901367,9.96810341],[80.2381134,9.96804619],[80.23722076,9.96797752],[80.2363205,9.96791267],[80.23542786,9.96787834],[80.23453522,9.96789646],[80.23363495,9.96796513],[80.23274231,9.96807098],[80.2318573,9.96819687],[80.23096466,9.96831799],[80.23006439,9.96840668],[80.22915649,9.96846104],[80.22828674,9.96861362],[80.2274704,9.96897411],[80.22669983,9.96945286],[80.22595215,9.96995163],[80.22520447,9.97043705],[80.2244339,9.97088623],[80.22362518,9.9712925],[80.22276306,9.97167587],[80.22196198,9.97211552],[80.22134399,9.97270584],[80.2209549,9.97349167],[80.22061157,9.97433758],[80.22011566,9.9750967],[80.21945953,9.97571564],[80.21868134,9.97616959],[80.21787262,9.97654915],[80.21709442,9.97700119],[80.21638489,9.97755241],[80.21573639,9.97818089],[80.21514893,9.97886372],[80.21458435,9.97956085],[80.21395874,9.98019695],[80.21325684,9.98075771],[80.21250916,9.98125935],[80.21173859,9.98171139],[80.2109375,9.98212242],[80.21012878,9.98250294],[80.20931244,9.98288155],[80.20851135,9.98328781],[80.20774841,9.98375034],[80.20702362,9.98427296],[80.20632172,9.98482609],[80.20561218,9.98538113],[80.20490265,9.98592377],[80.20419312,9.98647404],[80.20349884,9.98703861],[80.20279694,9.9875946],[80.20207214,9.98812103],[80.20134735,9.98865128],[80.20069885,9.98926258],[80.20013428,9.9899559],[80.19950104,9.990592],[80.19875336,9.99110603],[80.19807434,9.99167061],[80.19757843,9.99240398],[80.19716644,9.99321651],[80.19676971,9.99402428],[80.19639587,9.99482727],[80.19600677,9.99562836],[80.19563293,9.9964323],[80.19525909,9.99724388],[80.19489288,9.99805546],[80.19451904,9.99886036],[80.19407654,9.99964714],[80.19363403,10.00043583],[80.19345856,10.00128269],[80.19351196,10.00218868],[80.19351959,10.00309658],[80.19334412,10.00396442],[80.19297028,10.00476456],[80.19255066,10.00556564],[80.1920929,10.00632286],[80.19141388,10.00690842],[80.19062805,10.00735092],[80.18981934,10.00773239],[80.18901825,10.00812912],[80.18824768,10.00858784],[80.18746185,10.00902367],[80.18666077,10.00943851],[80.1858902,10.00988483],[80.18514252,10.01038742],[80.18443298,10.01093483],[80.18374634,10.01150417],[80.18305206,10.01207161],[80.1823349,10.01260948],[80.18157196,10.0130825],[80.18076324,10.01346684],[80.17991638,10.01377583],[80.17909241,10.01411438],[80.1783371,10.01458549],[80.17762756,10.01513863],[80.17688751,10.01566029],[80.17609406,10.016078],[80.17527008,10.01643276],[80.17444611,10.01679802],[80.17368317,10.01725578],[80.17297363,10.01782227],[80.17223358,10.01831341],[80.17140198,10.01858807],[80.17050171,10.01877403],[80.16963196,10.01903629],[80.16880798,10.01943207],[80.16808319,10.01996803],[80.16747284,10.02062798],[80.16682434,10.02124405],[80.16602325,10.02164841],[80.16523743,10.02206326],[80.16464233,10.02271938],[80.16407013,10.02342415],[80.16339111,10.02401066],[80.16267395,10.02454567],[80.16195679,10.02508259],[80.16124725,10.02562714],[80.16054535,10.02617931],[80.15982819,10.02672005],[80.15905762,10.02716637],[80.15821838,10.02749825],[80.15736389,10.02779102],[80.1565094,10.02808666],[80.15564728,10.02834225],[80.15477753,10.02850246],[80.15387726,10.02857685],[80.15296936,10.0286293],[80.15207672,10.02867889],[80.15117645,10.02867603],[80.15028381,10.02856159],[80.14942169,10.02833748],[80.14855194,10.0281086],[80.1476593,10.02796936],[80.14676666,10.02790642],[80.14586639,10.02787304],[80.14496613,10.02788734],[80.14407349,10.02799034],[80.14320374,10.02818394],[80.14234161,10.02845764],[80.14148712,10.02879906],[80.14069366,10.02923012],[80.14001465,10.02980328],[80.13948822,10.03051472],[80.13894653,10.03123856],[80.13832855,10.03187656],[80.13762665,10.03244305],[80.1368866,10.03296566],[80.1361618,10.03349304],[80.13550568,10.03409767],[80.13493347,10.03478527],[80.13432312,10.03543377],[80.13359833,10.0359621],[80.13284302,10.03645897],[80.13211823,10.03697872],[80.13137054,10.03747082],[80.13057709,10.0378828],[80.12974548,10.0382328],[80.12893677,10.03861523],[80.12818146,10.03910065],[80.12747192,10.03964806],[80.12676239,10.04020119],[80.12604523,10.04073143],[80.12532043,10.04125023],[80.12458801,10.04177189],[80.12386322,10.04231167],[80.12313843,10.0428381],[80.12236786,10.04329586],[80.12154388,10.04363251],[80.12068176,10.04387951],[80.11981201,10.04411125],[80.11894989,10.04438591],[80.11811066,10.04470825],[80.11728668,10.04506779],[80.11646271,10.04541683],[80.11560822,10.04568768],[80.11472321,10.04582787],[80.11381531,10.04588223],[80.11292267,10.04591656],[80.1120224,10.04592991],[80.11112213,10.04589462],[80.11022949,10.04578495],[80.10935211,10.04560852],[80.10848236,10.04538155],[80.10762024,10.04511738],[80.10675812,10.04484463],[80.105896,10.0446167],[80.10501862,10.04446602],[80.10413361,10.04435921],[80.10321808,10.04424858],[80.10228729,10.04414845],[80.10139465,10.04417706],[80.10058594,10.04445648],[80.09983826,10.04496288],[80.09911346,10.04551601],[80.09832764,10.04593849],[80.09747314,10.04619122],[80.09656525,10.04634094],[80.09564972,10.04645443],[80.09473419,10.04653549],[80.09385681,10.04648018],[80.09301758,10.04618263],[80.0922699,10.04565716],[80.09165192,10.04498863],[80.09114838,10.04424667],[80.09069824,10.04347801],[80.09023285,10.04272079],[80.08975983,10.04196548],[80.08934784,10.04117107],[80.08900452,10.04033375],[80.08863831,10.03952217],[80.08813477,10.0388031],[80.08750153,10.0381794],[80.08683014,10.03757381],[80.08621216,10.03691387],[80.08563232,10.03622913],[80.08499908,10.03561974],[80.08425903,10.03509617],[80.08351898,10.03458309],[80.08280182,10.03404999],[80.08209229,10.03350735],[80.08137512,10.03297424],[80.08063507,10.03245831],[80.07989502,10.03196526],[80.07911682,10.03150177],[80.07832336,10.03108215],[80.07749939,10.03072453],[80.07665253,10.03044319],[80.07577515,10.03021622],[80.07491302,10.02998638],[80.0740509,10.02971649],[80.07319641,10.02943707],[80.07234955,10.02918053],[80.07147217,10.02897167],[80.07059479,10.02879524],[80.06970215,10.02861309],[80.0688324,10.02841282],[80.06794739,10.02826023],[80.06705475,10.02822304],[80.06614685,10.02826405],[80.06524658,10.02832794],[80.06436157,10.02838993],[80.0634613,10.02842903],[80.06256104,10.02842808],[80.06166077,10.02841473],[80.06076813,10.0284586],[80.05986786,10.02855968],[80.05897522,10.02861118],[80.05809021,10.02854443],[80.05719757,10.02840996],[80.0562973,10.02828217],[80.05540466,10.02822399],[80.05450439,10.0282402],[80.05360413,10.02830219],[80.05270386,10.02837563],[80.05181885,10.02842999],[80.05091858,10.02844334],[80.05001831,10.02843475],[80.04911041,10.02844524],[80.0482254,10.02854919],[80.04737091,10.02881622],[80.04656219,10.02920818],[80.04576111,10.02962971],[80.04496002,10.03003597],[80.04414368,10.03040695],[80.0433197,10.03073788],[80.04248047,10.03106689],[80.04165649,10.03143024],[80.04085541,10.0318327],[80.04007721,10.0322628],[80.03929138,10.03269863]]]},"source_id":"incois_wfs","acquired_at":"2026-08-31T18:05:40.682931+00:00"},{"type":"Feature","feature_key":"4c3b5d584d6f34d1","properties":{"FNODE_":1537,"TNODE_":1555,"LPOLY_":1,"RPOLY_":1,"LENGTH":1.09024,"BATHMETRY_":1364,"BATHMETRY1":10,"BATHMETR_1":10,"BATHYLABEL":""},"geometry":{"type":"MultiLineString","coordinates":[[[79.50350189,9.97518063],[79.50457764,9.97464561],[79.50566101,9.97428989],[79.50655365,9.9735775],[79.50852966,9.9728651],[79.50997162,9.97411156],[79.50978851,9.97571468],[79.50961304,9.97660542],[79.50799561,9.9780302],[79.50655365,9.97909927],[79.50457764,9.98016739],[79.50331879,9.98141479],[79.50314331,9.98283958],[79.50278473,9.98479843],[79.50188446,9.98604488],[79.50080872,9.98729229],[79.49954987,9.98978615],[79.49919128,9.99138832],[79.4988327,9.99352551],[79.4988327,9.99548531],[79.49936676,9.99744415],[79.5004425,9.99904728],[79.50170135,10.0013628],[79.50260162,10.00296593],[79.50278473,10.00474644],[79.50278473,10.0065279],[79.50278473,10.00848675],[79.50278473,10.01008987],[79.50242615,10.01133633],[79.5011673,10.01222706],[79.49972534,10.01347351],[79.49810791,10.01525402],[79.49721527,10.01650143],[79.49577332,10.01774788],[79.49415588,10.01846027],[79.49236298,10.01917267],[79.49074554,10.02148724],[79.48966217,10.02344704],[79.48732758,10.02522755],[79.48571014,10.0257616],[79.48391724,10.026474],[79.4821167,10.026474],[79.48014069,10.026474],[79.47816467,10.02558422],[79.47618866,10.02451515],[79.47438812,10.02344704],[79.47259521,10.02237797],[79.47007751,10.02130985],[79.46864319,10.02077484],[79.46666718,10.02077484],[79.46396637,10.02077484],[79.46199036,10.02077484],[79.46001434,10.02184391],[79.45803833,10.02344704],[79.45696259,10.02558422],[79.456604,10.02772045],[79.45624542,10.02985764],[79.45624542,10.03217316],[79.45696259,10.03502274],[79.45713806,10.03769398],[79.45822144,10.04000854],[79.45875549,10.04232407],[79.46001434,10.04357052],[79.46091461,10.04535103],[79.46109772,10.04730988],[79.4614563,10.04909039],[79.46181488,10.05051517],[79.46253204,10.05158424],[79.46360779,10.05265236],[79.46504974,10.05407715],[79.46540833,10.05585766],[79.46576691,10.05817223],[79.46576691,10.06137753],[79.4655838,10.06600761],[79.4655838,10.06796646],[79.46522522,10.0706377],[79.46504974,10.07206154],[79.46486664,10.07437706],[79.46486664,10.07633495],[79.46540833,10.07847214],[79.46630859,10.08025265],[79.46792603,10.08167744],[79.47007751,10.08256721],[79.47277069,10.08292389],[79.47564697,10.08292389],[79.47870636,10.08221149],[79.48014069,10.08221149],[79.48175812,10.08256721],[79.48373413,10.08381367],[79.48480988,10.0847044],[79.48642731,10.08488178],[79.48841095,10.08506012],[79.49020386,10.08523846],[79.49163818,10.08523846],[79.49325562,10.08595085],[79.49577332,10.08630657],[79.49721527,10.08684063],[79.49919128,10.08684063],[79.50134277,10.08684063],[79.50350189,10.08737469],[79.50619507,10.08773136],[79.50835419,10.08808708],[79.51104736,10.08826542],[79.5128479,10.08826542],[79.5151825,10.0871973],[79.51769257,10.08666325],[79.51895142,10.08648491],[79.5218277,10.08701897],[79.5243454,10.08790874],[79.52739716,10.08897781],[79.53117371,10.0891552],[79.53512573,10.08969021],[79.5383606,10.08969021],[79.54231262,10.08969021],[79.54590607,10.08969021],[79.54914093,10.09022427],[79.55219269,10.09022427],[79.55489349,10.09057999],[79.55812836,10.09057999],[79.56118011,10.09004593],[79.56369781,10.08969021],[79.56531525,10.08862114],[79.56782532,10.08755302],[79.56980896,10.08630657],[79.57196045,10.08577251],[79.57357788,10.08506012],[79.575737,10.08506012],[79.57807159,10.08488178],[79.58076477,10.08363628],[79.58309937,10.08221149],[79.58544159,10.08096504],[79.58777618,10.07971859],[79.58939362,10.07847214],[79.59065247,10.07704735],[79.59298706,10.07562351],[79.59424591,10.07491112],[79.59532166,10.07402039],[79.59675598,10.07348633],[79.59765625,10.07295227],[79.59855652,10.07223988],[79.59963226,10.07152748],[79.60053253,10.07045937],[79.6014328,10.06956863],[79.60286713,10.06832218],[79.6037674,10.06725407],[79.60484314,10.06636333],[79.6062851,10.06547356],[79.60717773,10.06440544],[79.608078,10.0642271],[79.60933685,10.06351471],[79.61077118,10.06298065],[79.61185455,10.06262398],[79.61383057,10.06208992],[79.61580658,10.06155586],[79.61778259,10.06084347],[79.6195755,10.06030941],[79.62155914,10.05941868],[79.62245178,10.05906296],[79.62353516,10.05746078],[79.62425232,10.05657005],[79.62532806,10.05514526],[79.62677002,10.05354309],[79.62784576,10.0521183],[79.62910461,10.05122757],[79.63036346,10.05015945],[79.63215637,10.04998112],[79.63503265,10.04926872],[79.63700867,10.04873466],[79.63916779,10.04784393],[79.64167786,10.04659748],[79.64311981,10.04588509],[79.64455414,10.04499531],[79.64671326,10.04357052],[79.64833069,10.04267979],[79.6503067,10.04161167],[79.65156555,10.04072094],[79.65371704,10.03929615],[79.65587616,10.03840637],[79.6569519,10.03715897],[79.65982819,10.03591251],[79.6618042,10.03466606],[79.66324615,10.03377628],[79.66396332,10.03270721],[79.66468048,10.03199482],[79.66558075,10.03146076],[79.66737366,10.03146076],[79.66845703,10.03199482],[79.66970825,10.03288555],[79.67132568,10.03359795],[79.6733017,10.03448772],[79.67546082,10.03502274],[79.67743683,10.03502274],[79.67905426,10.03502274],[79.68103027,10.03431034],[79.68570709,10.03431034],[79.68840027,10.03431034],[79.69127655,10.03377628],[79.69468689,10.03306389],[79.69720459,10.03270721],[79.70025635,10.03181648],[79.70295715,10.03074837],[79.70636749,10.02950191],[79.70834351,10.02843285],[79.71050262,10.02736473],[79.71229553,10.02665234],[79.71499634,10.02558422],[79.71643066,10.02504921],[79.71858978,10.02362442],[79.7223587,10.02380276],[79.727211,10.02362442],[79.73134613,10.02362442],[79.73332214,10.02415943],[79.73529816,10.02291203],[79.73673248,10.02184391],[79.73745728,10.01952839],[79.73817444,10.0181036],[79.7387085,10.01685715],[79.73943329,10.01525402],[79.7412262,10.01365185],[79.74338531,10.01293945],[79.74500275,10.01115799],[79.74607849,10.00884247],[79.74607849,10.00777435],[79.74697876,10.00617123],[79.74787903,10.00545883],[79.74895477,10.00385571],[79.75021362,10.00065041],[79.7505722,9.99851322],[79.74895477,9.99584103],[79.74769592,9.99548531],[79.74589539,9.99423885],[79.74428558,9.99316978],[79.74230194,9.99227905],[79.74068451,9.99210072],[79.7387085,9.99192333],[79.73583984,9.99263573],[79.73439789,9.99334812],[79.73242188,9.99406052],[79.73152161,9.99477291],[79.72918701,9.99548531],[79.72775269,9.99637604],[79.72613525,9.99762249],[79.72397614,9.99975967],[79.7223587,10.00047207],[79.7205658,10.00154114],[79.71894836,10.00260925],[79.71733093,10.00314331],[79.7155304,10.00314331],[79.71373749,10.00403404],[79.71265411,10.00492477],[79.71140289,10.00617123],[79.71050262,10.00759602],[79.70906067,10.00813007],[79.70726776,10.00919914],[79.70546722,10.01062393],[79.70493317,10.01187038],[79.70349121,10.01276112],[79.70205688,10.01400757],[79.70043945,10.01507664],[79.69810486,10.01614475],[79.69487,10.01667881],[79.69271088,10.01632309],[79.69127655,10.01561069],[79.68983459,10.01382923],[79.68983459,10.01222706],[79.69073486,10.01008987],[79.69216919,10.00919914],[79.69451141,10.00848675],[79.69684601,10.00777435],[79.70079803,10.0065279],[79.70277405,10.00563717],[79.70546722,10.00367832],[79.70762634,10.00225353],[79.71031952,10.00082874],[79.71212006,9.999403],[79.71481323,9.99797821],[79.71714783,9.99655342],[79.719841,9.99495125],[79.7223587,9.99281311],[79.72415924,9.99138832],[79.72649384,9.98996353],[79.72811127,9.98853874],[79.73008728,9.98711395],[79.7322464,9.98640156],[79.73422241,9.98551083],[79.73655701,9.98479843],[79.73907471,9.98479843],[79.7414093,9.98444271],[79.7437439,9.98373032],[79.74589539,9.98301697],[79.74841309,9.98230457],[79.75003052,9.98177052],[79.75200653,9.98123646],[79.7529068,9.98105812],[79.75380707,9.98087978],[79.75559998,9.9807024],[79.75721741,9.97998905],[79.75973511,9.97927666],[79.76116943,9.97892094],[79.76296997,9.97892094],[79.76512909,9.97892094],[79.7671051,9.97927666],[79.76925659,9.97981167],[79.77069855,9.98123646],[79.77267456,9.98266125],[79.77429199,9.98462009],[79.77572632,9.98551083],[79.77716827,9.98640156],[79.77931976,9.98818302],[79.78201294,9.98978615],[79.78381348,9.99085426],[79.78633118,9.99192333],[79.78956604,9.99370384],[79.79243469,9.99495125],[79.79495239,9.99601936],[79.79747009,9.99708843],[79.80088043,9.99851322],[79.80447388,9.999403],[79.80806732,9.99975967],[79.81005096,10.00029373],[79.81238556,10.0013628],[79.81489563,10.00296593],[79.81669617,10.00474644],[79.81885529,10.00599289],[79.82226563,10.0072403],[79.82478333,10.00741768],[79.8274765,10.00741768],[79.8299942,10.00706196],[79.83178711,10.00581551],[79.83376312,10.00421238],[79.83556366,10.00225353],[79.83682251,9.99993801],[79.83808136,9.99780083],[79.83969879,9.9961977],[79.83987427,9.99512863],[79.84077454,9.99423885],[79.8414917,9.99316978],[79.84310913,9.99227905],[79.84436798,9.99192333],[79.84562683,9.99085426],[79.84670258,9.98996353],[79.84741974,9.98800468],[79.84777832,9.9865799],[79.84777832,9.98444271],[79.84777832,9.98248291],[79.84741974,9.98052406],[79.84688568,9.97856426],[79.84616089,9.97642708],[79.84562683,9.97482395],[79.84490967,9.9728651],[79.84455109,9.97126198],[79.84382629,9.96965885],[79.84365082,9.96805573],[79.84382629,9.96680832],[79.84526825,9.96556187],[79.84724426,9.96520519],[79.84957886,9.96609592],[79.85083771,9.96787739],[79.85209656,9.97001457],[79.85353088,9.9716177],[79.85533142,9.9728651],[79.85712433,9.97428989],[79.85892487,9.97553635],[79.86197662,9.97678375],[79.86502838,9.97767353],[79.86844635,9.97856426],[79.87239838,9.97909927],[79.87599182,9.97981167],[79.87940979,9.98034573],[79.88246155,9.9807024],[79.88479614,9.98123646],[79.88587189,9.98141479],[79.88803101,9.98159218],[79.89054871,9.98177052],[79.8927002,9.98248291],[79.89504242,9.98283958],[79.89647675,9.98355198],[79.89791107,9.98355198],[79.89989471,9.98444271],[79.90132904,9.98515511],[79.90330505,9.9858675],[79.90510559,9.98693562],[79.90761566,9.98818302],[79.90995026,9.98960781],[79.91139221,9.99049854],[79.91372681,9.99156666],[79.91552734,9.99245739],[79.91786194,9.99334812],[79.92055511,9.99441624],[79.9234314,9.99512863],[79.9252243,9.99548531],[79.92720032,9.99548531],[79.92845917,9.99477291],[79.92935944,9.99352551],[79.92954254,9.99210072],[79.92971802,9.99067593],[79.92954254,9.98978615],[79.92864227,9.98853874],[79.92738342,9.98764801],[79.9259491,9.98622322],[79.92433167,9.98533249],[79.92253113,9.9839077],[79.92145538,9.98212719],[79.92037201,9.98105812],[79.91893768,9.97963333],[79.91767883,9.97820854],[79.91641998,9.97731781],[79.91462708,9.97624874],[79.91300964,9.97535801],[79.91175079,9.97446823],[79.9094162,9.97339916],[79.90744019,9.97215271],[79.90528107,9.97126198],[79.90348816,9.97037125],[79.90078735,9.96965885],[79.8977356,9.96841145],[79.8952179,9.96752071],[79.89198303,9.9657402],[79.88964844,9.96431541],[79.88731384,9.96235561],[79.88641357,9.96093082],[79.88587189,9.95914936],[79.88533783,9.95790195],[79.88515472,9.95612144],[79.88497925,9.9546957],[79.88426208,9.95220184],[79.88426208,9.95042133],[79.88407898,9.94881821],[79.88407898,9.94721413],[79.88389587,9.94543362],[79.8837204,9.94383049],[79.88353729,9.94258308],[79.88300323,9.9404459],[79.88210297,9.93884182],[79.8813858,9.93723869],[79.88084412,9.93599224],[79.87940979,9.93438911],[79.87850952,9.93278503],[79.87760925,9.93136024],[79.87545013,9.92833233],[79.8745575,9.92655087],[79.87347412,9.9247694],[79.87294006,9.92316532],[79.87239838,9.92174053],[79.87168121,9.91978073],[79.87060547,9.91871166],[79.86952209,9.91746521],[79.86790466,9.91514874],[79.86664581,9.91407967],[79.86539459,9.91247654],[79.86413574,9.91105175],[79.86269379,9.90962601],[79.86125946,9.90837955],[79.85964203,9.90731049],[79.85784149,9.90588474],[79.85640717,9.90445995],[79.85514832,9.90339088],[79.85335541,9.90232182],[79.85191345,9.90125275],[79.85029602,9.90000534],[79.84886169,9.89875889],[79.84724426,9.89679909],[79.84455109,9.89483929],[79.84275055,9.89341354],[79.84059143,9.89127541],[79.838974,9.89020729],[79.83753967,9.88842487],[79.83610535,9.88700008],[79.83376312,9.88486195],[79.8323288,9.8834362],[79.83089447,9.88183308],[79.82927704,9.88058567],[79.82711792,9.87916088],[79.82478333,9.8775568],[79.82226563,9.87613106],[79.82028961,9.87381554],[79.8183136,9.8729248],[79.815979,9.8716774],[79.81417847,9.86989498],[79.81310272,9.86900425],[79.81184387,9.86775684],[79.81005096,9.86633205],[79.80860901,9.86508465],[79.80699158,9.86401558],[79.80501556,9.86330318],[79.80285645,9.86294651],[79.79962921,9.86294651],[79.79675293,9.86294651],[79.79243469,9.86276817],[79.78974152,9.86205578],[79.78759003,9.86205578],[79.7834549,9.86134243],[79.7811203,9.86063004],[79.77914429,9.86009598],[79.77770233,9.85938263],[79.77482605,9.85795784],[79.77320862,9.8565321],[79.77141571,9.85492802],[79.77087402,9.85385895],[79.77033997,9.85118675]]]},"source_id":"incois_wfs","acquired_at":"2026-08-31T18:05:40.682931+00:00"},{"type":"Feature","feature_key":"c0319ed4ce2e98b7","properties":{"FNODE_":1556,"TNODE_":1557,"LPOLY_":1,"RPOLY_":1,"LENGTH":0.0651813,"BATHMETRY_":1365,"BATHMETRY1":10,"BATHMETR_1":10,"BATHYLABEL":""},"geometry":{"type":"MultiLineString","coordinates":[[[80.21367645,9.83835697],[80.21260071,9.83853531],[80.2108078,9.8380003],[80.20900726,9.83710957],[80.20738983,9.83657455],[80.20631409,9.8360405],[80.20451355,9.83532715],[80.2032547,9.83461475],[80.20074463,9.83407974],[80.19894409,9.83390141],[80.19715118,9.83372402],[80.19570923,9.83318901],[80.19391632,9.83265495],[80.19229889,9.83247662],[80.19104004,9.8319416],[80.18942261,9.83176327],[80.18798065,9.83122921],[80.18618774,9.83105087],[80.18438721,9.83051586],[80.18187714,9.83016014],[80.1802597,9.82980347],[80.17864227,9.82944679],[80.1775589,9.82909012],[80.17540741,9.82909012],[80.17396545,9.82909012],[80.17163086,9.82909012],[80.16893768,9.82926846],[80.16462708,9.82926846],[80.16228485,9.82926846],[80.16049194,9.82944679],[80.15761566,9.82944679],[80.1543808,9.82944679],[80.15132904,9.82962513],[80.15007019,9.82962513]]]},"source_id":"incois_wfs","acquired_at":"2026-08-31T18:05:40.682931+00:00"},{"type":"Feature","feature_key":"b5b2b459eafdd486","properties":{"FNODE_":1560,"TNODE_":1556,"LPOLY_":1,"RPOLY_":1,"LENGTH":0.105841,"BATHMETRY_":1367,"BATHMETRY1":10,"BATHMETR_1":10,"BATHYLABEL":""},"geometry":{"type":"MultiLineString","coordinates":[[[80.27746582,9.77616119],[80.27567291,9.77830029],[80.27495575,9.77972603],[80.27423096,9.78097343],[80.2736969,9.78239918],[80.27279663,9.78346825],[80.2713623,9.78525066],[80.27010345,9.78649807],[80.26956177,9.78810215],[80.2688446,9.78970623],[80.26812744,9.79095364],[80.26740265,9.79237938],[80.26651001,9.79398346],[80.26578522,9.79523087],[80.26578522,9.79683495],[80.26596832,9.79808235],[80.26651001,9.80057716],[80.26651001,9.80182552],[80.2663269,9.80360699],[80.26615143,9.8053894],[80.26596832,9.80717182],[80.2663269,9.81020069],[80.26668549,9.81180477],[80.26668549,9.81340885],[80.26686859,9.81465626],[80.26686859,9.816082],[80.26578522,9.81732941],[80.26416779,9.81893349],[80.26291656,9.82071495],[80.26129913,9.82214069],[80.25895691,9.82374477],[80.25788116,9.82499218],[80.2569809,9.82623959],[80.25554657,9.82766533],[80.25411224,9.82944679],[80.25302887,9.83033752],[80.25195313,9.83158493],[80.25105286,9.83211994],[80.24979401,9.83265495],[80.24764252,9.83265495],[80.2454834,9.83247662],[80.24404907,9.8319416],[80.24260712,9.83140755],[80.2406311,9.83122921],[80.23919678,9.83122921],[80.23757935,9.83122921],[80.23577881,9.83158493],[80.2339859,9.83211994],[80.2314682,9.83301067],[80.22930908,9.83407974],[80.2289505,9.83532715],[80.22787476,9.83568382],[80.22661591,9.83639622],[80.22463989,9.83657455],[80.21367645,9.83835697]]]},"source_id":"incois_wfs","acquired_at":"2026-08-31T18:05:40.682931+00:00"},{"type":"Feature","feature_key":"85c8255a21fd78b3","properties":{"FNODE_":1565,"TNODE_":1565,"LPOLY_":1,"RPOLY_":409,"LENGTH":0.0597037,"BATHMETRY_":1370,"BATHMETRY1":10,"BATHMETR_1":10,"BATHYLABEL":""},"geometry":{"type":"MultiLineString","coordinates":[[[80.48603058,9.71395397],[80.48423767,9.71591473],[80.48387146,9.71787548],[80.48387146,9.72037125],[80.48387146,9.72340202],[80.48387146,9.72536278],[80.48262024,9.72785854],[80.48207855,9.72946262],[80.48225403,9.73178005],[80.48387146,9.73284912],[80.4858551,9.73267078],[80.48728943,9.73178005],[80.48872375,9.73017597],[80.4899826,9.72821522],[80.49160004,9.72607613],[80.49304199,9.72393703],[80.49447632,9.72179794],[80.49609375,9.71965885],[80.49771118,9.7176981],[80.49878693,9.71591473],[80.49842834,9.71324158],[80.49627686,9.71234989],[80.49393463,9.71234989],[80.49034119,9.71252823],[80.48783112,9.71324158],[80.48603058,9.71395397]]]},"source_id":"incois_wfs","acquired_at":"2026-08-31T18:05:40.682931+00:00"},{"type":"Feature","feature_key":"4d93ead39a46a962","properties":{"FNODE_":1555,"TNODE_":1571,"LPOLY_":1,"RPOLY_":1,"LENGTH":1.07293,"BATHMETRY_":1376,"BATHMETRY1":10,"BATHMETR_1":10,"BATHYLABEL":""},"geometry":{"type":"MultiLineString","coordinates":[[[79.77033997,9.85118675],[79.76997375,9.84904861],[79.76908112,9.84744453],[79.76872253,9.84584045],[79.76728058,9.84388065],[79.76602173,9.84227657],[79.7645874,9.84102917],[79.76351166,9.83942604],[79.76351166,9.83782196],[79.76314545,9.83657455],[79.76387024,9.83532715],[79.76494598,9.83390141],[79.76584625,9.83283234],[79.76656342,9.8319416],[79.76746368,9.83105087],[79.76818085,9.82962513],[79.76889801,9.82819939],[79.76961517,9.82748699],[79.77051544,9.82606125],[79.77141571,9.82517052],[79.77249146,9.82427883],[79.77410889,9.82374477],[79.77555084,9.82285309],[79.77806091,9.82285309],[79.77967834,9.82285309],[79.78165436,9.82285309],[79.78327179,9.82285309],[79.78650665,9.82249737],[79.78938293,9.82214069],[79.79171753,9.82196236],[79.79441833,9.82178402],[79.79692841,9.82089329],[79.79944611,9.82053661],[79.8017807,9.82000256],[79.80322266,9.81946754],[79.80484009,9.81893349],[79.806633,9.81839848],[79.80879211,9.81768608],[79.81256104,9.81732941],[79.81507874,9.8167944],[79.81741333,9.8167944],[79.81957245,9.8167944],[79.82118988,9.81661606],[79.82334137,9.81643867],[79.82675934,9.81643867],[79.83016968,9.81732941],[79.83322906,9.81875515],[79.83556366,9.82071495],[79.83772278,9.82231903],[79.84005737,9.82570457],[79.84095001,9.82713032],[79.8414917,9.82944679],[79.84095001,9.83158493],[79.83987427,9.83283234],[79.83808136,9.83443642],[79.83628082,9.83497143],[79.83430481,9.83586216],[79.83142853,9.83746624],[79.82927704,9.83906937],[79.82801819,9.84085178],[79.82765961,9.84245491],[79.82819366,9.84477139],[79.82927704,9.8465538],[79.83106995,9.8485136],[79.83268738,9.84993935],[79.83466339,9.85154247],[79.83682251,9.85350323],[79.83861542,9.85439396],[79.84113312,9.85599709],[79.84329224,9.8584919],[79.84616089,9.86080837],[79.84777832,9.86294651],[79.84957886,9.86419392],[79.85191345,9.86597538],[79.85497284,9.86775684],[79.85766602,9.8697176],[79.86035919,9.87132072],[79.86341095,9.87345886],[79.86592865,9.87506294],[79.86754608,9.87648773],[79.86934662,9.87737846],[79.87185669,9.87880421],[79.87311554,9.87987328],[79.87491608,9.88112068],[79.87706757,9.88201141],[79.87922668,9.88379288],[79.88048553,9.88521862],[79.88191986,9.88664341],[79.88317871,9.88806915],[79.88443756,9.88931561],[79.8862381,9.89056301],[79.88785553,9.89287949],[79.88928986,9.89430428],[79.89054871,9.89537334],[79.89216614,9.89626408],[79.89378357,9.89697742],[79.89468384,9.89733315],[79.89593506,9.89751148],[79.89683533,9.89875889],[79.89899445,9.90000534],[79.90151215,9.90107441],[79.90384674,9.90232182],[79.90635681,9.90303421],[79.90905762,9.90374756],[79.9119339,9.90445995],[79.91444397,9.90445995],[79.91750336,9.90499401],[79.91965485,9.90570641],[79.92163086,9.90659714],[79.92360687,9.90748882],[79.92576599,9.90855694],[79.927742,9.90962601],[79.92990112,9.91087341],[79.93115997,9.91158581],[79.93313599,9.91301155],[79.93475342,9.91390228],[79.93672943,9.91514874],[79.93816376,9.91603947],[79.93978119,9.91657448],[79.94139862,9.91782093],[79.94373322,9.91853428],[79.94499207,9.91906834],[79.94642639,9.91978073],[79.94786835,9.92067146],[79.94876862,9.92138386],[79.95020294,9.92227459],[79.95146179,9.923522],[79.95236206,9.9247694],[79.9532547,9.92530346],[79.95433807,9.92619419],[79.95721436,9.92726326],[79.95919037,9.92850971],[79.9608078,9.92922306],[79.96170044,9.93011379],[79.9631424,9.93136024],[79.96529388,9.93278503],[79.96655273,9.93403244],[79.96799469,9.9358139],[79.96925354,9.93741703],[79.97087097,9.93991089],[79.9723053,9.94115829],[79.97373962,9.94258308],[79.97571564,9.94454288],[79.97715759,9.94578934],[79.97841644,9.94703674],[79.98020935,9.94792747],[79.98218536,9.94917393],[79.98560333,9.95095539],[79.98829651,9.95220184],[79.99153137,9.95362759],[79.99494934,9.95487404],[79.99745941,9.95558643],[79.99961853,9.95576477],[80.00141144,9.95576477],[80.00338745,9.95576477],[80.00482941,9.95523071],[80.00734711,9.95505238],[80.00985718,9.95505238],[80.01309204,9.95505238],[80.01560974,9.95487404],[80.01848602,9.95487404],[80.02189636,9.95487404],[80.02531433,9.95505238],[80.02764893,9.95558643],[80.03016663,9.95629883],[80.0326767,9.95754623],[80.03466034,9.95790195],[80.03609467,9.95843697],[80.03842926,9.95843697],[80.04076385,9.95897102],[80.04309845,9.95914936],[80.04561615,9.96021843],[80.04795074,9.96146488],[80.04992676,9.96253395],[80.05280304,9.9637804],[80.05513763,9.96484947],[80.05747986,9.96609592],[80.06017303,9.96698666],[80.06358337,9.96734333],[80.06574249,9.96769905],[80.06879425,9.96769905],[80.07167053,9.96698666],[80.07311249,9.96609592],[80.0750885,9.9644928],[80.07598114,9.96288967],[80.07652283,9.96075249],[80.07670593,9.95843697],[80.07688141,9.95594311],[80.07688141,9.95327091],[80.07616425,9.95059872],[80.07598114,9.94810486],[80.0749054,9.94578934],[80.07436371,9.94383049],[80.07436371,9.94187069],[80.07454681,9.94008923],[80.07526398,9.93795109],[80.07652283,9.93634796],[80.07832336,9.93527985],[80.0799408,9.93492317],[80.08245087,9.93527985],[80.08551025,9.9358139],[80.08748627,9.9358139],[80.08927917,9.9358139],[80.09089661,9.9358139],[80.09305573,9.93492317],[80.09557343,9.93438911],[80.0982666,9.9338541],[80.1007843,9.93296337],[80.10276031,9.93278503],[80.10437775,9.93242931],[80.10688782,9.93242931],[80.10923004,9.93242931],[80.11209869,9.93278503],[80.11461639,9.93349838],[80.11677551,9.93438911],[80.11839294,9.93527985],[80.12108612,9.93563557],[80.12270355,9.93617058],[80.12593842,9.93617058],[80.13007355,9.93617058],[80.1329422,9.93617058],[80.13743591,9.93812943],[80.13923645,9.93884182],[80.14085388,9.93973255],[80.14264679,9.9404459],[80.14426422,9.94133568],[80.14588165,9.94258308],[80.14768219,9.94329548],[80.15037537,9.94329548],[80.15270996,9.94365215],[80.15576935,9.94293976],[80.15953827,9.94222641],[80.16169739,9.94204903],[80.16295624,9.94115829],[80.16493225,9.94026756],[80.16816711,9.93919849],[80.17067719,9.93830776],[80.1728363,9.93795109],[80.17463684,9.93706036],[80.17642975,9.9365263],[80.17840576,9.9358139],[80.18056488,9.93474483],[80.18254089,9.93367577],[80.1843338,9.93332005],[80.18559265,9.93225098],[80.18756866,9.93153858],[80.1893692,9.93082619],[80.1917038,9.92975712],[80.1934967,9.92850971],[80.19529724,9.92779732],[80.19619751,9.92726326],[80.1985321,9.92619419],[80.20032501,9.92441273],[80.20122528,9.92316532],[80.20320129,9.92138386],[80.20481873,9.91995907],[80.20697784,9.91799927],[80.20877075,9.9169302],[80.21021271,9.91568375],[80.21183014,9.914258],[80.21308899,9.91336727],[80.21434021,9.9122982],[80.21559906,9.91123009],[80.21704102,9.91016102],[80.21847534,9.90909195],[80.21973419,9.90820122],[80.22116852,9.90695381],[80.22242737,9.90624142],[80.22386932,9.90517235],[80.22548676,9.90445995],[80.22637939,9.90356922],[80.22727966,9.90339088],[80.22853851,9.90214348],[80.22961426,9.90143108],[80.23105621,9.90036201],[80.23231506,9.89911461],[80.2339325,9.89804554],[80.23554993,9.89679909],[80.23680115,9.89608669],[80.2382431,9.89466095],[80.23931885,9.89377022],[80.24040222,9.89305782],[80.24165344,9.89234447],[80.24237823,9.89163208],[80.24471283,9.89002895],[80.24668884,9.88878155],[80.24758911,9.88806915],[80.24866486,9.88682175],[80.25045776,9.88521862],[80.2522583,9.88379288],[80.25405121,9.88254547],[80.25549316,9.88094234],[80.25656891,9.87933826],[80.25801086,9.8775568],[80.2596283,9.87595367],[80.26087952,9.87452793],[80.26249695,9.87256813],[80.26411438,9.87096405],[80.2664566,9.86936092],[80.26843262,9.86775684],[80.27040863,9.86597538],[80.27148438,9.86454964],[80.27220154,9.86365891],[80.27310181,9.8624115],[80.27436066,9.86027336],[80.27615356,9.85831356],[80.27705383,9.85617542],[80.2779541,9.8545723],[80.27938843,9.85314655],[80.28100586,9.85118675],[80.28334045,9.85011768],[80.28514099,9.84869194],[80.28730011,9.84708786],[80.28873444,9.84601879],[80.29016876,9.84477139],[80.29161072,9.84298992],[80.29304504,9.84067345],[80.29412842,9.83889103],[80.29484558,9.83782196],[80.29556274,9.83621883],[80.29646301,9.83461475],[80.29789734,9.83247662],[80.29897308,9.83105087],[80.30005646,9.82962513],[80.30095673,9.82855606],[80.30184937,9.82730865],[80.30257416,9.82606125],[80.30329132,9.82517052],[80.30382538,9.82392311],[80.30418396,9.82303143],[80.30544281,9.82071495],[80.30652618,9.81893349],[80.30814362,9.8167944],[80.30921936,9.81483459],[80.31119537,9.81216145],[80.31227112,9.81020069],[80.31388855,9.80717182],[80.31497192,9.80592442],[80.31622314,9.80396366],[80.3176651,9.80200291],[80.31892395,9.80057716],[80.31981659,9.7987957],[80.32180023,9.79612255],[80.32287598,9.79576588],[80.3243103,9.79469681],[80.32556915,9.79327106],[80.32754517,9.79166698],[80.32844543,9.78988457],[80.3291626,9.78863716],[80.32987976,9.78756809],[80.33060455,9.78631973],[80.33149719,9.78418159],[80.33239746,9.78293419],[80.33293915,9.78186417],[80.334198,9.77936935],[80.33545685,9.77758694],[80.33670807,9.77616119],[80.33796692,9.77473545],[80.33886719,9.77366638],[80.34012604,9.77188396],[80.34102631,9.76992321],[80.34174347,9.76921082],[80.34264374,9.76760674],[80.3433609,9.76635838],[80.34515381,9.76422024],[80.34677124,9.76225948],[80.34838867,9.7606554],[80.34947205,9.75905132],[80.35054779,9.75726891],[80.35216522,9.75566483],[80.35342407,9.75388241],[80.35521698,9.75192165],[80.35665894,9.75049591],[80.35773468,9.74907017],[80.35952759,9.74746513],[80.36132813,9.74568272],[80.36258698,9.7439003],[80.36330414,9.74283123],[80.36456299,9.7405138],[80.36618042,9.73837471],[80.36743927,9.73677063],[80.36994934,9.7332058],[80.3713913,9.73231411],[80.37282562,9.73088837],[80.37408447,9.72928429],[80.37588501,9.72678852],[80.37786102,9.72536278],[80.37947845,9.7237587],[80.38091278,9.72251034],[80.38271332,9.72054958],[80.38486481,9.7189455],[80.38738251,9.71787548],[80.38918304,9.71698475],[80.39061737,9.71609306],[80.39421082,9.71538067],[80.39672852,9.7135973],[80.39834595,9.71306324],[80.39978027,9.71110249],[80.40175629,9.70931911],[80.40355682,9.7075367],[80.40517426,9.70575428],[80.40679169,9.70397186],[80.40858459,9.70236683],[80.41038513,9.70111942],[80.41217804,9.69969273],[80.41433716,9.69808865],[80.41685486,9.69648457],[80.42008209,9.6939888],[80.42169952,9.69363213],[80.42295837,9.6925621],[80.42440033,9.69113636],[80.42709351,9.68881893],[80.42906952,9.68757057],[80.42996979,9.68650055],[80.43087006,9.68560982],[80.43158722,9.68418312],[80.43266296,9.68382645],[80.43356323,9.68275738],[80.4344635,9.68186569],[80.43535614,9.68026161],[80.43661499,9.67901325],[80.43805695,9.67776489],[80.44003296,9.67669582],[80.44254303,9.67526913],[80.44398499,9.67420006],[80.44560242,9.67259502],[80.44686127,9.67188168],[80.4484787,9.67045593],[80.44991302,9.66902924],[80.45135498,9.66778183],[80.45368958,9.66671181],[80.45602417,9.66564178],[80.45728302,9.66492844],[80.45854187,9.66385937],[80.45961761,9.66278934],[80.46105194,9.66189766],[80.46231079,9.66065025],[80.46411133,9.66029358],[80.46590424,9.65975857],[80.46734619,9.65868855],[80.46860504,9.65779686],[80.47039795,9.65672779],[80.4716568,9.65601444],[80.47327423,9.65547943],[80.47470856,9.65494442],[80.47615051,9.65476608],[80.47776794,9.65369701],[80.47902679,9.653162],[80.48010254,9.65244865],[80.48207855,9.65120029],[80.48369598,9.65030861],[80.48495483,9.64941788],[80.48621368,9.64852619],[80.48783112,9.64745617],[80.48926544,9.64620781],[80.49052429,9.64424706],[80.49142456,9.64228535],[80.49250031,9.64068127],[80.49393463,9.63961124],[80.49501801,9.63818455],[80.49681091,9.63729286],[80.49825287,9.63568878],[80.49932861,9.63533211],[80.50076294,9.63461876],[80.50292206,9.63390541],[80.50508118,9.63301373],[80.50777435,9.63301373],[80.50920868,9.63283539],[80.51065063,9.63230038],[80.51244354,9.63140869],[80.51370239,9.63033962],[80.51567841,9.6292696],[80.51675415,9.62855625],[80.518013,9.62712955],[80.51927185,9.62570381],[80.52107239,9.62481213],[80.5228653,9.62409878],[80.52412415,9.62356377],[80.52628326,9.62267208],[80.52825928,9.62195873],[80.53095245,9.61981869],[80.53185272,9.61839294],[80.53328705,9.61678791],[80.53382874,9.61553955],[80.5345459,9.61446953],[80.53526306,9.61375618],[80.53742218,9.61339951],[80.54029846,9.61304283],[80.54191589,9.61197376],[80.54353333,9.61090374],[80.54479218,9.60929871],[80.5462265,9.60840702],[80.54730225,9.60698032],[80.54802704,9.60537529],[80.54891968,9.60430527],[80.54946136,9.6032362],[80.54981995,9.60216618],[80.55089569,9.60127449],[80.55179596,9.60056114],[80.55305481,9.60002613]]]},"source_id":"incois_wfs","acquired_at":"2026-08-31T18:05:40.682931+00:00"},{"type":"Feature","feature_key":"bba2451389e1cc04","properties":{"FNODE_":1571,"TNODE_":1553,"LPOLY_":1,"RPOLY_":1,"LENGTH":0.447164,"BATHMETRY_":1378,"BATHMETRY1":10,"BATHMETR_1":10,"BATHYLABEL":""},"geometry":{"type":"MultiLineString","coordinates":[[[80.55305481,9.60002613],[80.55394745,9.5999651],[80.55484009,9.5998497],[80.55577087,9.59966373],[80.55667877,9.59954453],[80.55754089,9.59966469],[80.55833435,9.60008907],[80.55915833,9.60041428],[80.56002808,9.60032177],[80.56090546,9.5999651],[80.5617218,9.59954453],[80.56247711,9.59908009],[80.56321716,9.59856796],[80.56403351,9.59819698],[80.56491089,9.59795189],[80.56575775,9.59765625],[80.56648254,9.59716129],[80.56715393,9.59654903],[80.56784821,9.59599495],[80.56852722,9.59538269],[80.56923676,9.59485245],[80.57010651,9.59470081],[80.57104492,9.5946207],[80.57189178,9.59474182],[80.57258606,9.59532928],[80.57323456,9.59596062],[80.57403564,9.59641457],[80.57492065,9.59677315],[80.57540894,9.59740448],[80.5756073,9.5982933],[80.57603455,9.59907627],[80.57608795,9.59995651],[80.57596588,9.60085392],[80.57588196,9.60173607],[80.57585144,9.60263729],[80.57566833,9.60350227],[80.57523346,9.60429096],[80.57491302,9.60511303],[80.5748291,9.60600567],[80.574646,9.6068697],[80.57428741,9.60768127],[80.57382965,9.6084671],[80.57338715,9.6092577],[80.57302094,9.61007118],[80.57267761,9.61089897],[80.57234955,9.61173153],[80.57208252,9.6125803],[80.57190704,9.61345196],[80.57178497,9.61433983],[80.57171631,9.61523056],[80.57165527,9.61612034],[80.57156372,9.6170063],[80.57142639,9.61788559],[80.5712738,9.61876488],[80.57110596,9.61964417],[80.57092285,9.62052059],[80.57074738,9.62138081],[80.57065582,9.62229729],[80.57051086,9.62316704],[80.56981659,9.62366295],[80.5689621,9.62407207],[80.56819153,9.62451172],[80.56730652,9.62463951],[80.56645966,9.62434006],[80.56575012,9.62377453],[80.56528473,9.62302399],[80.56499481,9.62217426],[80.56464386,9.6213541],[80.56421661,9.62056732],[80.56378937,9.619771],[80.56328583,9.61905098],[80.56265259,9.61843204],[80.5619812,9.61779594],[80.56129456,9.61721992],[80.56044769,9.61700058],[80.55953217,9.61695194],[80.55863953,9.61682129],[80.55774689,9.61670017],[80.55684662,9.61671448],[80.5559845,9.61697102],[80.55522919,9.61748028],[80.55465698,9.61816883],[80.55415344,9.61890507],[80.55355835,9.61956596],[80.55288696,9.62016869],[80.55221558,9.62077522],[80.55162048,9.6214304],[80.55111694,9.62216473],[80.55068207,9.6229496],[80.55025482,9.62374687],[80.54988861,9.62456322],[80.54972839,9.62543011],[80.54962921,9.62632179],[80.54944611,9.62719822],[80.54927826,9.62806892],[80.54924774,9.62895393],[80.54931641,9.62984657],[80.54942322,9.63074017],[80.5495224,9.63162613],[80.54962158,9.63251209],[80.54981995,9.6333971],[80.55026245,9.63417244],[80.55093384,9.6347847],[80.55149841,9.63544369],[80.55165863,9.6363039],[80.55157471,9.6372633],[80.55129242,9.6381712],[80.55077362,9.6388588],[80.5499649,9.63921738],[80.54904938,9.63941479],[80.54813385,9.63946915],[80.54725647,9.63930511],[80.54644775,9.63889408],[80.54563904,9.63852882],[80.54476166,9.63848591],[80.5438385,9.63855362],[80.54292297,9.63858318],[80.54206085,9.63873196],[80.5412674,9.63912106],[80.54051208,9.63963985],[80.53975677,9.64014053],[80.53898621,9.64059734],[80.53822327,9.6410532],[80.53747559,9.64155006],[80.53675079,9.64207649],[80.53601074,9.64258575],[80.53521729,9.64301968],[80.53439331,9.64335442],[80.53354645,9.64367771],[80.53276825,9.64410114],[80.53204346,9.64462757],[80.53130341,9.64514542],[80.53052521,9.64556503],[80.52970123,9.64594269],[80.52888489,9.64635944],[80.52812195,9.64686203],[80.52748871,9.6474781],[80.52700043,9.64822292],[80.52653503,9.64898968],[80.52603149,9.64972591],[80.52552032,9.65046024],[80.52503204,9.65120697],[80.52455902,9.651968],[80.52411652,9.65274525],[80.52371216,9.65354061],[80.52336121,9.65436172],[80.52306366,9.65520287],[80.52275085,9.65604115],[80.52236938,9.65684795],[80.52192688,9.65762424],[80.52144623,9.65838146],[80.52098083,9.65913105],[80.52052307,9.65989017],[80.52004242,9.66067886],[80.51950836,9.66145897],[80.51886749,9.66207695],[80.51810455,9.66238308],[80.51721954,9.66239643],[80.5162735,9.66229248],[80.51533508,9.66224003],[80.51442719,9.66229153],[80.51354218,9.66240311],[80.51265717,9.66252518],[80.51177216,9.6626091],[80.51087952,9.6626215],[80.50997162,9.6625967],[80.50907898,9.66259193],[80.50818634,9.6626606],[80.5072937,9.66279984],[80.50641632,9.66296291],[80.50552368,9.66310215],[80.50463104,9.66316795],[80.50371552,9.66316891],[80.50280762,9.66316605],[80.50191498,9.66321945],[80.50105286,9.66339207],[80.50022125,9.66370296],[80.49938965,9.66409874],[80.49858856,9.66454506],[80.4978714,9.66508865],[80.49732208,9.66577816],[80.49687195,9.6665554],[80.49630737,9.66723347],[80.49559021,9.66777897],[80.49486542,9.66831493],[80.49423981,9.6689539],[80.49371338,9.66967678],[80.49316406,9.67038727],[80.49254608,9.67103672],[80.49187469,9.67162991],[80.49117279,9.6721859],[80.49046326,9.67272758],[80.48975372,9.67328167],[80.48905182,9.67384529],[80.48834229,9.67438793],[80.4875946,9.67488003],[80.48681641,9.67532253],[80.48603058,9.67576313],[80.4852829,9.6762495],[80.48457336,9.67679787],[80.48390198,9.67739105],[80.48324585,9.67801189],[80.4826355,9.67866802],[80.48207855,9.67936802],[80.48159027,9.68011284],[80.48108673,9.6808548],[80.48052979,9.68155384],[80.48000336,9.6822691],[80.47953796,9.68303299],[80.47908783,9.68380642],[80.47860718,9.68456554],[80.47809601,9.6852951],[80.4775238,9.68598366],[80.47691345,9.68663883],[80.47628021,9.68727303],[80.47564697,9.68789768],[80.4750061,9.68852806],[80.47438049,9.68916798],[80.47374725,9.6897974],[80.47307587,9.69039249],[80.47238159,9.6909523],[80.47166443,9.69149017],[80.47094727,9.69202614],[80.47023773,9.69258022],[80.46957397,9.69318295],[80.46899414,9.69386578],[80.46846008,9.69458866],[80.46786499,9.69525337],[80.46716309,9.69579124],[80.46636963,9.6962471],[80.46559143,9.6966877],[80.46484375,9.69718456],[80.46418762,9.69778824],[80.4635849,9.69845772],[80.4630127,9.69914055],[80.46240234,9.69979668],[80.46176147,9.70042324],[80.46112823,9.70104694],[80.46047974,9.7016716],[80.45982361,9.70228004],[80.45914459,9.70285702],[80.4584198,9.7033968],[80.45771027,9.70394516],[80.45706177,9.70455837],[80.45649719,9.70525074],[80.45596313,9.70597172],[80.45542145,9.70669556],[80.45487976,9.70740891],[80.45431519,9.70809937],[80.45372009,9.70875549],[80.45307922,9.70936871],[80.45239258,9.7099514],[80.45168304,9.71052361],[80.45100403,9.71112537],[80.45045471,9.71181488],[80.45010376,9.71262264],[80.44982147,9.7134819],[80.44946289,9.7142992],[80.44895172,9.71502304],[80.44834137,9.7156868],[80.4477005,9.71633625],[80.44709015,9.71700382],[80.4465332,9.71770287],[80.44605255,9.71844864],[80.44564819,9.71925068],[80.44527435,9.72007561],[80.44480896,9.72082043],[80.44417572,9.72144413],[80.44351959,9.72206688],[80.44301605,9.72280025],[80.44248199,9.72352123],[80.44184875,9.7241497],[80.44117737,9.72475243],[80.44055176,9.72538567],[80.43994904,9.72604942],[80.4393692,9.72672844],[80.438797,9.72742176],[80.4382782,9.72814751],[80.43783569,9.72892475],[80.43736267,9.72968292],[80.43679047,9.73036575],[80.43614197,9.73099136],[80.4355011,9.73161793],[80.43495178,9.73231411],[80.43451691,9.73309803],[80.43418121,9.73395443],[80.4338913,9.73482323],[80.43352509,9.73562527],[80.43296814,9.73628616],[80.43224335,9.73681831],[80.43152618,9.73736763],[80.43097687,9.73806095],[80.43053436,9.73884487],[80.43003845,9.73959064],[80.42942047,9.74022865],[80.42874908,9.74083233],[80.42813873,9.7414856],[80.42758942,9.74220181],[80.42703247,9.74289322],[80.42636871,9.74348545],[80.42563629,9.74402142],[80.42495728,9.74459839],[80.42436981,9.7452755],[80.42377472,9.74594307],[80.42308044,9.74650097],[80.42233276,9.74700642],[80.4216156,9.74754047],[80.42097473,9.74815655],[80.42037964,9.74882507],[80.4197998,9.74950504],[80.41916656,9.75015736],[80.41849518,9.75076294],[80.4178772,9.75139999],[80.41742706,9.75215435],[80.41709137,9.75299454],[80.41677856,9.75383949],[80.41641235,9.75465107],[80.41595459,9.75541019],[80.41542053,9.75613022],[80.41490936,9.75686455],[80.41448975,9.75765896],[80.41419983,9.75850677],[80.41405487,9.75938416],[80.41395569,9.76027203],[80.41384888,9.76115799],[80.41378784,9.762043],[80.41378784,9.76293373],[80.4138031,9.76383209],[80.4138031,9.76473427],[80.41370392,9.76561928],[80.41346741,9.76646233],[80.41306305,9.7672596],[80.41255951,9.76802254],[80.41196442,9.76871681],[80.41124725,9.7692318],[80.41038513,9.76949215],[80.40947723,9.76957512],[80.40858459,9.76955891],[80.40770721,9.76947021],[80.40680695,9.76932335],[80.40589142,9.76913357],[80.404953,9.76895237],[80.40403748,9.76886845],[80.40318298,9.76897526],[80.40244293,9.76934814],[80.40175629,9.76992226],[80.4010849,9.77056503],[80.40036774,9.77114201],[80.39957428,9.77156448],[80.39875793,9.77193737],[80.39801025,9.77241516],[80.3973465,9.77301407],[80.39672089,9.77366829],[80.39608765,9.77431679],[80.39546204,9.77494526],[80.39481354,9.77556801],[80.39417267,9.77619457],[80.39350891,9.77680111],[80.39279938,9.77733612],[80.39203644,9.77779865],[80.3912735,9.77829361],[80.39060211,9.77890301],[80.3901062,9.77965641],[80.38986206,9.78054142],[80.38952637,9.78134346],[80.38884735,9.78188896],[80.38805389,9.7823782],[80.38736725,9.78294849],[80.38665771,9.78347778],[80.38585663,9.7838974],[80.38514709,9.78442574],[80.3846283,9.78514957],[80.38412476,9.78591156],[80.38359833,9.78664112],[80.38314819,9.78740406],[80.38279724,9.78822422],[80.38241577,9.78903008],[80.38193512,9.78978634],[80.38143158,9.79052734],[80.3809433,9.79127216],[80.38047028,9.79203415],[80.38006592,9.79282665],[80.37973785,9.79365158],[80.37942505,9.79449177],[80.37910461,9.795331],[80.37876129,9.79615402],[80.37836456,9.79695129],[80.37789154,9.79770565],[80.37736511,9.79842663],[80.37680054,9.79912853],[80.37624359,9.79983139],[80.37573242,9.80056572],[80.37533569,9.80136013],[80.37498474,9.80218601],[80.37453461,9.80295086],[80.37392426,9.80361366],[80.37322235,9.80417824],[80.37249756,9.80470943],[80.37184143,9.80531025],[80.371315,9.80603981],[80.37094879,9.80685806],[80.37072754,9.80772305],[80.37062073,9.80860806],[80.37055206,9.80949688],[80.37043762,9.81037807],[80.37023163,9.81124783],[80.37001038,9.8121109],[80.36978149,9.81297398],[80.36958313,9.81384182],[80.36940765,9.81471634],[80.36921692,9.81559181],[80.36897278,9.81645203],[80.36864471,9.81727695],[80.36820984,9.81806564],[80.36782074,9.81886673],[80.36759949,9.81972313],[80.36745453,9.82060909],[80.36726379,9.82148361],[80.36701202,9.82234001],[80.36672974,9.82318306],[80.36643219,9.82402039],[80.36616516,9.8248682],[80.36595154,9.82574844],[80.36573029,9.82661247],[80.3651886,9.82731724],[80.36454773,9.82796097],[80.36420441,9.82873821],[80.36411285,9.82964325],[80.3639679,9.83053875],[80.36360931,9.83134937],[80.36314392,9.83212185],[80.36274719,9.83292198],[80.36247253,9.83376598],[80.36225891,9.83463764],[80.36208344,9.83551979],[80.3618927,9.83639336],[80.36168671,9.83725929],[80.36148071,9.83812618],[80.36128235,9.83899784],[80.36116028,9.83987904],[80.36113739,9.84076977],[80.36126709,9.84165764],[80.36153412,9.84252548],[80.36184692,9.84337807],[80.36203766,9.84423256],[80.36196899,9.8451004],[80.361763,9.84597874],[80.36167145,9.84686279],[80.361763,9.8477459],[80.36194611,9.848629],[80.3621521,9.84951115],[80.36231995,9.8503933],[80.36239624,9.85127544],[80.36239624,9.85215855],[80.36243439,9.85306168],[80.36253357,9.85398293],[80.36248779,9.85485935],[80.36208344,9.85562515],[80.3613739,9.85622025],[80.36052704,9.85652542],[80.35965729,9.85639191],[80.35881805,9.85599995],[80.35800171,9.85561275],[80.35713196,9.8553772],[80.35620117,9.8553772],[80.35535431,9.85566998],[80.3546524,9.85623264],[80.35397339,9.85680103],[80.35321808,9.85726166],[80.35242462,9.85769558],[80.35164642,9.8581953],[80.35101318,9.85883808],[80.35075378,9.85966682],[80.35073853,9.86058235],[80.35075378,9.8614769],[80.35071564,9.86235428],[80.35060883,9.86323357],[80.35049438,9.86413765],[80.35050201,9.8650322],[80.35079956,9.86583042],[80.35132599,9.86655426],[80.35190582,9.86728096],[80.3523407,9.86807442],[80.35261536,9.86893082],[80.35272217,9.86981487],[80.35271454,9.87070465],[80.35271454,9.8715992],[80.35279083,9.87248993],[80.35298157,9.87336445],[80.35327911,9.87420845],[80.35359192,9.8750391],[80.35385132,9.87588501],[80.35404968,9.87675476],[80.35423279,9.8776474],[80.35435486,9.87854576],[80.3543396,9.87942314],[80.35411072,9.88026142],[80.35385132,9.88111877],[80.35372162,9.88204479],[80.35323334,9.88266945]]]},"source_id":"incois_wfs","acquired_at":"2026-08-31T18:05:40.682931+00:00"},{"type":"Feature","feature_key":"4545cf9071e87c18","properties":{"FNODE_":1575,"TNODE_":1560,"LPOLY_":1,"RPOLY_":1,"LENGTH":0.299505,"BATHMETRY_":1380,"BATHMETRY1":10,"BATHMETR_1":10,"BATHYLABEL":""},"geometry":{"type":"MultiLineString","coordinates":[[[80.48033142,9.57167149],[80.4790802,9.57238483],[80.47782135,9.57327652],[80.47602081,9.57434654],[80.47458649,9.57577324],[80.47332764,9.5770216],[80.47189331,9.57809162],[80.47009277,9.57987499],[80.46847534,9.58148003],[80.4673996,9.58290672],[80.46614075,9.58397675],[80.4648819,9.58504677],[80.46380615,9.58593845],[80.46218872,9.58700848],[80.46110535,9.58790016],[80.45895386,9.58932686],[80.45769501,9.58932686],[80.45553589,9.59021854],[80.45391846,9.59093189],[80.45248413,9.59164429],[80.45158386,9.59271431],[80.44996643,9.59521103],[80.44924927,9.59645939],[80.44817352,9.5984211],[80.44763184,9.60002613],[80.44691467,9.60091782],[80.44565582,9.60287952],[80.44475555,9.6044836],[80.44385529,9.60608864],[80.44242096,9.607337],[80.44116211,9.60858536],[80.43954468,9.60947704],[80.43756866,9.61001205],[80.43523407,9.6107254],[80.43325806,9.61108208],[80.43109894,9.61250782],[80.43002319,9.61375618],[80.42948151,9.61464787],[80.42822266,9.61643124],[80.42733002,9.61732292],[80.42660522,9.61857128],[80.42607117,9.61946297],[80.42552948,9.6203537],[80.42498779,9.62142372],[80.42391205,9.62302876],[80.42319489,9.6237421],[80.42229462,9.62499046],[80.42067719,9.62570381],[80.41924286,9.62570381],[80.41834259,9.6258812],[80.416008,9.62641621],[80.41420746,9.62641621],[80.41187286,9.62712955],[80.41079712,9.62730789],[80.40935516,9.62855625],[80.40756226,9.63016129],[80.40666199,9.63123131],[80.40486908,9.63265705],[80.40361023,9.63372707],[80.40289307,9.63497543],[80.40180969,9.63640213],[80.40109253,9.63729286],[80.40001678,9.63836288],[80.39893341,9.63907623],[80.39678192,9.64014626],[80.39516449,9.6408596],[80.39372253,9.64192867],[80.3928299,9.6429987],[80.39174652,9.64424706],[80.39048767,9.64513874],[80.38959503,9.64602947],[80.38851166,9.64709949],[80.38726044,9.64852619],[80.38653564,9.64923954],[80.3854599,9.64995193],[80.38366699,9.65084362],[80.38204956,9.65262699],[80.3806076,9.6538744],[80.37899017,9.65547943],[80.37791443,9.65619278],[80.37665558,9.65654945],[80.37557983,9.6572628],[80.37432098,9.65833187],[80.37342072,9.65868855],[80.37198639,9.65958023],[80.37054443,9.66082859],[80.36928558,9.66154099],[80.36839294,9.66261101],[80.36713409,9.66368103],[80.36551666,9.66564178],[80.36371613,9.66671181],[80.36299896,9.66742516],[80.36138153,9.66849422],[80.3597641,9.66938591],[80.35832977,9.67081261],[80.35707092,9.67223835],[80.35617065,9.67313004],[80.35509491,9.67402172],[80.35365295,9.67544746],[80.35257721,9.67687416],[80.35150146,9.67812157],[80.3507843,9.67936993],[80.34988403,9.68061733],[80.34916687,9.68133068],[80.3482666,9.68222237],[80.34700775,9.68293571],[80.34593201,9.68364811],[80.34503174,9.68436146],[80.34358978,9.68507481],[80.34251404,9.68596649],[80.34143829,9.68703556],[80.34035492,9.68864059],[80.33927917,9.69024467],[80.33802032,9.69202709],[80.33676147,9.69381046],[80.33551025,9.69505787],[80.3340683,9.6966629],[80.33316803,9.69791031],[80.33209229,9.69898033],[80.33101654,9.70022774],[80.32957458,9.70218849],[80.32832336,9.70361519],[80.32759857,9.70486259],[80.32670593,9.70628929],[80.32526398,9.70771503],[80.32418823,9.70931911],[80.32328796,9.71056747],[80.32221222,9.71181488],[80.32149506,9.71270657],[80.32077026,9.71431065],[80.32041168,9.71573639],[80.31987762,9.71698475],[80.31915283,9.71787548],[80.31843567,9.71912384],[80.31771851,9.72072792],[80.31700134,9.72161961],[80.31645966,9.72268867],[80.31628418,9.72411537],[80.31591797,9.7250061],[80.31591797,9.72607613],[80.31591797,9.72768021],[80.31574249,9.72910595],[80.31555939,9.73053169],[80.31520081,9.73213673],[80.31466675,9.73356247],[80.31394196,9.73498821],[80.31322479,9.73623562],[80.31160736,9.73748398],[80.31017303,9.73784065],[80.3085556,9.73837471],[80.30693817,9.73908806],[80.30442047,9.74015713],[80.30298615,9.74069214],[80.30190277,9.74193954],[80.30082703,9.74283123],[80.29992676,9.74407864],[80.29920959,9.745327],[80.29795074,9.7465744],[80.296875,9.74782181],[80.29597473,9.74907017],[80.29525757,9.75049591],[80.29471588,9.75174332],[80.29399872,9.752635],[80.29292297,9.75388241],[80.29238129,9.75477314],[80.29130554,9.75566483],[80.29040527,9.75691223],[80.289505,9.75780392],[80.28861237,9.75922966],[80.28788757,9.76029873],[80.27746582,9.77616119]]]},"source_id":"incois_wfs","acquired_at":"2026-08-31T18:05:40.682931+00:00"},{"type":"Feature","feature_key":"8201f2dafe836c54","properties":{"FNODE_":1570,"TNODE_":1570,"LPOLY_":1,"RPOLY_":412,"LENGTH":0.165524,"BATHMETRY_":1381,"BATHMETRY1":10,"BATHMETR_1":10,"BATHYLABEL":""},"geometry":{"type":"MultiLineString","coordinates":[[[79.74284363,9.60679722],[79.74284363,9.60537529],[79.74302673,9.60287952],[79.74302673,9.60020447],[79.74356079,9.5969944],[79.74500275,9.59414101],[79.74589539,9.5921793],[79.74607849,9.58914852],[79.74662018,9.58647346],[79.74733734,9.58344173],[79.74859619,9.58005333],[79.74931335,9.57719994],[79.74931335,9.57452488],[79.74859619,9.57238483],[79.74733734,9.5707798],[79.74500275,9.56863976],[79.74302673,9.56774807],[79.74086761,9.56703472],[79.73943329,9.56667805],[79.73511505,9.56685638],[79.7322464,9.56756973],[79.73026276,9.56881809],[79.72865295,9.57024479],[79.727211,9.57167149],[79.72577667,9.57363319],[79.7248764,9.57541656],[79.72433472,9.57737827],[79.72343445,9.58130169],[79.72361755,9.58611679],[79.72361755,9.59039688],[79.72361755,9.593606],[79.72271729,9.59592438],[79.72145844,9.59806442],[79.72020721,9.59949112],[79.71876526,9.60145283],[79.7180481,9.60377026],[79.71733093,9.60608864],[79.71733093,9.60876369],[79.71733093,9.61161709],[79.71733093,9.61375618],[79.71768951,9.61643124],[79.71786499,9.61892796],[79.7180481,9.6217804],[79.71822357,9.62427711],[79.71876526,9.62605953],[79.719841,9.62837791],[79.7205658,9.63016129],[79.72145844,9.63158703],[79.72271729,9.63301373],[79.72433472,9.63444042],[79.72541809,9.63497543],[79.7273941,9.63533211],[79.72954559,9.63533211],[79.73116302,9.6347971],[79.73260498,9.63283539],[79.73386383,9.63176537],[79.73493958,9.62944794],[79.73565674,9.62695122],[79.7363739,9.6251688],[79.73709106,9.62267208],[79.73781586,9.62053204],[79.73853302,9.61892796],[79.7388916,9.61750126],[79.73943329,9.61518288],[79.74050903,9.61268616],[79.7414093,9.61054707],[79.74212646,9.60876369],[79.74248505,9.60769367],[79.74284363,9.60679722]]]},"source_id":"incois_wfs","acquired_at":"2026-08-31T18:05:40.682931+00:00"},{"type":"Feature","feature_key":"39c9f9db20c9210a","properties":{"FNODE_":1578,"TNODE_":1504,"LPOLY_":1,"RPOLY_":1,"LENGTH":1.06562,"BATHMETRY_":1384,"BATHMETRY1":100,"BATHMETR_1":100,"BATHYLABEL":"100 m"},"geometry":{"type":"MultiLineString","coordinates":[[[80.88961029,9.53065205],[80.88889313,9.53190041],[80.88835144,9.53314877],[80.88763428,9.53439713],[80.88745117,9.5347538],[80.88691711,9.53600216],[80.88619232,9.5381422],[80.88511658,9.53992653],[80.88511658,9.54188824],[80.884758,9.5431366],[80.88457489,9.5450983],[80.88421631,9.54598999],[80.88439941,9.54830837],[80.88493347,9.54991341],[80.88547516,9.55187607],[80.88637543,9.55330276],[80.88709259,9.55508614],[80.88799286,9.55686951],[80.88852692,9.55740452],[80.88925171,9.55900955],[80.88996887,9.56168461],[80.89086914,9.56400299],[80.89104462,9.56614304],[80.89104462,9.56953144],[80.89068604,9.57256317],[80.89032745,9.57577324],[80.89032745,9.57898331],[80.88996887,9.5818367],[80.88925171,9.58504677],[80.88871002,9.58879185],[80.88816833,9.59289265],[80.88691711,9.59752941],[80.88619232,9.60109615],[80.88619232,9.60466194],[80.88547516,9.607337],[80.88511658,9.60947704],[80.88457489,9.61143875],[80.88385773,9.61250782],[80.88314056,9.61446953],[80.8824234,9.61678791],[80.88152313,9.61874962],[80.88062286,9.62071037],[80.87954712,9.62285042],[80.87864685,9.62499046],[80.87810516,9.62659454],[80.87721252,9.62712955],[80.87667084,9.6292696],[80.87612915,9.63123131],[80.87577057,9.63283539],[80.87505341,9.63497543],[80.87433624,9.63729286],[80.87343597,9.63871956],[80.87289429,9.63996792],[80.87217712,9.64121628],[80.87181854,9.64246368],[80.87128448,9.64406872],[80.87038422,9.64620781],[80.86966705,9.64816952],[80.86876678,9.65030861],[80.8682251,9.65084362],[80.86804962,9.65280533],[80.86714935,9.65476608],[80.86660767,9.65672779],[80.86606598,9.65940189],[80.86606598,9.66065025],[80.8657074,9.66243267],[80.86463165,9.66421604],[80.86408997,9.66653347],[80.86301422,9.6688509],[80.86247253,9.66992092],[80.8615799,9.67116928],[80.86122131,9.67206001],[80.85996246,9.67402172],[80.85870361,9.67598248],[80.85726166,9.67723083],[80.85618591,9.67865658],[80.85349274,9.67990494],[80.85151672,9.68043995],[80.85007477,9.68133068],[80.84774017,9.68222237],[80.84558868,9.68293571],[80.84378815,9.68346977],[80.84181213,9.68471813],[80.8400116,9.68560982],[80.83839417,9.68685722],[80.83678436,9.68792725],[80.83552551,9.68917465],[80.83570099,9.69060135],[80.83552551,9.69184875],[80.83605957,9.69487953],[80.83605957,9.69684029],[80.83678436,9.69880199],[80.83714294,9.70040607],[80.83803558,9.70254517],[80.83911896,9.70486259],[80.84055328,9.70771503],[80.84037781,9.70914078],[80.84109497,9.71145821],[80.84181213,9.71431065],[80.8425293,9.71680641],[80.84288788,9.7189455],[80.84324646,9.72126293],[80.84361267,9.72482777],[80.84378815,9.72892761],[80.84378815,9.73249245],[80.84342957,9.73516655],[80.84342957,9.73873138],[80.84307098,9.74407864],[80.8427124,9.74746513],[80.84235382,9.75120831],[80.84235382,9.75316906],[80.8425293,9.75655556],[80.8427124,9.75994205],[80.8427124,9.76297188],[80.84307098,9.76564598],[80.84324646,9.76849747],[80.84361267,9.77117062],[80.84397125,9.77366638],[80.84414673,9.77633953],[80.84486389,9.77758694],[80.84594727,9.7800827],[80.84666443,9.78222084],[80.84738159,9.78328991],[80.84809875,9.78435993],[80.84918213,9.78578568],[80.85043335,9.78649807],[80.8516922,9.78703308],[80.85313416,9.78774548],[80.85511017,9.78828049],[80.85708618,9.78917122],[80.85834503,9.78970623],[80.86049652,9.78952789],[80.86247253,9.78917122],[80.86463165,9.7888155],[80.86606598,9.78863716],[80.86750793,9.78810215],[80.86894226,9.78774548],[80.8707428,9.78792381],[80.87271881,9.78828049],[80.87523651,9.78828049],[80.87757111,9.78845882],[80.88008881,9.78934956],[80.8824234,9.79041958],[80.88421631,9.79131031],[80.88565826,9.79273605],[80.88709259,9.79434013],[80.88780975,9.79701328],[80.88745117,9.79932976],[80.88691711,9.80182552],[80.88619232,9.80342865],[80.88547516,9.8053894],[80.884758,9.80752754],[80.88331604,9.80984497],[80.88188171,9.81109238],[80.88080597,9.81198311],[80.87918854,9.81358719],[80.87757111,9.81465626],[80.87649536,9.81554699],[80.87487793,9.81661606],[80.87343597,9.81768608],[80.87200165,9.81857681],[80.87128448,9.81928921],[80.86966705,9.82018089],[80.86786652,9.82160568],[80.86643219,9.8226757],[80.86408997,9.82392311],[80.86229706,9.8253479],[80.86103821,9.82606125],[80.85977936,9.82713032],[80.85798645,9.82802105],[80.85618591,9.82909012],[80.85456848,9.83051586],[80.85277557,9.83176327],[80.85097504,9.83283234],[80.84899902,9.83407974],[80.84738159,9.83550549],[80.84540558,9.83639622],[80.84432983,9.83710957],[80.84307098,9.83835697],[80.84162903,9.83906937],[80.8401947,9.84031677],[80.83821869,9.84138584],[80.83660126,9.84263325],[80.83480072,9.84370232],[80.83282471,9.8453064],[80.83120728,9.84690952],[80.82887268,9.8485136],[80.82725525,9.85029507],[80.82474518,9.85225582],[80.82312775,9.85350323],[80.8218689,9.85492802],[80.82078552,9.85617542],[80.81989288,9.85688877],[80.81755066,9.85938263],[80.81593323,9.86080837],[80.8144989,9.86205578],[80.81342316,9.86312485],[80.81233978,9.86401558],[80.81180573,9.86490631],[80.81090546,9.86651039],[80.81000519,9.86651039],[80.80874634,9.86811352],[80.80677032,9.87007332],[80.80551147,9.8716774],[80.80461884,9.8729248],[80.80390167,9.87417126],[80.80228424,9.87577534],[80.80155945,9.87702274],[80.8003006,9.87862587],[80.79940796,9.87933826],[80.79832458,9.88129807],[80.79724884,9.88236713],[80.79581451,9.88361454],[80.79455566,9.88504028],[80.79419708,9.88575268],[80.7936554,9.88646507],[80.79257965,9.88717842],[80.79149628,9.88842487],[80.79024506,9.89002895],[80.78898621,9.89198875],[80.78790283,9.89359188],[80.78646851,9.89519501],[80.78430939,9.89768982],[80.78287506,9.89929295],[80.78161621,9.90089703],[80.78071594,9.90232182],[80.77945709,9.90339088],[80.77802277,9.90428162],[80.7771225,9.90570641],[80.77586365,9.90659714],[80.77497101,9.90802288],[80.77352905,9.90944767],[80.77209473,9.91140747],[80.77101898,9.91283321],[80.76976013,9.91354561],[80.76831818,9.91532707],[80.76705933,9.91710854],[80.765625,9.91835594],[80.76436615,9.91995907],[80.7631073,9.92138386],[80.76148987,9.9228096],[80.76005554,9.9247694],[80.75843811,9.92637253],[80.75753784,9.92761898],[80.75627899,9.92940044],[80.75466156,9.93207264],[80.75322723,9.93296337],[80.75196838,9.9345665],[80.75053406,9.93599224],[80.74963379,9.93688297],[80.74837494,9.93812943],[80.74747467,9.93937683],[80.74694061,9.93973255],[80.74442291,9.94151402],[80.74262238,9.94365215],[80.74136353,9.94525528],[80.7399292,9.94668007],[80.73885345,9.9475708],[80.7374115,9.94899559],[80.73633575,9.950243],[80.7350769,9.95113373],[80.73381805,9.95255852],[80.73202515,9.95398331],[80.73040771,9.95540905],[80.72879028,9.95612144],[80.7282486,9.9566555],[80.72753143,9.9573679],[80.72627258,9.95808029],[80.72537231,9.95879269],[80.72286224,9.95986176],[80.72177887,9.96110916],[80.71998596,9.96182156],[80.71854401,9.96235561],[80.71692657,9.96342468],[80.71603394,9.96431541],[80.71405792,9.96502781],[80.71225739,9.9657402],[80.71045685,9.96698666],[80.7075882,9.96823406],[80.70578766,9.96930218],[80.70399475,9.97019291],[80.7027359,9.97126198],[80.70075989,9.97215271],[80.69895935,9.97322083],[80.6977005,9.97464561],[80.69626617,9.97518063],[80.69320679,9.97696114],[80.69087219,9.97785187],[80.68943787,9.97927666],[80.68763733,9.98052406],[80.68548584,9.98194885],[80.68386841,9.98355198],[80.68225098,9.98533249],[80.68117523,9.9865799],[80.67991638,9.98818302],[80.67901611,9.98889542],[80.67794037,9.9910326],[80.67649841,9.99370384],[80.67542267,9.99637604],[80.67434692,9.99780083],[80.67344666,10.00047207],[80.67272949,10.00243092],[80.6720047,10.00581551],[80.67147064,10.00866508],[80.67128754,10.01097965],[80.67075348,10.01329517],[80.67002869,10.01561069],[80.66949463,10.01846027],[80.66859436,10.02130985],[80.66841125,10.02362442],[80.66751862,10.02700806],[80.66679382,10.02932358],[80.66553497,10.03270721],[80.66428375,10.03555679],[80.66248322,10.03894043],[80.66086578,10.04143333],[80.65834808,10.04392624],[80.65691376,10.04552937],[80.65457916,10.04766655],[80.65242004,10.04909039],[80.65026855,10.05104923],[80.64775085,10.05193996],[80.64595032,10.05318642],[80.64307404,10.05478954],[80.64128113,10.05621338],[80.63948059,10.05710411],[80.63750458,10.05817223],[80.63552856,10.05906296],[80.63283539,10.06030941],[80.63157654,10.06137753],[80.62870026,10.06280231],[80.62708282,10.06387043],[80.6258316,10.06458282],[80.62403107,10.06565189],[80.62241364,10.06636333],[80.6207962,10.06725407],[80.62007904,10.06778812],[80.61791992,10.06885719],[80.6139679,10.07081509],[80.61217499,10.0713501],[80.61001587,10.07223988],[80.60768127,10.07330799],[80.60570526,10.07455444],[80.60300446,10.07562351],[80.60121155,10.07704735],[80.59869385,10.07793808],[80.59635925,10.0790062],[80.59276581,10.08096504],[80.58953094,10.08256721],[80.58773041,10.08363628],[80.58539581,10.08452606],[80.5834198,10.08577251],[80.58108521,10.08701897],[80.57946777,10.08790874],[80.57767487,10.08879948],[80.57569885,10.09022427],[80.57408142,10.09182644],[80.5719223,10.09289455],[80.57066345,10.09414101],[80.56814575,10.0955658],[80.56635284,10.09734631],[80.56437683,10.09894848],[80.56221771,10.10055065],[80.56060028,10.10215378],[80.55934143,10.10393333],[80.55808258,10.10482407],[80.55664825,10.10607052],[80.55574799,10.10731697],[80.55431366,10.10856342],[80.5528717,10.10963154],[80.55179596,10.11123371],[80.55053711,10.11248016],[80.54838562,10.11461639],[80.54766083,10.11604023],[80.5462265,10.1171093],[80.54425049,10.11995792],[80.54280853,10.1215601],[80.54191589,10.12227154],[80.54083252,10.12458611],[80.53993988,10.12547684],[80.53849792,10.12743473],[80.53759766,10.12921524],[80.53670502,10.13064003],[80.53562164,10.1322422],[80.534729,10.13313198],[80.53400421,10.13526821],[80.53275299,10.136693],[80.53166962,10.13847256],[80.53059387,10.13971901],[80.52933502,10.14185524],[80.5271759,10.14470387],[80.525383,10.1468401],[80.52358246,10.14897633],[80.52250671,10.15040016],[80.52160645,10.15182495],[80.51998901,10.15342712],[80.51837158,10.15520668],[80.51712036,10.15609741],[80.51586151,10.15752125],[80.51460266,10.15930176],[80.51298523,10.16125965],[80.51065063,10.16232777],[80.50920868,10.16410732],[80.50759125,10.16517544],[80.50597382,10.16695595],[80.50489807,10.16802406],[80.50382233,10.1694479],[80.50202179,10.17016029],[80.5022049,10.17051601],[80.50076294,10.17211819],[80.49861145,10.1731863],[80.49663544,10.17496586],[80.49537659,10.17621231],[80.49340057,10.17745876],[80.4923172,10.17834854],[80.49088287,10.17941666],[80.48944855,10.1801281],[80.48783112,10.18101883],[80.48710632,10.18155289],[80.48638916,10.18262005],[80.48441315,10.1845789],[80.48297882,10.18671417],[80.48262024,10.18831635],[80.48243713,10.19009686],[80.48262024,10.19276619],[80.48297882,10.1945467],[80.48351288,10.19650459],[80.48477173,10.19881821],[80.48548889,10.20024204],[80.48621368,10.20184422],[80.48693085,10.20326805],[80.48764801,10.20433617],[80.48854828,10.20593739],[80.48926544,10.20736217],[80.48926544,10.21003151],[80.48872375,10.21305752],[80.48728943,10.21554947],[80.485672,10.21643925],[80.4831543,10.21732903],[80.48153687,10.21786308],[80.47974396,10.21875286],[80.47740936,10.21999836],[80.47489166,10.22088814],[80.47363281,10.22213459],[80.47201538,10.22302437],[80.47003937,10.22426987],[80.46860504,10.22498226],[80.46716309,10.2256937],[80.46590424,10.22658348],[80.46446991,10.22711754],[80.46285248,10.22871971],[80.46123505,10.22943115],[80.45961761,10.2306776],[80.45854187,10.23103333],[80.4576416,10.23174477],[80.45548248,10.2331686],[80.45404816,10.23441505],[80.45207214,10.23601627],[80.45027161,10.23726273],[80.44883728,10.23832989],[80.44812012,10.23904228],[80.44667816,10.24028778],[80.44524384,10.24153328],[80.44380188,10.24295712],[80.44272614,10.24473667],[80.44129181,10.24651623],[80.43967438,10.2481184],[80.43805695,10.24954224],[80.43625641,10.25043201],[80.43553925,10.25185585],[80.43463898,10.25274563],[80.43302155,10.25399113],[80.4317627,10.25559235],[80.43014526,10.25666046],[80.42745209,10.25879574],[80.42547607,10.26075363],[80.42259979,10.26306725],[80.4204483,10.2648468],[80.41936493,10.26644802],[80.41828918,10.26751614],[80.41648865,10.26982975],[80.41505432,10.27196503],[80.41397858,10.27321053],[80.41271973,10.27552414],[80.41164398,10.27694702],[80.41091919,10.27837086],[80.40984344,10.27997208],[80.40894318,10.28228569],[80.40805054,10.28442097],[80.40750885,10.28602219],[80.40679169,10.28744602],[80.40589142,10.28940392],[80.40499115,10.29136086],[80.40391541,10.29225063],[80.40283966,10.29385185],[80.40211487,10.29527569],[80.39996338,10.29687691],[80.39870453,10.29847813],[80.39744568,10.29972363],[80.39636993,10.30096912]]]},"source_id":"incois_wfs","acquired_at":"2026-08-31T18:05:40.682931+00:00"},{"type":"Feature","feature_key":"2e7f9b0077081a45","properties":{"FNODE_":1582,"TNODE_":1543,"LPOLY_":1,"RPOLY_":1,"LENGTH":0.616302,"BATHMETRY_":1387,"BATHMETRY1":20,"BATHMETR_1":20,"BATHYLABEL":""},"geometry":{"type":"MultiLineString","coordinates":[[[80.79294586,9.5033617],[80.79258728,9.50389671],[80.7922287,9.50496674],[80.79168701,9.50603676],[80.79132843,9.50728607],[80.79078674,9.50835609],[80.79042816,9.50889111],[80.789711,9.51013947],[80.78916931,9.51156712],[80.78916931,9.51281548],[80.78899384,9.51370716],[80.78863525,9.51442051],[80.78845215,9.51566887],[80.78773499,9.51656055],[80.78755188,9.51691723],[80.78665924,9.5179882],[80.78593445,9.51887989],[80.78557587,9.51959324],[80.7848587,9.52012825],[80.78414154,9.5208416],[80.78324127,9.5208416],[80.782341,9.52119827],[80.78108978,9.52119827],[80.77983093,9.52101994],[80.77893066,9.5208416],[80.7780304,9.52030659],[80.77713013,9.51994991],[80.7756958,9.51994991],[80.77371979,9.52030659],[80.77174377,9.52119827],[80.77120209,9.52191162],[80.76994324,9.52262497],[80.76922607,9.52333832],[80.76832581,9.52387428],[80.76760864,9.52458763],[80.76689148,9.52565765],[80.76581573,9.52672768],[80.76509094,9.52761936],[80.76437378,9.52851105],[80.76383972,9.5292244],[80.76329803,9.52993774],[80.76222229,9.53083038],[80.76186371,9.53154373],[80.7614975,9.53314877],[80.76096344,9.53421879],[80.76042175,9.53564548],[80.76024628,9.53689384],[80.75988007,9.53796387],[80.75952148,9.53956985],[80.75880432,9.54117489],[80.75844574,9.54206657],[80.75772858,9.54277992],[80.75682831,9.54402828],[80.75628662,9.54474163],[80.75539398,9.54527664],[80.75449371,9.54598999],[80.75395203,9.54616833],[80.75305176,9.54670334],[80.75215912,9.54723835],[80.75125885,9.54777336],[80.75,9.54848671],[80.74892426,9.54920006],[80.74802399,9.55044842],[80.7474823,9.55116177],[80.74676514,9.55205441],[80.74604797,9.5534811],[80.74514771,9.55472946],[80.74461365,9.55615616],[80.74371338,9.55704784],[80.74299622,9.5582962],[80.74227142,9.55918789],[80.74155426,9.56007957],[80.74065399,9.56079292],[80.73976135,9.56257629],[80.73867798,9.56346798],[80.73778534,9.56471634],[80.73652649,9.56578636],[80.73544312,9.56667805],[80.73419189,9.5673914],[80.73329163,9.56828308],[80.73257446,9.56881809],[80.73167419,9.56917477],[80.73059082,9.56953144],[80.72879791,9.57006645],[80.72718048,9.57060146],[80.72537994,9.57095814],[80.72412872,9.57149315],[80.72251129,9.57202816],[80.72106934,9.57274151],[80.71981049,9.57345486],[80.71909332,9.57416821],[80.71909332,9.57577324],[80.71891785,9.57773495],[80.71891785,9.57987499],[80.71909332,9.58130169],[80.71909332,9.5832634],[80.71873474,9.58433342],[80.71783447,9.58611679],[80.71730042,9.58700848],[80.71621704,9.58861351],[80.71495819,9.59004021],[80.71388245,9.59146595],[80.7128067,9.59271431],[80.71154785,9.59396267],[80.71047211,9.59521103],[80.70993042,9.59628105],[80.70867157,9.59824276],[80.70795441,9.59949112],[80.70687866,9.60109615],[80.70561981,9.60216618],[80.70436096,9.60287952],[80.70291901,9.60377026],[80.7013092,9.60537529],[80.69950867,9.60626698],[80.69843292,9.60698032],[80.69753265,9.60840702],[80.6962738,9.60983372],[80.69483948,9.61126041],[80.69339752,9.6121521],[80.69232178,9.61286449],[80.6919632,9.61339951],[80.69106293,9.61429119],[80.69016266,9.61500454],[80.68890381,9.61607456],[80.68818665,9.61803627],[80.68765259,9.61928463],[80.68746948,9.62195873],[80.6871109,9.6251688],[80.68621063,9.62730789],[80.68441772,9.62980461],[80.68280029,9.63158703],[80.68064117,9.63408375],[80.67884827,9.63568878],[80.67668915,9.6374712],[80.67471313,9.63854122],[80.67327118,9.63871956],[80.67183685,9.63925457],[80.66967773,9.64014626],[80.66770172,9.64121628],[80.66572571,9.64228535],[80.66446686,9.64406872],[80.66374969,9.64585114],[80.66231537,9.64834785],[80.66069794,9.64941788],[80.65925598,9.65120029],[80.65818024,9.65209198],[80.65727997,9.65334034],[80.65602112,9.65440941],[80.6547699,9.65637112],[80.65440369,9.65779686],[80.65422821,9.65958023],[80.65386963,9.66082859],[80.65332794,9.662076],[80.65315247,9.66350269],[80.65261078,9.66421604],[80.65153503,9.66706848],[80.65117645,9.66706848],[80.65045166,9.66831589],[80.65027618,9.6688509],[80.65009308,9.66956425],[80.64937592,9.67116928],[80.64919281,9.67241669],[80.64865875,9.67348671],[80.64830017,9.6743784],[80.64794159,9.67580414],[80.64704132,9.67776489],[80.64668274,9.67865658],[80.64524078,9.68026161],[80.64434814,9.68079567],[80.64308929,9.68150902],[80.64164734,9.68222237],[80.63985443,9.68364811],[80.63931274,9.68382645],[80.63697815,9.68418312],[80.63517761,9.68453979],[80.63302612,9.68489647],[80.63122559,9.68507481],[80.62943268,9.68578815],[80.6283493,9.68650055],[80.62709808,9.68739223],[80.62583923,9.68864059],[80.62511444,9.69042301],[80.62439728,9.69167042],[80.6242218,9.69363213],[80.62368011,9.69559288],[80.62332153,9.69808865],[80.62277985,9.70022774],[80.62260437,9.70218849],[80.62206268,9.70290184],[80.62116241,9.70468426],[80.62008667,9.70664501],[80.61865234,9.70789337],[80.61775208,9.70878506],[80.61595154,9.70985413],[80.61451721,9.71110249],[80.61380005,9.71145821],[80.61325836,9.71181488],[80.6125412,9.71252823],[80.61128235,9.71341896],[80.61056519,9.71466732],[80.60984802,9.71520233],[80.60930634,9.71591473],[80.6075058,9.71734142],[80.60697174,9.71805382],[80.60607147,9.71912384],[80.60535431,9.72019291],[80.60445404,9.72161961],[80.60391235,9.72268867],[80.60319519,9.72393703],[80.60247803,9.72518444],[80.60176086,9.72643185],[80.6008606,9.72768021],[80.59996033,9.72857094],[80.59888458,9.72928429],[80.59816742,9.73017597],[80.59672546,9.73088837],[80.59583282,9.73178005],[80.59474945,9.73267078],[80.59421539,9.73302746],[80.59367371,9.73356247],[80.59295654,9.7344532],[80.59205627,9.73516655],[80.59151459,9.7358799],[80.59079742,9.73641396],[80.59079742,9.73766232],[80.59025574,9.73873138],[80.58953857,9.74015713],[80.58827972,9.74193954],[80.58720398,9.74336624],[80.58648682,9.74443531],[80.58648682,9.74497032],[80.58522797,9.74568272],[80.5845108,9.74728775],[80.58361053,9.74853516],[80.58325195,9.74942589],[80.58235168,9.75085258],[80.58145142,9.75174332],[80.58091736,9.752635],[80.57965851,9.75406075],[80.57858276,9.75512981],[80.57785797,9.75619888],[80.57714081,9.75709057],[80.57659912,9.75762558],[80.57570648,9.75905132],[80.5753479,9.75976372],[80.57498169,9.7606554],[80.57426453,9.76154613],[80.57337189,9.76297188],[80.57318878,9.76332855],[80.57247162,9.7640419],[80.57157135,9.76582432],[80.57049561,9.76707172],[80.56923676,9.76831913],[80.56851959,9.7693882],[80.56726074,9.77027988],[80.56636047,9.77134895],[80.56581879,9.7720623],[80.56420135,9.77295303],[80.5636673,9.77402306],[80.56276703,9.77491379],[80.5613327,9.77580452],[80.56060791,9.77651787],[80.55971527,9.77723026],[80.55953217,9.77847862],[80.55899048,9.77919102],[80.558815,9.77990437],[80.5586319,9.7807951],[80.55845642,9.78222084],[80.55809784,9.78382492],[80.55809784,9.78507233],[80.55737305,9.78631973],[80.55648041,9.78738976],[80.55575562,9.7888155],[80.55486298,9.78970623],[80.55342102,9.79041958],[80.55216217,9.79095364],[80.55018616,9.79202366],[80.54911041,9.79273605],[80.54856873,9.79291439],[80.54749298,9.79434013],[80.5471344,9.79451847],[80.54605865,9.7954092],[80.54497528,9.79665661],[80.54408264,9.79826069],[80.54318237,9.79915142],[80.5422821,9.80057716],[80.54120636,9.80253792],[80.54030609,9.80449867],[80.53958893,9.80645847],[80.53850555,9.80788422],[80.5379715,9.80859756],[80.53635406,9.80966663],[80.53437805,9.81020069],[80.53240204,9.81162643],[80.53024292,9.81287384],[80.52880859,9.81429958],[80.52754974,9.81519032],[80.52593231,9.81661606],[80.52449036,9.81786346],[80.52377319,9.81893349],[80.52233887,9.82089329],[80.52089691,9.82178402],[80.52017975,9.82320976],[80.5189209,9.82445717],[80.51820374,9.8253479],[80.51856232,9.8253479],[80.51784515,9.82623959],[80.51676941,9.82748699],[80.51604462,9.82837772],[80.51496887,9.82980347],[80.51371002,9.83105087],[80.51317596,9.83176327],[80.5122757,9.83354568],[80.51137543,9.83461475],[80.5099411,9.8360405],[80.50868225,9.83764362],[80.50778198,9.83906937],[80.50670624,9.84049511],[80.50598907,9.84192085],[80.5049057,9.84316826],[80.50437164,9.84423733],[80.50382996,9.8453064],[80.50275421,9.84637547],[80.502388,9.84762287],[80.50131226,9.8485136],[80.50041199,9.84993935],[80.49969482,9.85065174],[80.49843597,9.85189915],[80.49717712,9.85261154],[80.49664307,9.85332489],[80.4957428,9.85474968],[80.49502563,9.85581875],[80.49430847,9.85706615],[80.4934082,9.85795784],[80.49196625,9.85884857],[80.49053192,9.85938263],[80.48963165,9.85991764],[80.48873901,9.8604517],[80.48712158,9.86116505],[80.48586273,9.86187744],[80.48496246,9.86330318],[80.48496246,9.86454964],[80.48496246,9.86633205],[80.48496246,9.86775684],[80.48370361,9.86847019],[80.48226929,9.86900425],[80.48065186,9.86953926],[80.47939301,9.86989498],[80.47831726,9.87114239],[80.47741699,9.87185574],[80.47741699,9.87381554],[80.47759247,9.87595367],[80.47813416,9.87773514],[80.47723389,9.87969494],[80.47687531,9.88129807],[80.47615814,9.8834362],[80.47544098,9.88468361],[80.47471619,9.88628674],[80.47399902,9.88717842],[80.4725647,9.88824749],[80.47184753,9.88895988],[80.47076416,9.89002895],[80.46950531,9.89056301],[80.46878815,9.89127541],[80.4677124,9.89163208],[80.46627808,9.89270115],[80.46447754,9.89377022],[80.462677,9.89501762],[80.4610672,9.89644241],[80.45980835,9.89768982],[80.4585495,9.89858055],[80.45710754,9.90000534],[80.45567322,9.90143108],[80.45495605,9.90267849],[80.45298004,9.90463829],[80.45172119,9.90588474],[80.45082092,9.90695381],[80.44974518,9.90837955],[80.4493866,9.90927029],[80.44830322,9.9103384],[80.44758606,9.91194248],[80.44632721,9.91354561],[80.44579315,9.914258],[80.44506836,9.91568375],[80.44417572,9.91710854],[80.44345093,9.9181776],[80.44255829,9.91960239],[80.4418335,9.92102814],[80.44058228,9.92209721],[80.43985748,9.9228096],[80.43878174,9.92334366],[80.43770599,9.92370033],[80.43590546,9.92441273],[80.43321228,9.92512512],[80.42997742,9.92761898],[80.42854309,9.92850971],[80.42728424,9.92993546],[80.42530823,9.93153858],[80.42440796,9.93225098],[80.42386627,9.93296337],[80.42260742,9.9345665],[80.42171478,9.93599224],[80.42063141,9.9377737],[80.41973877,9.93937683],[80.4188385,9.94115829],[80.41757965,9.94365215],[80.41703796,9.94489861],[80.41682434,9.94542027]]]},"source_id":"incois_wfs","acquired_at":"2026-08-31T18:05:40.682931+00:00"},{"type":"Feature","feature_key":"2f7266d9052fd7af","properties":{"FNODE_":1583,"TNODE_":1518,"LPOLY_":1,"RPOLY_":1,"LENGTH":0.920272,"BATHMETRY_":1388,"BATHMETRY1":50,"BATHMETR_1":50,"BATHYLABEL":""},"geometry":{"type":"MultiLineString","coordinates":[[[80.86410522,9.5012207],[80.86284637,9.50282669],[80.86122894,9.50407505],[80.86051178,9.50568008],[80.85961151,9.50657272],[80.85871124,9.50710773],[80.85781097,9.50817776],[80.85691833,9.50906944],[80.85565948,9.50978279],[80.8551178,9.51049614],[80.85457611,9.51103115],[80.85350037,9.51210213],[80.8526001,9.51352882],[80.85206604,9.51513386],[80.85152435,9.51673889],[80.85098267,9.51834488],[80.85062408,9.51959324],[80.85009003,9.52119827],[80.84990692,9.52280331],[80.84954834,9.52494431],[80.84936523,9.52744102],[80.84936523,9.52975941],[80.84918976,9.53225708],[80.84918976,9.5333271],[80.84900665,9.53564548],[80.84900665,9.5381422],[80.84883118,9.54117489],[80.84810638,9.54331493],[80.8477478,9.54545498],[80.84685516,9.54706001],[80.84631348,9.5493784],[80.84559631,9.55062675],[80.84487915,9.55258942],[80.84415436,9.55508614],[80.84326172,9.55722618],[80.84217834,9.55847454],[80.84128571,9.55990124],[80.83984375,9.56150627],[80.8385849,9.56311131],[80.83768463,9.56400299],[80.83696747,9.56507301],[80.83625031,9.56614304],[80.83535004,9.56756973],[80.83427429,9.56846142],[80.83409119,9.56953144],[80.83319855,9.57095814],[80.8319397,9.57309818],[80.83103943,9.57505989],[80.83068085,9.57737827],[80.83032227,9.57916164],[80.83032227,9.58076668],[80.83032227,9.58290672],[80.83085632,9.58486843],[80.83103943,9.58647346],[80.83175659,9.58825684],[80.83247375,9.5895052],[80.83301544,9.59057522],[80.83391571,9.59200096],[80.8344574,9.59289265],[80.83535004,9.59449768],[80.83589172,9.59628105],[80.83660889,9.59770775],[80.83750916,9.59949112],[80.83805084,9.60127449],[80.83876801,9.60305786],[80.83894348,9.60519695],[80.83840942,9.60769367],[80.83786774,9.60947704],[80.83696747,9.61143875],[80.8360672,9.61268616],[80.83499146,9.61339951],[80.83463287,9.61429119],[80.83391571,9.61571789],[80.83301544,9.61696625],[80.8319397,9.61839294],[80.83103943,9.61981869],[80.83032227,9.62071037],[80.82978058,9.62213707],[80.82888031,9.62320709],[80.82816315,9.62445545],[80.82780457,9.62427711],[80.8270874,9.6258812],[80.82637024,9.62712955],[80.82528687,9.62837791],[80.8245697,9.6292696],[80.82349396,9.63123131],[80.82295227,9.63247871],[80.82187653,9.63408375],[80.82115936,9.63622379],[80.82043457,9.63800621],[80.81990051,9.63925457],[80.81935883,9.63996792],[80.81828308,9.64192867],[80.8179245,9.64353371],[80.81702423,9.64602947],[80.81612396,9.64674282],[80.8155899,9.64852619],[80.81486511,9.65013027],[80.81450653,9.65137863],[80.81378937,9.65244865],[80.81343079,9.65351868],[80.8130722,9.6538744],[80.81235504,9.65565777],[80.81163025,9.65761852],[80.81109619,9.65904522],[80.81037903,9.66118526],[80.80947876,9.66261101],[80.80839539,9.6647501],[80.80767822,9.66564178],[80.80731964,9.66653347],[80.8062439,9.66831589],[80.80588531,9.66938591],[80.80498505,9.67081261],[80.80462646,9.67277336],[80.80462646,9.67473412],[80.80462646,9.67669582],[80.80462646,9.67865658],[80.80516815,9.68061733],[80.80588531,9.68311405],[80.80641937,9.68471813],[80.80678558,9.68632221],[80.80714417,9.68846226],[80.80731964,9.69042301],[80.80750275,9.69184875],[80.80731964,9.69470119],[80.80660248,9.6973753],[80.80552673,9.69969273],[80.80408478,9.70254517],[80.80210876,9.70468426],[80.8012085,9.70575428],[80.80013275,9.70771503],[80.79833984,9.70896244],[80.79672241,9.71110249],[80.79492188,9.71270657],[80.79366302,9.71395397],[80.7922287,9.71484566],[80.79115295,9.71698475],[80.78953552,9.7189455],[80.78845215,9.72090626],[80.7873764,9.72197628],[80.78683472,9.72268867],[80.78611755,9.72464943],[80.78504181,9.72607613],[80.78432465,9.72750187],[80.78378296,9.7283926],[80.78288269,9.7298193],[80.78180695,9.73124504],[80.78108978,9.73284912],[80.78036499,9.73427486],[80.77947235,9.73605824],[80.77857208,9.7371273],[80.77767181,9.7392664],[80.77695465,9.74104881],[80.7756958,9.7431879],[80.77515411,9.74479198],[80.77462006,9.74639606],[80.77426147,9.74871349],[80.77390289,9.75067425],[80.77390289,9.75209999],[80.77407837,9.75477314],[80.77407837,9.75691223],[80.77371979,9.75887299],[80.7731781,9.76083374],[80.77210236,9.76261616],[80.77084351,9.76350689],[80.76886749,9.7640419],[80.76743317,9.76422024],[80.76581573,9.76422024],[80.76437378,9.7640419],[80.76258087,9.76332855],[80.76132202,9.76315022],[80.75970459,9.76243782],[80.75826263,9.76190281],[80.75646973,9.76119041],[80.75466919,9.76101208],[80.75269318,9.76101208],[80.75107574,9.76101208],[80.74928284,9.76101208],[80.74802399,9.76154613],[80.74604797,9.76261616],[80.74388885,9.76350689],[80.74209595,9.76457596],[80.7408371,9.76582432],[80.73957825,9.76671505],[80.73814392,9.76796246],[80.73688507,9.7686758],[80.7358017,9.76974487],[80.73382568,9.7708149],[80.73274994,9.77170563],[80.73220825,9.77224064],[80.73167419,9.77330971],[80.73059082,9.77402306],[80.7293396,9.77527046],[80.72789764,9.77651787],[80.72699738,9.77758694],[80.72537994,9.77883434],[80.7244873,9.77954769],[80.72322845,9.78150845],[80.72215271,9.78186417],[80.72161102,9.78328991],[80.72071075,9.78471661],[80.72016907,9.785429],[80.71909332,9.78685474],[80.71747589,9.78828049],[80.71675873,9.78952789],[80.71585846,9.79113197],[80.71478271,9.79291439],[80.71424103,9.79523087],[80.71370697,9.79665661],[80.71298218,9.79826069],[80.7126236,9.79968643],[80.71208954,9.80164719],[80.71154785,9.80432034],[80.71100616,9.80663681],[80.71064758,9.80788422],[80.70974731,9.81002235],[80.70849609,9.8114481],[80.70741272,9.81251812],[80.70669556,9.81376553],[80.70579529,9.81465626],[80.70490265,9.81536865],[80.70381927,9.81626034],[80.70256042,9.81750774],[80.70058441,9.81857681],[80.69915009,9.81893349],[80.69717407,9.81982422],[80.69537354,9.82035828],[80.69339752,9.82089329],[80.69232178,9.82160568],[80.69088745,9.82231903],[80.6896286,9.82303143],[80.68818665,9.82356644],[80.68675232,9.82374477],[80.68531036,9.82392311],[80.68441772,9.82445717],[80.68387604,9.82499218],[80.68190002,9.82606125],[80.68171692,9.82570457],[80.67884827,9.82659531],[80.67686462,9.82730865],[80.67453003,9.82819939],[80.67237854,9.82926846],[80.67076111,9.83033752],[80.66914368,9.83122921],[80.66788483,9.83247662],[80.66608429,9.83336735],[80.66429138,9.83461475],[80.66357422,9.83586216],[80.66267395,9.83657455],[80.66105652,9.83746624],[80.65998077,9.83889103],[80.65943909,9.83978271],[80.65818024,9.84031677],[80.65656281,9.8412075],[80.65530396,9.84227657],[80.6540451,9.84334564],[80.65261078,9.84459305],[80.65063477,9.84637547],[80.64883423,9.84815693],[80.64685822,9.85011768],[80.64578247,9.85154247],[80.64380646,9.85296822],[80.64254761,9.85403728],[80.64002991,9.85617542],[80.63895416,9.85688877],[80.63769531,9.85884857],[80.63697815,9.8597393],[80.6359024,9.86098671],[80.63446045,9.86294651],[80.63374329,9.86454964],[80.63302612,9.86597538],[80.63212585,9.86686611],[80.63140869,9.86882591],[80.630867,9.86953926],[80.63014984,9.87114239],[80.62943268,9.87256813],[80.62853241,9.87434959],[80.62781525,9.87595367],[80.62709808,9.8782692],[80.62601471,9.8795166],[80.62493896,9.8814764],[80.6242218,9.88236713],[80.62368011,9.88290215],[80.62260437,9.88486195],[80.6217041,9.88610935],[80.62062836,9.88753414],[80.61990356,9.88931561],[80.6191864,9.89020729],[80.61846924,9.89163208],[80.61739349,9.89377022],[80.61685181,9.89537334],[80.61595154,9.89679909],[80.61523438,9.89822388],[80.61433411,9.90036201],[80.61380005,9.90107441],[80.61289978,9.90339088],[80.6125412,9.90445995],[80.61218262,9.90695381],[80.61128235,9.90944767],[80.61074066,9.91140747],[80.6102066,9.91354561],[80.6100235,9.91568375],[80.60912323,9.91782093],[80.60858917,9.91978073],[80.60786438,9.92191887],[80.60661316,9.92316532],[80.60499573,9.9247694],[80.60373688,9.92583752],[80.60247803,9.92655087],[80.60140228,9.92726326],[80.59888458,9.92779732],[80.59690857,9.92779732],[80.59529114,9.92761898],[80.59259796,9.92708492],[80.59079742,9.92619419],[80.58810425,9.92601585],[80.58558655,9.92601585],[80.58306885,9.92619419],[80.58181,9.9274416],[80.58091736,9.92868805],[80.58127594,9.93064785],[80.58127594,9.93207264],[80.5819931,9.93421078],[80.58271027,9.93527985],[80.58342743,9.93670464],[80.5845108,9.9377737],[80.58486938,9.93812943],[80.58558655,9.93955517],[80.58630371,9.94062328],[80.58756256,9.94151402],[80.58863831,9.94311714],[80.58972168,9.94436455],[80.59079742,9.94596767],[80.59223175,9.94739246],[80.59331512,9.9495306],[80.59367371,9.95166779],[80.59313202,9.95327091],[80.59169769,9.9546957],[80.59098053,9.95647717],[80.5893631,9.95701218],[80.58827972,9.95701218],[80.58576965,9.95701218],[80.58306885,9.95647717],[80.58127594,9.95594311],[80.57839966,9.95594311],[80.57606506,9.95523071],[80.57426453,9.95487404],[80.57211304,9.9546957],[80.57013702,9.95487404],[80.56797791,9.95523071],[80.56617737,9.95647717],[80.56420135,9.95790195],[80.56312561,9.95950603],[80.56169128,9.96146488],[80.56060791,9.96324635],[80.55953217,9.96431541],[80.5586319,9.9657402],[80.55809784,9.96716499],[80.55683899,9.96876812],[80.55575562,9.96983719],[80.55486298,9.97126198],[80.5537796,9.9728651],[80.55288696,9.97446823],[80.55162811,9.97553635],[80.55091095,9.97642708],[80.55001068,9.97731781],[80.54892731,9.9787426],[80.54785156,9.9807024],[80.54587555,9.98248291],[80.54533386,9.98426437],[80.54371643,9.98640156],[80.54246521,9.98871708],[80.54174042,9.99014187],[80.54084778,9.99138832],[80.53958893,9.99281311],[80.53850555,9.99423885],[80.53725433,9.99512863],[80.53581238,9.99726582],[80.53509521,9.99851322],[80.53257751,10.00047207],[80.5306015,10.00154114],[80.52934265,10.00278759],[80.52772522,10.00421238],[80.52503204,10.00563717],[80.52341461,10.00617123],[80.52179718,10.0065279],[80.52089691,10.00706196],[80.51838684,10.00777435],[80.51676941,10.00848675],[80.51389313,10.00902081],[80.5122757,10.00937748],[80.51083374,10.01044559],[80.50939941,10.01080227],[80.50849915,10.01204872],[80.50778198,10.01347351],[80.5072403,10.0148983],[80.50706482,10.01614475],[80.50778198,10.01792622],[80.50904083,10.01952839],[80.51047516,10.02059746],[80.51209259,10.02237797],[80.51317596,10.02398109],[80.51442719,10.02558422],[80.51551056,10.02683067],[80.51730347,10.02843285],[80.51766205,10.03003597],[80.51838684,10.03146076],[80.51784515,10.03448772],[80.5165863,10.03573513],[80.51568604,10.03698158],[80.5147934,10.03769398],[80.5147934,10.0380497],[80.51371002,10.03876209],[80.51173401,10.04018688],[80.50958252,10.04161167],[80.50849915,10.04250145],[80.5074234,10.04357052],[80.50526428,10.0444603],[80.50347137,10.04535103],[80.50167084,10.0464201],[80.49987793,10.04748821],[80.49861908,10.04820061],[80.49681854,10.04909039],[80.49394989,10.05033779],[80.49160767,10.05087185],[80.48981476,10.0528307],[80.48729706,10.05354309],[80.48513794,10.05478954],[80.48352814,10.05567932],[80.48226929,10.05639172],[80.48118591,10.05692577],[80.47956848,10.05781651],[80.47813416,10.05888462],[80.47633362,10.05995369],[80.47489929,10.06084347],[80.47382355,10.0617342],[80.47274017,10.06280231],[80.47058868,10.06440544],[80.46897125,10.06582928],[80.46735382,10.06725407],[80.46591187,10.06850052],[80.46393585,10.07010365],[80.462677,10.07099342],[80.46142578,10.07241821],[80.45998383,10.07402039],[80.45872498,10.07526684],[80.45764923,10.07686996],[80.45639038,10.0782938],[80.45549011,10.07954025],[80.45423889,10.08078671],[80.45333862,10.08310127],[80.45225525,10.08452606],[80.45172119,10.08666325],[80.45100403,10.08808708],[80.45064545,10.09004593],[80.45010376,10.09271622],[80.44956207,10.09396267],[80.4486618,10.09645557],[80.44794464,10.09788036],[80.44722748,10.0993042],[80.44632721,10.10072899],[80.44489288,10.10197544],[80.44363403,10.10339928],[80.4420166,10.10482407],[80.44094086,10.10553646],[80.44004059,10.10642624],[80.43914032,10.10731697],[80.43770599,10.10820675],[80.43644714,10.10927486],[80.43392944,10.11052132],[80.43267059,10.11158943],[80.43123627,10.11265755],[80.42997742,10.11354828],[80.42871857,10.11497211],[80.42692566,10.11657524],[80.4254837,10.11782074],[80.42350769,10.11995792],[80.42207336,10.12138176],[80.4211731,10.12280655],[80.41973877,10.12423038],[80.4186554,10.12636662],[80.41703796,10.12796879],[80.41596222,10.12992764],[80.41488647,10.13117409],[80.41398621,10.1322422],[80.41272736,10.1342001],[80.41093445,10.13633633],[80.40985107,10.13811684],[80.40841675,10.13918495],[80.4071579,10.14114285],[80.40572357,10.14221096],[80.4046402,10.14345741],[80.40410614,10.14470387],[80.40320587,10.14541626],[80.40104675,10.14808655],[80.39997101,10.14968872],[80.39907074,10.15111256],[80.39817047,10.15235901],[80.39727783,10.15360451],[80.39655304,10.15467262]]]},"source_id":"incois_wfs","acquired_at":"2026-08-31T18:05:40.682931+00:00"},{"type":"Feature","feature_key":"6ee8af9247df94bf","properties":{"FNODE_":1585,"TNODE_":1575,"LPOLY_":1,"RPOLY_":1,"LENGTH":0.15347,"BATHMETRY_":1390,"BATHMETRY1":10,"BATHMETR_1":10,"BATHYLABEL":""},"geometry":{"type":"MultiLineString","coordinates":[[[80.60005951,9.48153782],[80.59910583,9.48195648],[80.59731293,9.48284817],[80.59587097,9.48391819],[80.59461975,9.48534584],[80.59353638,9.4865942],[80.59191895,9.48730755],[80.5906601,9.48819923],[80.58976746,9.48909187],[80.58868408,9.48998356],[80.58689117,9.49141026],[80.58617401,9.49230194],[80.58544922,9.49319458],[80.58365631,9.49444294],[80.58221436,9.49515629],[80.58113861,9.49533463],[80.57970428,9.49586964],[80.57844543,9.49586964],[80.5766449,9.49747562],[80.57538605,9.49854565],[80.5743103,9.499259],[80.57359314,9.50015068],[80.5725174,9.50086403],[80.5717926,9.50193501],[80.57071686,9.50300503],[80.56964111,9.50443172],[80.56819916,9.50568008],[80.56694794,9.5062151],[80.56586456,9.50639439],[80.56478882,9.50657272],[80.56317139,9.50710773],[80.56119537,9.50799942],[80.55957794,9.50871277],[80.55760193,9.50942612],[80.55615997,9.50996113],[80.55490875,9.51067448],[80.55310822,9.51210213],[80.55167389,9.51299381],[80.54951477,9.51513386],[80.5486145,9.51584721],[80.54735565,9.51673889],[80.54646301,9.51745319],[80.54556274,9.51834488],[80.54484558,9.5194149],[80.54466248,9.52119827],[80.54394531,9.52191162],[80.54286957,9.52280331],[80.54214478,9.52387428],[80.54125214,9.52476597],[80.54052734,9.52601433],[80.53981018,9.52672768],[80.53909302,9.52761936],[80.53819275,9.52833271],[80.5369339,9.5292244],[80.53549957,9.53029442],[80.53424072,9.53083038],[80.53334045,9.53118706],[80.53244781,9.53190041],[80.53046417,9.53297043],[80.52921295,9.53439713],[80.5279541,9.53528881],[80.52669525,9.53653717],[80.52597809,9.53725052],[80.52417755,9.53867722],[80.52327728,9.53939152],[80.52256012,9.54010487],[80.52130127,9.54081821],[80.52022552,9.54117489],[80.51914978,9.54295826],[80.51806641,9.54384995],[80.51734924,9.54491997],[80.5162735,9.54598999],[80.51555634,9.54688168],[80.51483154,9.54759502],[80.5139389,9.54848671],[80.51303864,9.54955673],[80.51213837,9.55044842],[80.5112381,9.55098343],[80.51016235,9.55169773],[80.5089035,9.55258942],[80.50764465,9.55312443],[80.50656891,9.55383778],[80.5045929,9.55437279],[80.50279236,9.55508614],[80.50099945,9.55597782],[80.49919891,9.55669117],[80.49812317,9.55722618],[80.4972229,9.55811787],[80.49596405,9.55900955],[80.49524689,9.56007957],[80.48033142,9.57167149]]]},"source_id":"incois_wfs","acquired_at":"2026-08-31T18:05:40.682931+00:00"},{"type":"Feature","feature_key":"100026d1e84f4499","properties":{"FNODE_":1557,"TNODE_":1588,"LPOLY_":1,"RPOLY_":1,"LENGTH":0.998736,"BATHMETRY_":1393,"BATHMETRY1":10,"BATHMETR_1":10,"BATHYLABEL":""},"geometry":{"type":"MultiLineString","coordinates":[[[80.15007019,9.82962513],[80.13838959,9.82962513],[80.13605499,9.82944679],[80.1337204,9.82926846],[80.1312027,9.82891273],[80.12850952,9.82837772],[80.12545013,9.82748699],[80.12347412,9.82623959],[80.12239838,9.82552624],[80.12132263,9.82499218],[80.1197052,9.82427883],[80.11754608,9.8233881],[80.11611176,9.82303143],[80.11376953,9.82231903],[80.11233521,9.82196236],[80.11090088,9.82196236],[80.10874176,9.82160568],[80.10676575,9.82107162],[80.10586548,9.82071495],[80.10407257,9.81982422],[80.10245514,9.81911087],[80.10011292,9.81875515],[80.09777832,9.81839848],[80.09616089,9.81768608],[80.0940094,9.81750774],[80.09220886,9.81732941],[80.08987427,9.81732941],[80.08646393,9.81715107],[80.0848465,9.81732941],[80.08161163,9.81732941],[80.07926941,9.81732941],[80.07640076,9.81750774],[80.07298279,9.81768608],[80.07010651,9.81822014],[80.06651306,9.81822014],[80.06489563,9.81857681],[80.05986786,9.81928921],[80.05591583,9.81964588],[80.0542984,9.82000256],[80.05213928,9.82053661],[80.05052185,9.82124996],[80.04800415,9.82178402],[80.04585266,9.82249737],[80.04369354,9.82285309],[80.04045868,9.82320976],[80.03614807,9.82303143],[80.03291321,9.82303143],[80.03093719,9.82285309],[80.02734375,9.82214069],[80.02446747,9.82214069],[80.02105713,9.82214069],[80.01818085,9.82214069],[80.01584625,9.82214069],[80.01314545,9.82214069],[80.00973511,9.82231903],[80.00721741,9.82249737],[80.00524139,9.82249737],[80.00326538,9.8226757],[80.00128937,9.82285309],[79.99913025,9.8233881],[79.99697876,9.8233881],[79.99481964,9.8233881],[79.99248505,9.8233881],[79.99086761,9.8233881],[79.98853302,9.82392311],[79.98673248,9.82392311],[79.98493958,9.82427883],[79.98368073,9.8253479],[79.98242188,9.82623959],[79.98152161,9.82730865],[79.98044586,9.82784271],[79.9797287,9.82891273],[79.97864532,9.82909012],[79.97649384,9.82980347],[79.97523499,9.82944679],[79.97307587,9.82944679],[79.9705658,9.82944679],[79.96696472,9.82962513],[79.96427155,9.82980347],[79.96229553,9.83033752],[79.95977783,9.83033752],[79.95708466,9.83087254],[79.95475006,9.83087254],[79.95187378,9.83087254],[79.9491806,9.83087254],[79.94773865,9.83016014],[79.94576263,9.83016014],[79.94252777,9.82962513],[79.94019318,9.82962513],[79.93768311,9.82891273],[79.93606567,9.82802105],[79.93426514,9.82730865],[79.93210602,9.82659531],[79.9308548,9.82588291],[79.92959595,9.82552624],[79.92797852,9.82517052],[79.92617798,9.82463551],[79.92402649,9.82374477],[79.92240906,9.82303143],[79.92079163,9.82214069],[79.91934967,9.82107162],[79.91827393,9.82035828],[79.91629791,9.81946754],[79.91522217,9.81822014],[79.91306305,9.8167944],[79.91162109,9.81572533],[79.91001129,9.81412125],[79.90875244,9.81358719],[79.90731049,9.81251812],[79.90551758,9.8114481],[79.90390015,9.8107357],[79.90228271,9.81002235],[79.90138245,9.80966663],[79.89814758,9.80859756],[79.8952713,9.80752754],[79.89276123,9.80663681],[79.89077759,9.80663681],[79.88952637,9.8061018],[79.88808441,9.80592442],[79.88574982,9.80485439],[79.88287354,9.80449867],[79.88018036,9.80396366],[79.8769455,9.80342865],[79.87551117,9.80325031],[79.87371063,9.80360699],[79.87281036,9.80432034],[79.87119293,9.80485439],[79.86993408,9.80485439],[79.86814117,9.80432034],[79.86634064,9.80360699],[79.86508942,9.80325031],[79.86347198,9.80218124],[79.86095428,9.80111217],[79.85951233,9.80022144],[79.85843658,9.79950809],[79.85717773,9.7987957],[79.8555603,9.79808235],[79.85394287,9.79701328],[79.85268402,9.79647827],[79.85124969,9.79594421],[79.85017395,9.7954092],[79.8489151,9.79487514],[79.84801483,9.79451847],[79.84658051,9.79398346],[79.84334564,9.7934494],[79.84136963,9.7934494],[79.83921051,9.79362679],[79.8372345,9.79362679],[79.83525848,9.79434013],[79.83364105,9.79505253],[79.83220673,9.79523087],[79.82950592,9.79647827],[79.82788849,9.79736996],[79.82591248,9.79790401],[79.82303619,9.79808235],[79.81980133,9.79861736],[79.81800842,9.79861736],[79.81567383,9.79915142],[79.81351471,9.79950809],[79.8115387,9.79968643],[79.81010437,9.79968643],[79.80812836,9.80039978],[79.80471039,9.8007555],[79.80237579,9.80093384],[79.79914093,9.80164719],[79.79590607,9.80253792],[79.79393005,9.80307293],[79.79159546,9.80378532],[79.7901535,9.80467606],[79.78817749,9.80503273],[79.78674316,9.8053894],[79.78368378,9.80592442],[79.78207397,9.80592442],[79.78009033,9.80645847],[79.77722168,9.80717182],[79.77560425,9.80770588],[79.77506256,9.80877495],[79.77380371,9.80913162],[79.77164459,9.80984497],[79.77003479,9.80984497],[79.76769257,9.81002235],[79.76589966,9.81002235],[79.76302338,9.80913162],[79.76104736,9.80913162],[79.75907135,9.80859756],[79.7578125,9.80788422],[79.75476074,9.80734921],[79.75260162,9.80717182],[79.75080109,9.80752754],[79.74918365,9.80913162],[79.7486496,9.81055737],[79.74810791,9.81233978],[79.74810791,9.81358719],[79.74739075,9.81483459],[79.74684906,9.816082],[79.7461319,9.81697273],[79.74469757,9.8180418],[79.74343872,9.81839848],[79.74182129,9.81839848],[79.74002075,9.81768608],[79.73804474,9.816082],[79.7371521,9.81429958],[79.73642731,9.8126955],[79.73589325,9.81091404],[79.73516846,9.80895329],[79.73445129,9.80681515],[79.73391724,9.80503273],[79.73319244,9.80342865],[79.73247528,9.80200291],[79.73139954,9.80129051],[79.73032379,9.80039978],[79.72816467,9.79986477],[79.72654724,9.79932976],[79.72492981,9.79826069],[79.72421265,9.79701328],[79.72367096,9.79523087],[79.72402954,9.79434013],[79.72421265,9.79273605],[79.72421265,9.79166698],[79.72421265,9.79024124],[79.72421265,9.78845882],[79.72421265,9.78721142],[79.72492981,9.78489399],[79.72511292,9.78400326],[79.72564697,9.7820425],[79.72600555,9.7800827],[79.72672272,9.77865696],[79.72654724,9.77705288],[79.72636414,9.77616119],[79.72636414,9.77420044],[79.72636414,9.77224064],[79.72654724,9.77063656],[79.72690582,9.7693882],[79.7272644,9.76796246],[79.72834015,9.76635838],[79.72906494,9.76493263],[79.73049927,9.76350689],[79.73175812,9.76225948],[79.73283386,9.7613678],[79.73355103,9.76047707],[79.73480988,9.75922966],[79.73553467,9.75762558],[79.7371521,9.75619888],[79.73840332,9.7545948],[79.73894501,9.75245667],[79.73966217,9.75085258],[79.74002075,9.74907017],[79.74056244,9.74782181],[79.74110413,9.74621773],[79.7412796,9.74407864],[79.7412796,9.74229622],[79.7412796,9.7405138],[79.74110413,9.73890972],[79.74074554,9.73766232],[79.73948669,9.73516655],[79.73858643,9.7332058],[79.73804474,9.73178005],[79.73786926,9.73071003],[79.73786926,9.72946262],[79.73840332,9.7283926],[79.73948669,9.72750187],[79.74074554,9.72678852],[79.74272156,9.72625351],[79.74433899,9.72589779],[79.74774933,9.72536278],[79.74900818,9.72482777],[79.74990845,9.72429276],[79.75134277,9.72411537],[79.75367737,9.72393703],[79.75655365,9.72393703],[79.75799561,9.7237587],[79.75997162,9.72268867],[79.76176453,9.72179794],[79.76266479,9.72072792],[79.76356506,9.7189455],[79.76392365,9.71751976],[79.76409912,9.7162714],[79.76409912,9.71484566],[79.76374054,9.71199322],[79.76320648,9.7102108],[79.76230621,9.70807171],[79.76158905,9.70593262],[79.76086426,9.70414925],[79.75997162,9.70236683],[79.75888824,9.7000494],[79.7578125,9.69808865],[79.75637817,9.6966629],[79.75511932,9.69416714],[79.75421906,9.69238377],[79.75331879,9.689888],[79.75296021,9.68774891],[79.75224304,9.68543148],[79.75152588,9.68418312],[79.75026703,9.68257904],[79.74954987,9.68150902],[79.74810791,9.67954826],[79.74703217,9.67740917],[79.74649048,9.67544746],[79.74684906,9.67402172],[79.74684906,9.67170334],[79.74667358,9.66902924],[79.74684906,9.66778183],[79.74649048,9.66599846],[79.746315,9.6647501],[79.74541473,9.66261101],[79.74487305,9.66136265],[79.7436142,9.6599369],[79.74272156,9.65958023],[79.74146271,9.65922356],[79.74037933,9.65922356],[79.73912811,9.66029358],[79.73858643,9.66118526],[79.73822784,9.66243267],[79.73822784,9.66385937],[79.7387619,9.66546345],[79.73894501,9.66689014],[79.73894501,9.66867256],[79.73930359,9.6702776],[79.73984528,9.671525],[79.74002075,9.67330837],[79.74002075,9.67473412],[79.74002075,9.67598248],[79.73894501,9.67669582],[79.73840332,9.67758656],[79.73678589,9.67847824],[79.73516846,9.67883492],[79.73355103,9.67847824],[79.7321167,9.67776489],[79.73085785,9.67651749],[79.73068237,9.67526913],[79.73032379,9.67277336],[79.73014069,9.67134666],[79.7297821,9.67009926],[79.72906494,9.66849422],[79.72798157,9.66742516],[79.72744751,9.66528511],[79.72708893,9.66350269],[79.72654724,9.66189766],[79.72600555,9.65975857],[79.72492981,9.65851021],[79.72402954,9.6572628],[79.7229538,9.65547943],[79.72151184,9.6538744],[79.72026062,9.65191364],[79.71881866,9.64995193],[79.71774292,9.64834785],[79.71684265,9.64638615],[79.71612549,9.64478207],[79.71469116,9.64335537],[79.71360779,9.64139366],[79.71199036,9.63978958],[79.71073151,9.63729286],[79.70965576,9.63568878],[79.70858002,9.63408375],[79.70767975,9.63212204],[79.70696259,9.63051796],[79.70624542,9.62962627],[79.70498657,9.62730789],[79.7040863,9.62481213],[79.7039032,9.62285042],[79.70318604,9.62071037],[79.70246887,9.61821461],[79.70211029,9.61643124],[79.70139313,9.61411285],[79.70103455,9.61143875],[79.70085144,9.60947704],[79.70049286,9.60751534],[79.70030975,9.60501862],[79.6997757,9.60305786],[79.6990509,9.60109615],[79.69815826,9.59859943],[79.69707489,9.59717274],[79.69635773,9.59538937],[79.6949234,9.59342766],[79.69366455,9.59235764],[79.69294739,9.59111023],[79.69150543,9.58968353],[79.69061279,9.58897018],[79.68935394,9.58790016],[79.68809509,9.58736515],[79.68701935,9.58683014],[79.6857605,9.58629513],[79.6832428,9.58540344],[79.68144226,9.58469009],[79.67982483,9.58397675],[79.67749023,9.58308506],[79.67551422,9.58148003],[79.6740799,9.58058834],[79.67210388,9.57969666],[79.67084503,9.57933998],[79.66832733,9.5784483],[79.66616821,9.57826996],[79.66437531,9.57755661],[79.66275787,9.57755661],[79.66059875,9.57809162],[79.65952301,9.57898331],[79.657547,9.57969666],[79.65647125,9.58076668],[79.65467072,9.5818367],[79.65323639,9.5832634],[79.65161896,9.58558178],[79.650177,9.58700848],[79.64855957,9.58736515],[79.64766693,9.58700848],[79.64658356,9.58611679],[79.64586639,9.58486843],[79.64586639,9.58255005],[79.64622498,9.58094501],[79.64676666,9.57951832],[79.64730835,9.57755661],[79.64802551,9.57595158],[79.64874268,9.57488155],[79.64981842,9.57309818],[79.65071869,9.57184982],[79.65090179,9.56988811],[79.65090179,9.56756973],[79.65107727,9.56578636],[79.64964294,9.56328964],[79.64910126,9.56097126],[79.64855957,9.55883121],[79.64730835,9.55579948],[79.64676666,9.5534811],[79.64586639,9.55187607],[79.64532471,9.54902172],[79.64496613,9.54581165],[79.64532471,9.54384995],[79.64532471,9.5417099],[79.64569092,9.5402832],[79.6460495,9.53778553],[79.64712524,9.5361805],[79.64676666,9.5333271],[79.64676666,9.53083038],[79.64658356,9.5277977],[79.64640808,9.52547932],[79.64676666,9.52333832],[79.64712524,9.52155495],[79.64712524,9.51994991],[79.64730835,9.5179882],[79.64766693,9.51638222],[79.64802551,9.51513386],[79.64820099,9.51352882],[79.64784241,9.51120949],[79.64694214,9.50924778],[79.64766693,9.50782108],[79.64820099,9.5062151],[79.64891815,9.50496674],[79.64928436,9.50371838],[79.65000153,9.50211334],[79.65053558,9.50086403],[79.65179443,9.49979401],[79.65251923,9.49854565],[79.65251923,9.49658298],[79.65377045,9.49551296],[79.65485382,9.4942646],[79.65628815,9.49283695],[79.65736389,9.49194527],[79.65844727,9.49069691],[79.65970612,9.48962688],[79.66149902,9.48873425],[79.66329956,9.48784256],[79.66491699,9.48677254],[79.66635132,9.48605919],[79.66778564,9.48552418],[79.66976929,9.48498821],[79.67156219,9.48427486],[79.67282104,9.48338318],[79.67425537,9.48231316],[79.67515564,9.48159981],[79.67695618,9.48052883],[79.6782074,9.47945881],[79.68019104,9.47838879],[79.68270111,9.47713947],[79.68557739,9.47571278],[79.68737793,9.47410679],[79.68862915,9.47357178],[79.69024658,9.47285843],[79.69204712,9.47161007],[79.69509888,9.4710741],[79.6974411,9.47089577],[79.69959259,9.47018242],[79.7015686,9.46964741],[79.70246887,9.46857738],[79.70336914,9.46786308],[79.70498657,9.4669714],[79.70767975,9.46643639],[79.71001434,9.46572304],[79.71253204,9.46572304],[79.71396637,9.46661472],[79.71630096,9.46750641],[79.71774292,9.46857738],[79.71917725,9.46946907],[79.72079468,9.47036076],[79.72205353,9.47089577],[79.72367096,9.47089577],[79.7247467,9.47143173],[79.72636414,9.47214508],[79.72816467,9.47339344],[79.72942352,9.4746418],[79.73121643,9.47589111],[79.73247528,9.47731781]]]},"source_id":"incois_wfs","acquired_at":"2026-08-31T18:05:40.682931+00:00"},{"type":"Feature","feature_key":"402d3495a1f9f88f","properties":{"FNODE_":1604,"TNODE_":1539,"LPOLY_":1,"RPOLY_":1,"LENGTH":0.972512,"BATHMETRY_":1407,"BATHMETRY1":10,"BATHMETR_1":10,"BATHYLABEL":""},"geometry":{"type":"MultiLineString","coordinates":[[[79.14160919,9.39881897],[79.14376831,9.39899731],[79.14574432,9.39988995],[79.14753723,9.40042496],[79.14862061,9.40078163],[79.15005493,9.40006828],[79.15005493,9.39810562],[79.15005493,9.39703465],[79.14915466,9.3963213],[79.1484375,9.39560795],[79.14753723,9.39453697],[79.14790344,9.39293098],[79.14862061,9.391325],[79.14915466,9.39025497],[79.14933777,9.38847065],[79.14933777,9.38722134],[79.14951324,9.38579369],[79.14951324,9.38454437],[79.15005493,9.38365269],[79.1509552,9.38240337],[79.15238953,9.38240337],[79.15364838,9.38240337],[79.15509033,9.38240337],[79.1558075,9.38169003],[79.15724182,9.38008404],[79.15795898,9.3791914],[79.1601181,9.37794304],[79.16173553,9.37794304],[79.16299438,9.37847805],[79.16442871,9.37936974],[79.16532898,9.38026237],[79.16551208,9.38151169],[79.1651535,9.38293839],[79.16442871,9.38365269],[79.16353607,9.38436604],[79.16281128,9.38508034],[79.16173553,9.38579369],[79.16065979,9.3863287],[79.15994263,9.38757801],[79.15957642,9.38882732],[79.15957642,9.39007664],[79.15975952,9.39186096],[79.16030121,9.39310932],[79.16155243,9.3941803],[79.1626358,9.39560795],[79.16389465,9.39703465],[79.16442871,9.39899731],[79.1651535,9.40006828],[79.1651535,9.40238762],[79.16425323,9.40381527],[79.16335297,9.40577793],[79.16299438,9.40791893],[79.16191864,9.41059494],[79.16083527,9.41113091],[79.15994263,9.41166592],[79.15795898,9.41184425],[79.15724182,9.41095257],[79.15616608,9.41005993],[79.15544891,9.40791893],[79.15472412,9.40720558],[79.1534729,9.40702724],[79.15185547,9.40791893],[79.15131378,9.40881157],[79.15113068,9.40988159],[79.15059662,9.41113091],[79.14987946,9.41220093],[79.14915466,9.4132719],[79.14862061,9.41416359],[79.1484375,9.41559124],[79.14897919,9.41648293],[79.14969635,9.41773224],[79.15041351,9.41862392],[79.15041351,9.41987324],[79.15023804,9.42130089],[79.1484375,9.4218359],[79.14736176,9.4218359],[79.14664459,9.42076492],[79.14520264,9.41951656],[79.14412689,9.41844559],[79.14305115,9.41737556],[79.14232635,9.41648293],[79.14125061,9.41523457],[79.14053345,9.41416359],[79.13963318,9.41309357],[79.13873291,9.41273689],[79.13765717,9.41273689],[79.13658142,9.41380692],[79.13603973,9.41505623],[79.13586426,9.41684055],[79.13586426,9.41791058],[79.13586426,9.41915989],[79.13639832,9.42040825],[79.13694,9.42130089],[79.13748169,9.42254925],[79.13819885,9.42362022],[79.13873291,9.42486858],[79.13999176,9.4261179],[79.14089203,9.42736626],[79.14107513,9.42932892],[79.14107513,9.43182659],[79.14143372,9.43361092],[79.1417923,9.4352169],[79.14215088,9.4366436],[79.14286804,9.43771458],[79.14358521,9.43914127],[79.14430237,9.44003391],[79.14520264,9.44074726],[79.1459198,9.44146061],[79.14664459,9.44235229],[79.14736176,9.44360161],[79.14826202,9.44502831],[79.15005493,9.44627762],[79.15113068,9.44699097],[79.1534729,9.44823933],[79.15490723,9.44895363],[79.15652466,9.45055866],[79.15706635,9.45180798],[79.1576004,9.45341301],[79.15724182,9.45555401],[79.15598297,9.45662498],[79.15400696,9.45787334],[79.15311432,9.45858669],[79.15185547,9.4591217],[79.14951324,9.46001434],[79.14736176,9.46054935],[79.14430237,9.46179771],[79.14196777,9.46215439],[79.13999176,9.46161938],[79.13873291,9.46144104],[79.13694,9.46037102],[79.13478088,9.46037102],[79.13334656,9.46197605],[79.13334656,9.46393871],[79.13316345,9.46679306],[79.13352203,9.4691124],[79.13352203,9.47143173],[79.13388062,9.47339344],[79.13406372,9.47606945],[79.1344223,9.47928047],[79.13496399,9.48213482],[79.13478088,9.48516655],[79.13388062,9.48712921],[79.13226318,9.48855591],[79.13047028,9.48998356],[79.12831116,9.49141026],[79.12687683,9.49283695],[79.12580109,9.49408627],[79.12507629,9.49551296],[79.12435913,9.49765396],[79.12418365,9.49961567],[79.12382507,9.5012207],[79.12345886,9.50300503],[79.12345886,9.50496674],[79.12345886,9.50728607],[79.12382507,9.50942612],[79.12471771,9.51174545],[79.1252594,9.51352882],[79.1254425,9.51566887],[79.12471771,9.51656055],[79.12364197,9.51780987],[79.12184143,9.51923656],[79.12004852,9.51994991],[79.11914825,9.52119827],[79.11807251,9.52208996],[79.11699677,9.52315998],[79.11573792,9.52387428],[79.11412048,9.52476597],[79.11286163,9.52547932],[79.1110611,9.52654934],[79.10890961,9.52886772],[79.10782623,9.53011608],[79.10657501,9.53172207],[79.10495758,9.53350544],[79.10423279,9.5347538],[79.10315704,9.5361805],[79.10225677,9.53760719],[79.10172272,9.53939152],[79.10172272,9.54046154],[79.10172272,9.54260159],[79.10172272,9.54491997],[79.10172272,9.54706001],[79.10136414,9.54973507],[79.10099792,9.55116177],[79.10046387,9.55258942],[79.10046387,9.55419445],[79.10082245,9.55704784],[79.10153961,9.56043625],[79.10189819,9.56257629],[79.10298157,9.56435966],[79.10387421,9.56667805],[79.10441589,9.56828308],[79.10531616,9.56988811],[79.10585022,9.57184982],[79.10657501,9.57345486],[79.10710907,9.57541656],[79.10800934,9.57737827],[79.1087265,9.57898331],[79.10908508,9.58005333],[79.10980988,9.58201504],[79.1112442,9.58362007],[79.11286163,9.58576012],[79.11393738,9.58629513],[79.11502075,9.58772182],[79.11573792,9.58932686],[79.11627197,9.59111023],[79.11699677,9.59271431],[79.11771393,9.59431934],[79.1186142,9.5969944],[79.11914825,9.59877777],[79.11950684,9.60109615],[79.11933136,9.60359287],[79.11933136,9.60555363],[79.11968994,9.60715866],[79.11968994,9.60983372],[79.11986542,9.61161709],[79.11986542,9.61411285],[79.11986542,9.6162529],[79.12023163,9.61910629],[79.12023163,9.62106705],[79.1204071,9.62267208],[79.1204071,9.62427711],[79.12059021,9.62623787],[79.12059021,9.62855625],[79.12059021,9.63087463],[79.12059021,9.63319206],[79.12059021,9.63533211],[79.12059021,9.63782787],[79.12059021,9.64050293],[79.12076569,9.64282036],[79.12130737,9.6456728],[79.12184143,9.64709949],[79.12256622,9.6490612],[79.12345886,9.65048695],[79.12454224,9.65209198],[79.12580109,9.6538744],[79.12759399,9.65547943],[79.12866974,9.65672779],[79.13065338,9.65833187],[79.13208771,9.65922356],[79.13388062,9.66118526],[79.13460541,9.66332436],[79.13460541,9.66528511],[79.13370514,9.66671181],[79.13298798,9.66778183],[79.13208771,9.6688509],[79.13011169,9.67009926],[79.12921143,9.67116928],[79.12866974,9.67330837],[79.12866974,9.67473412],[79.12921143,9.67669582],[79.12992859,9.67883492],[79.13101196,9.68026161],[79.13226318,9.68150902],[79.1344223,9.68329239],[79.13711548,9.68471813],[79.13891602,9.68578815],[79.14053345,9.68667889],[79.14340973,9.68757057],[79.1459198,9.68899632],[79.14897919,9.69077969],[79.15023804,9.69238377],[79.15131378,9.69381046],[79.15274811,9.69594955],[79.15472412,9.69808865],[79.15634155,9.69915867],[79.15814209,9.70040607],[79.16065979,9.70183182],[79.16281128,9.70325851],[79.16587067,9.70450592],[79.16856384,9.70593262],[79.17144012,9.70718002],[79.1741333,9.70860672],[79.17575073,9.70931911],[79.17736816,9.71003246],[79.18006134,9.71038914],[79.18203735,9.71145821],[79.18419647,9.71252823],[79.18599701,9.71448898],[79.18797302,9.71644974],[79.18940735,9.71948051],[79.18886566,9.72072792],[79.18869019,9.72304535],[79.18778992,9.72429276],[79.18761444,9.72607613],[79.18724823,9.72785854],[79.18850708,9.72928429],[79.19012451,9.73142338],[79.19138336,9.73374081],[79.19156647,9.73605824],[79.19120789,9.73801899],[79.18976593,9.73997879],[79.18959045,9.74140549],[79.1883316,9.74354458],[79.18743134,9.745327],[79.18688965,9.74764347],[79.18617249,9.74978256],[79.18653107,9.75209999],[79.18761444,9.75441647],[79.18886566,9.75655556],[79.19084167,9.75780392],[79.19300079,9.75887299],[79.19425964,9.759408],[79.19587708,9.759408],[79.19857025,9.75958538],[79.20037079,9.76029873],[79.2023468,9.76101208],[79.20449829,9.76297188],[79.20558167,9.76457596],[79.20594025,9.76635838],[79.20665741,9.76778412],[79.2071991,9.76921082],[79.20791626,9.77170563],[79.20863342,9.77330971],[79.20970917,9.77473545],[79.21079254,9.77669621],[79.21240997,9.77847862],[79.21366882,9.78026009],[79.21474457,9.78133011],[79.21582031,9.78257751],[79.21779633,9.78471661],[79.21905518,9.78649807],[79.22013092,9.78738976],[79.22121429,9.78810215],[79.22247314,9.78899384],[79.22372437,9.7900629],[79.22426605,9.79131031],[79.22498322,9.79309273],[79.2253418,9.79434013],[79.2255249,9.79612255],[79.22588348,9.79790401],[79.22588348,9.79897404],[79.22660065,9.80004311],[79.22731781,9.80164719],[79.22840118,9.80289459],[79.22930145,9.80432034],[79.2303772,9.80592442],[79.23127747,9.80717182],[79.23235321,9.80895329],[79.23325348,9.81020069],[79.23432922,9.8107357],[79.23522949,9.81109238],[79.23684692,9.81109238],[79.23882294,9.8114481],[79.24025726,9.81216145],[79.24079895,9.81323051],[79.24151611,9.81429958],[79.24241638,9.81572533],[79.24277496,9.81768608],[79.24295807,9.81964588],[79.24349213,9.82178402],[79.24367523,9.8233881],[79.24456787,9.82499218],[79.24582672,9.82766533],[79.24744415,9.82980347],[79.24960327,9.8319416],[79.2512207,9.83283234],[79.25319672,9.83425808],[79.25535583,9.83568382],[79.25679016,9.83693123],[79.25894928,9.83853531],[79.26074219,9.84031677],[79.26254272,9.84192085],[79.26380157,9.84281158],[79.2650528,9.84388065],[79.26739502,9.84601879],[79.26882935,9.84744453],[79.26990509,9.84904861],[79.2718811,9.85189915],[79.27313995,9.85350323],[79.27385712,9.85546303],[79.27511597,9.85760117],[79.2767334,9.86009598],[79.27817535,9.86205578],[79.27979279,9.86383724],[79.28158569,9.86526299],[79.28446198,9.86686611],[79.28679657,9.86793518],[79.28985596,9.86900425],[79.29200745,9.8697176],[79.29452515,9.87060833],[79.29650116,9.87078667],[79.29793549,9.87096405],[79.29955292,9.87114239],[79.30117035,9.87114239],[79.30278778,9.87132072],[79.30368805,9.8716774],[79.30548859,9.87274647],[79.30710602,9.8736372],[79.30944061,9.87452793],[79.31123352,9.87452793],[79.31375122,9.87470627],[79.31572723,9.87488461],[79.31752777,9.87541866],[79.3191452,9.87595367],[79.32076263,9.87720013],[79.32165527,9.8782692],[79.32291412,9.87880421],[79.32381439,9.87933826],[79.32524872,9.87969494],[79.32686615,9.88040733],[79.32776642,9.88165474],[79.32866669,9.88397121],[79.32920074,9.88557434],[79.32938385,9.88806915],[79.32938385,9.88967228],[79.32956696,9.89056301],[79.33081818,9.89181042],[79.33243561,9.89341354],[79.33387756,9.89466095],[79.33567047,9.89626408],[79.33782959,9.89751148],[79.33998871,9.89840221],[79.34339905,9.90054035],[79.34501648,9.90250015],[79.34645081,9.90445995],[79.34735107,9.90624142],[79.34770966,9.90873528],[79.34843445,9.91105175],[79.34986877,9.91318893],[79.3513031,9.9149704],[79.35274506,9.91603947],[79.35579681,9.91710854],[79.35813141,9.91782093],[79.36029053,9.91853428],[79.36244965,9.91960239],[79.36442566,9.92049313],[79.36585999,9.92174053],[79.36711884,9.92334366],[79.367836,9.9247694],[79.36891174,9.92583752],[79.37017059,9.92690659],[79.37197113,9.92833233],[79.37412262,9.92975712],[79.37646484,9.93064785],[79.37861633,9.93082619],[79.38167572,9.93100357],[79.38454437,9.93082619],[79.38760376,9.93171692],[79.38957977,9.93278503],[79.3910141,9.93403244],[79.39191437,9.93617058],[79.39245605,9.93830776],[79.39335632,9.93955517],[79.39443207,9.94062328],[79.39586639,9.94115829],[79.39802551,9.94169235],[79.39964294,9.94187069],[79.40197754,9.94276142],[79.40341187,9.94347382],[79.40485382,9.94436455],[79.40664673,9.94489861],[79.40826416,9.94507694],[79.40988159,9.94507694],[79.41204071,9.94489861],[79.41419983,9.94472027],[79.41563416,9.94489861],[79.41706848,9.94632435],[79.41832733,9.94774914],[79.41958618,9.9495306],[79.42048645,9.95113373],[79.42192078,9.95327091],[79.42336273,9.9546957],[79.42533875,9.95612144],[79.42784882,9.95754623],[79.42893219,9.95825863],[79.43216705,9.95897102],[79.43467712,9.9593277],[79.43845367,9.95968342],[79.44150543,9.95986176],[79.44402313,9.95986176],[79.44815826,9.96093082],[79.4515686,9.96110916],[79.4540863,9.96128654],[79.45677948,9.96199894],[79.45965576,9.96271229],[79.46271515,9.96413708],[79.46504974,9.96484947],[79.46755981,9.96609592],[79.46971893,9.9664526],[79.47259521,9.96663094],[79.4754715,9.96663094],[79.47852325,9.96734333],[79.48121643,9.96752071],[79.4822998,9.96823406],[79.48355865,9.96841145],[79.48517609,9.96894646],[79.48696899,9.96948051],[79.48858643,9.97019291],[79.49056244,9.9709053],[79.49217987,9.97233009],[79.49415588,9.97304249],[79.496315,9.97411156]]]},"source_id":"incois_wfs","acquired_at":"2026-08-31T18:05:40.682931+00:00"},{"type":"Feature","feature_key":"a7d6ad97a4910390","properties":{"FNODE_":1628,"TNODE_":1630,"LPOLY_":1,"RPOLY_":1,"LENGTH":0.0246595,"BATHMETRY_":1422,"BATHMETRY1":1,"BATHMETR_1":0,"BATHYLABEL":""},"geometry":{"type":"MultiLineString","coordinates":[[[78.72931671,9.18497467],[78.73093414,9.1822958],[78.73219299,9.18033218],[78.73362732,9.17872524],[78.73362732,9.17676163],[78.73309326,9.17461872],[78.73093414,9.17301178],[78.72805786,9.17283344],[78.72608185,9.17283344],[78.72428894,9.17336941],[78.72303009,9.17426205],[78.72158813,9.17551136]]]},"source_id":"incois_wfs","acquired_at":"2026-08-31T18:05:40.682931+00:00"},{"type":"Feature","feature_key":"adce7da1d4139920","properties":{"FNODE_":1588,"TNODE_":1633,"LPOLY_":1,"RPOLY_":1,"LENGTH":0.929053,"BATHMETRY_":1423,"BATHMETRY1":10,"BATHMETR_1":10,"BATHYLABEL":""},"geometry":{"type":"MultiLineString","coordinates":[[[79.73247528,9.47731781],[79.73337555,9.47963715],[79.73391724,9.48052883],[79.73409271,9.4830265],[79.73409271,9.4844532],[79.73409271,9.48641586],[79.73445129,9.48784256],[79.73589325,9.48909187],[79.73786926,9.49034023],[79.74020386,9.49123192],[79.74182129,9.49230194],[79.74415588,9.49301624],[79.7461319,9.49390793],[79.74846649,9.49479961],[79.75062561,9.49533463],[79.75188446,9.49676132],[79.75224304,9.49818897],[79.75224304,9.49943733],[79.75080109,9.50068569],[79.74900818,9.50157738],[79.74720764,9.50282669],[79.74487305,9.50371838],[79.74236298,9.5047884],[79.74056244,9.50603676],[79.73912811,9.5069294],[79.73804474,9.50817776],[79.73678589,9.50942612],[79.73625183,9.51049614],[79.73625183,9.51210213],[79.73625183,9.51317215],[79.7371521,9.51477718],[79.73840332,9.51656055],[79.74002075,9.5179882],[79.74163818,9.51923656],[79.74308014,9.52030659],[79.74433899,9.52101994],[79.74577332,9.52173328],[79.74757385,9.52369595],[79.74846649,9.52494431],[79.74936676,9.526371],[79.75026703,9.52726269],[79.75152588,9.52851105],[79.75278473,9.52975941],[79.75403595,9.53100872],[79.75493622,9.53172207],[79.75637817,9.53225708],[79.75762939,9.53314877],[79.75907135,9.53350544],[79.7603302,9.53386211],[79.76212311,9.53404045],[79.76392365,9.53404045],[79.76554108,9.53386211],[79.76679993,9.53386211],[79.76823425,9.53261375],[79.76931,9.53172207],[79.77039337,9.53100872],[79.7718277,9.53083038],[79.77308655,9.52993774],[79.77487946,9.52975941],[79.77649689,9.52993774],[79.77775574,9.53047276],[79.77919769,9.53065205],[79.78045654,9.53083038],[79.78279114,9.53083038],[79.78476715,9.53029442],[79.78728485,9.52975941],[79.78889465,9.52904606],[79.7901535,9.52868938],[79.79195404,9.52815437],[79.79374695,9.52815437],[79.79662323,9.52833271],[79.79824066,9.5292244],[79.79878235,9.53011608],[79.79895782,9.53100872],[79.79914093,9.53225708],[79.79842377,9.53314877],[79.7975235,9.53404045],[79.79644775,9.5347538],[79.79536438,9.5347538],[79.79357147,9.53546715],[79.79249573,9.53564548],[79.79105377,9.53653717],[79.78961945,9.53742886],[79.78817749,9.53760719],[79.78728485,9.53867722],[79.78620148,9.5402832],[79.786026,9.54153156],[79.786026,9.54260159],[79.78620148,9.54402828],[79.78674316,9.54581165],[79.78781891,9.54706001],[79.78926086,9.54866505],[79.78979492,9.54973507],[79.79105377,9.55169773],[79.79212952,9.55330276],[79.79374695,9.55383778],[79.79608917,9.55383778],[79.79914093,9.55365944],[79.80093384,9.55365944],[79.80201721,9.55383778],[79.80327606,9.55437279],[79.80452728,9.55526447],[79.80614471,9.55669117],[79.80812836,9.55740452],[79.81027985,9.5582962],[79.81225586,9.55883121],[79.81423187,9.55918789],[79.81674957,9.55936623],[79.81890869,9.55918789],[79.82106018,9.55900955],[79.82286072,9.55847454],[79.82447815,9.55776119],[79.82662964,9.55704784],[79.82933044,9.55597782],[79.83076477,9.55472946],[79.8323822,9.55330276],[79.83328247,9.55205441],[79.83399963,9.55044842],[79.8348999,9.54902172],[79.83633423,9.54688168],[79.83777618,9.54491997],[79.83866882,9.54349327],[79.84011078,9.54188824],[79.84082794,9.54099655],[79.8415451,9.53974819],[79.84298706,9.53832054],[79.84460449,9.53725052],[79.84549713,9.53689384],[79.84747314,9.5361805],[79.84927368,9.53564548],[79.85124969,9.53546715],[79.8537674,9.53493214],[79.85717773,9.5347538],[79.86005402,9.53493214],[79.86203003,9.53600216],[79.86400604,9.53671551],[79.86598206,9.53742886],[79.86814117,9.53760719],[79.87011719,9.53760719],[79.87137604,9.53742886],[79.87316895,9.53707218],[79.87514496,9.53653717],[79.8769455,9.5361805],[79.87892151,9.53564548],[79.88053894,9.53457546],[79.88197327,9.53421879],[79.88449097,9.53386211],[79.88736725,9.53386211],[79.88934326,9.53439713],[79.89041901,9.53386211],[79.89186096,9.53261375],[79.89329529,9.53154373],[79.89491272,9.53065205],[79.89671326,9.52904606],[79.89833069,9.52851105],[79.89994812,9.52833271],[79.90156555,9.5277977],[79.90335846,9.52761936],[79.90623474,9.52761936],[79.90892792,9.52761936],[79.91090393,9.52761936],[79.91234589,9.52708435],[79.91378021,9.52547932],[79.91522217,9.52458763],[79.91611481,9.52280331],[79.91647339,9.52119827],[79.91683197,9.51923656],[79.91755676,9.51816654],[79.91773224,9.51673889],[79.91827393,9.51495552],[79.91899109,9.51352882],[79.91989136,9.51210213],[79.92079163,9.51085281],[79.92168427,9.50942612],[79.92240906,9.50853443],[79.9234848,9.50764275],[79.92491913,9.5069294],[79.92617798,9.5062151],[79.92707825,9.50550175],[79.92815399,9.50425339],[79.92887115,9.50247002],[79.92905426,9.5012207],[79.92887115,9.49979401],[79.92851257,9.49836731],[79.92797852,9.49693966],[79.92725372,9.49533463],[79.92653656,9.49355125],[79.92564392,9.49265862],[79.92491913,9.49141026],[79.9234848,9.48927021],[79.92258453,9.4880209],[79.92115021,9.48695087],[79.91989136,9.48552418],[79.91917419,9.48427486],[79.91791534,9.48266983],[79.91701508,9.48177814],[79.91593933,9.48070717],[79.91468048,9.47999382],[79.91306305,9.4789238],[79.91234589,9.47731781],[79.91126251,9.47696114],[79.91072845,9.47606945],[79.9094696,9.47499943],[79.90802765,9.47410679],[79.90659332,9.47268009],[79.90551758,9.47178841],[79.90390015,9.47053909],[79.90299988,9.46982574],[79.90156555,9.46839905],[79.89994812,9.4669714],[79.89868927,9.46590137],[79.89724731,9.4648304],[79.89581299,9.46411705],[79.89455414,9.46358204],[79.89257813,9.46286869],[79.8911438,9.46269035],[79.88934326,9.46269035],[79.88755035,9.46269035],[79.8862915,9.46269035],[79.88431549,9.46376038],[79.88251495,9.46465206],[79.88089752,9.46465206],[79.87892151,9.46429539],[79.87676239,9.46393871],[79.87551117,9.46322536],[79.87389374,9.4612627],[79.87389374,9.46001434],[79.87371063,9.45787334],[79.87406921,9.45591068],[79.8744278,9.45430565],[79.8744278,9.45269966],[79.87478638,9.450737],[79.87532806,9.44806099],[79.87551117,9.44592094],[79.87604523,9.44431496],[79.87604523,9.44253063],[79.87604523,9.44074726],[79.87604523,9.4387846],[79.87604523,9.4366436],[79.87604523,9.43468189],[79.87658691,9.4330759],[79.8769455,9.43093491],[79.87802124,9.42897224],[79.8787384,9.42808056],[79.87963867,9.42718792],[79.88108063,9.42647457],[79.88323212,9.42576122],[79.88467407,9.42504692],[79.8861084,9.42504692],[79.88755035,9.42451191],[79.88880157,9.42344189],[79.88970184,9.42254925],[79.89041901,9.42165756],[79.89167786,9.42022991],[79.89239502,9.41880226],[79.89311981,9.41737556],[79.89365387,9.41612625],[79.89473724,9.41380692],[79.8952713,9.41184425],[79.89598846,9.4104166],[79.89653015,9.40916824],[79.89743042,9.40863228],[79.89833069,9.40756226],[79.89940643,9.40649128],[79.90048218,9.40631294],[79.90209961,9.40649128],[79.90335846,9.40756226],[79.9044342,9.40881157],[79.905159,9.41023827],[79.90641022,9.41113091],[79.90821075,9.41184425],[79.91126251,9.41291523],[79.9143219,9.41380692],[79.91611481,9.41487789],[79.91809082,9.41612625],[79.92043304,9.41684055],[79.92312622,9.41808891],[79.92546082,9.41880226],[79.92905426,9.41951656],[79.93048859,9.42022991],[79.93336487,9.42005157],[79.93534088,9.41915989],[79.93695831,9.41826725],[79.93893433,9.41808891],[79.94109344,9.41719723],[79.94289398,9.41630459],[79.94450378,9.4146986],[79.94576263,9.41309357],[79.94684601,9.41184425],[79.94756317,9.40988159],[79.94756317,9.40774059],[79.94792175,9.40613461],[79.94792175,9.40399361],[79.94792175,9.40185261],[79.94702148,9.40113926],[79.94576263,9.39988995],[79.94450378,9.3984623],[79.94342804,9.39810562],[79.94073486,9.39757061],[79.93857574,9.39685631],[79.93678284,9.39685631],[79.93444824,9.39542961],[79.93354797,9.3941803],[79.93336487,9.39275265],[79.93336487,9.39061165],[79.93462372,9.38900566],[79.93552399,9.38757801],[79.93678284,9.38650799],[79.93785858,9.38561535],[79.93875885,9.384902],[79.9400177,9.38400936],[79.94127655,9.38329601],[79.94235229,9.38258171],[79.94342804,9.38240337],[79.94540405,9.38044071],[79.94630432,9.37883472],[79.94684601,9.37740707],[79.94756317,9.37544441],[79.94792175,9.37401676],[79.94773865,9.3720541],[79.94684601,9.36955547],[79.94648743,9.36812878],[79.94576263,9.3663435],[79.94468689,9.36545181],[79.94325256,9.36438084],[79.94235229,9.3642025],[79.94037628,9.36330986],[79.93857574,9.36259651],[79.93642426,9.36116886],[79.93480682,9.3592062],[79.93318939,9.35724258],[79.93193054,9.35527992],[79.9308548,9.35206795],[79.93048859,9.34974766],[79.92995453,9.34742832],[79.92887115,9.34546471],[79.92743683,9.34368038],[79.92617798,9.34189606],[79.92491913,9.3399334],[79.9234848,9.33868408],[79.92258453,9.33707809],[79.92186737,9.33547115],[79.92132568,9.33333015],[79.9209671,9.33208084],[79.92079163,9.33011723],[79.92060852,9.32886791],[79.92079163,9.32708359],[79.92168427,9.32565594],[79.92222595,9.32404995],[79.92276764,9.32244396],[79.92312622,9.32030201],[79.9233017,9.31816006],[79.9234848,9.31566143],[79.9234848,9.31369877],[79.9233017,9.31120014],[79.92222595,9.3095932],[79.92115021,9.30816555],[79.92024994,9.30709457],[79.91934967,9.30513191],[79.91899109,9.30263329],[79.91881561,9.30156231],[79.9184494,9.29870701],[79.9184494,9.29674339],[79.9184494,9.29531574],[79.9184494,9.29335213],[79.9184494,9.29174614],[79.91809082,9.28996086],[79.91719818,9.28871155],[79.91558075,9.2865696],[79.91360474,9.28389263],[79.91378021,9.28192902],[79.91360474,9.28032303],[79.91360474,9.27853775],[79.91287994,9.27657413],[79.91252136,9.27443218],[79.9118042,9.27175522],[79.91108704,9.27068424],[79.91018677,9.26925564],[79.90911102,9.26729298],[79.90875244,9.26532936],[79.90856934,9.26390076],[79.90785217,9.26211643],[79.90713501,9.26050949],[79.90641022,9.25872517],[79.90623474,9.25604725],[79.90641022,9.25319099],[79.90569305,9.25069237],[79.90569305,9.2494421],[79.90461731,9.2465868],[79.90354156,9.24480152],[79.90174103,9.2421236],[79.89994812,9.24015999],[79.897789,9.23748207],[79.89635468,9.23587608],[79.89545441,9.23355484],[79.89347839,9.23248386],[79.89167786,9.23034191],[79.89006042,9.22927094],[79.8886261,9.22927094],[79.88700867,9.22873497],[79.88556671,9.22855663],[79.88251495,9.22873497],[79.88035583,9.22944927],[79.87820435,9.23016357],[79.87676239,9.23159122],[79.87568665,9.2326622],[79.8744278,9.23391247],[79.87299347,9.23516178],[79.87101746,9.23659039],[79.86975861,9.23801804],[79.86849976,9.23926735],[79.86688232,9.24087429],[79.86526489,9.2421236],[79.86383057,9.24301624],[79.86238861,9.24426556],[79.86023712,9.24497986],[79.85897827,9.24569416],[79.85771942,9.24622917],[79.85610199,9.24694347],[79.85520172,9.24712181],[79.85394287,9.24783611],[79.85286713,9.24819279],[79.85160828,9.24855042],[79.84927368,9.2494421],[79.84747314,9.2501564],[79.84568024,9.25140572],[79.84423828,9.25283432],[79.84334564,9.25372696],[79.84244537,9.25444031],[79.84101105,9.25569057],[79.8397522,9.25693989],[79.83885193,9.25765324],[79.8372345,9.25836754],[79.83580017,9.25836754],[79.83435822,9.25836754],[79.83345795,9.25783253],[79.83345795,9.25658226],[79.83418274,9.2546196],[79.83525848,9.25354862],[79.83669281,9.25212002],[79.83759308,9.25140572],[79.83849335,9.24997807],[79.8390274,9.24855042],[79.83956909,9.24676514],[79.84028625,9.24605083],[79.84046936,9.24462318],[79.84064484,9.24301624],[79.84082794,9.24105263],[79.84082794,9.23873234],[79.84046936,9.23676872],[79.83992767,9.23498344],[79.83992767,9.23319817],[79.8397522,9.23105621],[79.83956909,9.22891426],[79.8397522,9.22730732],[79.8397522,9.22605801],[79.8397522,9.2239151],[79.8397522,9.22284412],[79.8397522,9.22141647],[79.83992767,9.22034454],[79.84046936,9.2194519],[79.84082794,9.21802425],[79.84118652,9.21677494],[79.8415451,9.21427536],[79.8415451,9.21284676],[79.84136963,9.21088314],[79.84101105,9.20856285],[79.84101105,9.20588493],[79.84064484,9.20392036],[79.83921051,9.20106411],[79.83795166,9.19856453],[79.83633423,9.19660091],[79.83454132,9.19445896],[79.83364105,9.19320869],[79.83166504,9.19178009],[79.82950592,9.1901741],[79.82807159,9.18820953],[79.82698822,9.18588924],[79.82735443,9.18321037],[79.82717133,9.18196106],[79.82788849,9.18035412],[79.82843018,9.17928314],[79.82878876,9.17785454],[79.82878876,9.17678356],[79.82843018,9.17589092],[79.82788849,9.17446232],[79.82698822,9.17339134],[79.82591248,9.1717844],[79.82447815,9.1710701],[79.82286072,9.17017746],[79.82177734,9.16999817],[79.82052612,9.16964149],[79.81926727,9.16964149],[79.81782532,9.16964149],[79.81567383,9.16946316],[79.81369781,9.16892719],[79.81082153,9.16821289],[79.80848694,9.16732025],[79.80686951,9.16714191],[79.80452728,9.16678429]]]},"source_id":"incois_wfs","acquired_at":"2026-08-31T18:05:40.682931+00:00"},{"type":"Feature","feature_key":"df4e4336bfa96a80","properties":{"FNODE_":1634,"TNODE_":1604,"LPOLY_":1,"RPOLY_":1,"LENGTH":0.823877,"BATHMETRY_":1424,"BATHMETRY1":10,"BATHMETR_1":10,"BATHYLABEL":""},"geometry":{"type":"MultiLineString","coordinates":[[[79.58495331,9.16285706],[79.58382416,9.164464],[79.5823822,9.16571331],[79.58112335,9.16696358],[79.57968903,9.16857052],[79.57878876,9.16946316],[79.57752991,9.1710701],[79.57681274,9.17214108],[79.57591248,9.17339134],[79.57537842,9.17499828],[79.57483673,9.17589092],[79.57376099,9.1783905],[79.5732193,9.17928314],[79.57250214,9.18053246],[79.57196045,9.18178272],[79.5708847,9.18303204],[79.57016754,9.18374634],[79.56926727,9.1842823],[79.56782532,9.18553162],[79.56603241,9.18642426],[79.56477356,9.18767452],[79.56351471,9.18910217],[79.56225586,9.18999481],[79.56100464,9.19124508],[79.55974579,9.19195938],[79.55776978,9.19338703],[79.55615234,9.19481564],[79.55417633,9.19642258],[79.5525589,9.19767189],[79.55094147,9.19874287],[79.54949951,9.1998148],[79.54806519,9.20106411],[79.54680634,9.20160007],[79.54483032,9.20249271],[79.54159546,9.20356369],[79.54069519,9.20445633],[79.53943634,9.20517063],[79.5383606,9.20517063],[79.53710175,9.20606327],[79.5358429,9.20641994],[79.53440857,9.20677757],[79.53333282,9.20749092],[79.53243256,9.20784855],[79.53117371,9.20891953],[79.53009796,9.20945549],[79.52848053,9.2107048],[79.52758026,9.21177578],[79.52667999,9.21231174],[79.52560425,9.2137394],[79.52452087,9.215168],[79.52416229,9.21659565],[79.52344513,9.21784592],[79.52272797,9.21855927],[79.52236938,9.2194519],[79.5220108,9.22034454],[79.52129364,9.22177315],[79.52056885,9.22266579],[79.51985168,9.22373676],[79.51877594,9.22570038],[79.51769257,9.22659302],[79.51679993,9.22784233],[79.51554108,9.22962761],[79.51482391,9.23052025],[79.51409912,9.23159122],[79.51320648,9.23319817],[79.51194763,9.23498344],[79.51123047,9.23587608],[79.50997162,9.23730373],[79.50907135,9.23819637],[79.50817108,9.23926735],[79.50655365,9.24033833],[79.50511932,9.24176693],[79.50440216,9.24248123],[79.50260162,9.24390888],[79.50152588,9.24462318],[79.5004425,9.2451582],[79.4986496,9.2465868],[79.49684906,9.24801445],[79.49541473,9.24908543],[79.49415588,9.24997807],[79.49308014,9.25069237],[79.49217987,9.25140572],[79.49056244,9.25301266],[79.48966217,9.2539053],[79.48894501,9.25479794],[79.48822784,9.25586891],[79.48786926,9.25676155],[79.48732758,9.25765324],[79.4871521,9.25908184],[79.48679352,9.26033115],[79.48661041,9.2617588],[79.48661041,9.26390076],[79.48661041,9.26515102],[79.48589325,9.26729298],[79.48571014,9.26818466],[79.48517609,9.2690773],[79.48480988,9.27050591],[79.48445129,9.27175522],[79.48445129,9.27318287],[79.48427582,9.27461052],[79.48373413,9.27603912],[79.48320007,9.27693176],[79.48301697,9.27853775],[79.48265839,9.27960873],[79.48247528,9.28103638],[79.4822998,9.28246403],[79.4821167,9.28389263],[79.48158264,9.28478527],[79.48085785,9.28621292],[79.479599,9.28817654],[79.47924042,9.28960419],[79.47870636,9.29067516],[79.47816467,9.29192448],[79.47744751,9.29388714],[79.47673035,9.29531574],[79.47600555,9.29674339],[79.47511292,9.29817104],[79.47421265,9.29888535],[79.47277069,9.29959869],[79.47169495,9.300313],[79.47097778,9.30191898],[79.46990204,9.3031683],[79.46936035,9.30406094],[79.46864319,9.30513191],[79.46774292,9.30548859],[79.46666718,9.30602455],[79.4655838,9.30602455],[79.46414948,9.30477524],[79.46271515,9.30352592],[79.46163177,9.30352592],[79.46073914,9.30334663],[79.45983887,9.30441761],[79.45875549,9.30531025],[79.45767975,9.30584526],[79.45677948,9.30620289],[79.45534515,9.30638123],[79.45426941,9.30620289],[79.45336914,9.30548859],[79.45246887,9.30334663],[79.45067596,9.30191898],[79.4497757,9.30138397],[79.44779968,9.30102634],[79.44582367,9.30102634],[79.44402313,9.30174065],[79.4424057,9.30191898],[79.44132996,9.30209732],[79.43952942,9.30263329],[79.43845367,9.3031683],[79.43755341,9.30406094],[79.43629456,9.30495358],[79.43504333,9.30584526],[79.43395996,9.30620289],[79.43234253,9.3074522],[79.43108368,9.30870152],[79.42983246,9.3103075],[79.42874908,9.31120014],[79.42767334,9.31227112],[79.42677307,9.31280613],[79.42533875,9.31352043],[79.42425537,9.31405544],[79.42282104,9.31459045],[79.42156219,9.31530476],[79.41958618,9.31673241],[79.41815186,9.31780338],[79.4167099,9.31869602],[79.41491699,9.319767],[79.41383362,9.32048035],[79.41275787,9.32137299],[79.41132355,9.32226467],[79.40988159,9.32333565],[79.40826416,9.32404995],[79.40557098,9.32529926],[79.40431213,9.32529926],[79.40305328,9.32583427],[79.40161896,9.32637024],[79.40036011,9.32690525],[79.39766693,9.32761955],[79.39640808,9.3283329],[79.39533234,9.32922554],[79.39389038,9.32976055],[79.39245605,9.33029652],[79.39137268,9.33047485],[79.39048004,9.3311882],[79.38957977,9.33261585],[79.3886795,9.33457947],[79.38814545,9.33582878],[79.3868866,9.33618546],[79.38526917,9.33618546],[79.38382721,9.33618546],[79.3818512,9.33672047],[79.38077545,9.3368988],[79.3793335,9.33743477],[79.3769989,9.33743477],[79.37538147,9.33672047],[79.37430573,9.33547115],[79.37394714,9.33422184],[79.37394714,9.33279419],[79.37430573,9.3319025],[79.37556458,9.33047485],[79.37610626,9.32958221],[79.37610626,9.32851124],[79.37592316,9.32726192],[79.37520599,9.32619095],[79.37430573,9.3254776],[79.37304688,9.32494259],[79.37125397,9.32529926],[79.37017059,9.32601261],[79.36945343,9.32761955],[79.36837769,9.32958221],[79.3680191,9.33083153],[79.367836,9.33225918],[79.367836,9.33368683],[79.36855316,9.33511448],[79.36891174,9.33636379],[79.36945343,9.33761311],[79.36945343,9.33939743],[79.36837769,9.34082508],[79.36711884,9.34118176],[79.36478424,9.34118176],[79.36334229,9.34189606],[79.36208344,9.34260941],[79.36029053,9.34403706],[79.35939026,9.3449297],[79.3586731,9.34600067],[79.3563385,9.34671402],[79.35436249,9.34689236],[79.35274506,9.34760666],[79.35058594,9.34832001],[79.34932709,9.34867764],[79.3471756,9.34867764],[79.34555817,9.34885597],[79.34394073,9.34885597],[79.34196472,9.3484993],[79.34034729,9.34707165],[79.33908844,9.34617901],[79.3380127,9.34528637],[79.33675385,9.34475136],[79.33495331,9.34475136],[79.33297729,9.3449297],[79.33118439,9.34510803],[79.32938385,9.34403706],[79.32740784,9.3427887],[79.32597351,9.34153938],[79.32471466,9.34046841],[79.32363129,9.33957577],[79.32112122,9.33850574],[79.3191452,9.33779144],[79.31788635,9.33707809],[79.3164444,9.33600712],[79.31501007,9.33493614],[79.31356812,9.33422184],[79.31123352,9.33422184],[79.30979919,9.33386517],[79.30835724,9.33297348],[79.30728149,9.33225918],[79.30548859,9.33208084],[79.30368805,9.33154488],[79.30207062,9.33100986],[79.30027771,9.32993889],[79.29937744,9.32940388],[79.29793549,9.32958221],[79.29685974,9.32958221],[79.295784,9.32958221],[79.29488373,9.3290472],[79.29362488,9.32797623],[79.29219055,9.32708359],[79.29003143,9.32654858],[79.28859711,9.32619095],[79.28697968,9.32512093],[79.28572083,9.32440662],[79.28446198,9.32333565],[79.28302765,9.32226467],[79.28212738,9.32137299],[79.28068542,9.32030201],[79.27853394,9.31994534],[79.27637482,9.31994534],[79.27349854,9.31994534],[79.27134705,9.31994534],[79.26918793,9.31994534],[79.26739502,9.32155132],[79.26631165,9.32351398],[79.2652359,9.32494259],[79.26416016,9.32672691],[79.26343536,9.3283329],[79.26218414,9.32922554],[79.26056671,9.32993889],[79.25930786,9.32993889],[79.25750732,9.32922554],[79.25660706,9.3283329],[79.25571442,9.32779789],[79.2537384,9.32779789],[79.25193787,9.32779789],[79.25050354,9.32726192],[79.24924469,9.32654858],[79.24834442,9.32529926],[79.24780273,9.32440662],[79.2469101,9.32369328],[79.24475098,9.32387161],[79.24295807,9.32387161],[79.24079895,9.32440662],[79.23935699,9.3254776],[79.23810577,9.32637024],[79.23612976,9.32744026],[79.23432922,9.32815456],[79.23199463,9.32993889],[79.23109436,9.33065319],[79.22983551,9.33136654],[79.22821808,9.33225918],[79.22624207,9.33297348],[79.22426605,9.3340435],[79.22210693,9.33440113],[79.22049713,9.33493614],[79.21869659,9.33493614],[79.216362,9.33493614],[79.21330261,9.33457947],[79.21168518,9.33386517],[79.20989227,9.33350849],[79.20737457,9.33279419],[79.20252228,9.33279419],[79.20090485,9.33333015],[79.19947052,9.33368683],[79.19695282,9.33386517],[79.19533539,9.33422184],[79.19407654,9.33440113],[79.19228363,9.33440113],[79.19084167,9.33440113],[79.18940735,9.33422184],[79.18869019,9.33315182],[79.18688965,9.33261585],[79.18527222,9.33208084],[79.18401337,9.33172417],[79.1815033,9.33243752],[79.18041992,9.33279419],[79.17718506,9.33333015],[79.17557526,9.33386517],[79.17269897,9.33440113],[79.17089844,9.33440113],[79.16802216,9.33315182],[79.1651535,9.33208084],[79.16316986,9.3319025],[79.16209412,9.33154488],[79.15994263,9.33100986],[79.15814209,9.33100986],[79.15616608,9.33154488],[79.15490723,9.33225918],[79.15167236,9.33422184],[79.15077209,9.33511448],[79.14987946,9.33582878],[79.14879608,9.33725643],[79.14790344,9.33796978],[79.14717865,9.33886242],[79.14610291,9.3399334],[79.14520264,9.34082508],[79.14340973,9.34118176],[79.1417923,9.34118176],[79.13963318,9.34118176],[79.13694,9.34100342],[79.13532257,9.34100342],[79.13370514,9.34100342],[79.13280487,9.34171772],[79.13082886,9.34243107],[79.12866974,9.34439468],[79.1277771,9.345644],[79.12687683,9.34707165],[79.12597656,9.34885597],[79.12490082,9.35010529],[79.12364197,9.35188961],[79.12364197,9.3534956],[79.12454224,9.35420895],[79.12454224,9.35545826],[79.12454224,9.35652924],[79.12364197,9.35724258],[79.12202454,9.35724258],[79.12112427,9.35652924],[79.12023163,9.3556366],[79.1186142,9.35474491],[79.11753082,9.35385227],[79.11627197,9.35331726],[79.11519623,9.35260296],[79.1137619,9.35171127],[79.11303711,9.35046196],[79.11267853,9.34903431],[79.11214447,9.34814167],[79.11141968,9.34689236],[79.11070251,9.34600067],[79.10908508,9.34403706],[79.10782623,9.34368038],[79.10657501,9.34332371],[79.10477448,9.34350204],[79.10334015,9.34457302],[79.10136414,9.3449297],[79.0997467,9.3449297],[79.09830475,9.3449297],[79.09740448,9.34582233],[79.09615326,9.34707165],[79.0947113,9.3484993],[79.09309387,9.34921265],[79.09165955,9.34921265],[79.08968353,9.34832001],[79.08752441,9.34867764],[79.08518982,9.34921265],[79.08321381,9.35099697],[79.08123779,9.35242462],[79.08015442,9.35313892],[79.07907867,9.35420895],[79.07800293,9.3556366],[79.07746124,9.35652924],[79.07710266,9.35777855],[79.07584381,9.35902786],[79.07512665,9.36009789],[79.07458496,9.36152554],[79.0738678,9.36259651],[79.07315063,9.36348915],[79.07296753,9.36455917],[79.07243347,9.36563015],[79.07170868,9.36652279],[79.07027435,9.36777115],[79.06884003,9.36830711],[79.06793976,9.36937714],[79.0672226,9.37062645],[79.06668091,9.37187576],[79.06668091,9.37294674],[79.06578064,9.37437344],[79.064888,9.37508774],[79.06416321,9.37633705],[79.06327057,9.37722874],[79.06254578,9.3791914],[79.06254578,9.38026237],[79.0623703,9.38151169],[79.06254578,9.38276005],[79.06398773,9.38365269],[79.06560516,9.38454437],[79.0672226,9.38579369],[79.06793976,9.38811302],[79.06811523,9.38971901],[79.06811523,9.39078999],[79.06848145,9.39221764],[79.06865692,9.39328766],[79.06919861,9.39435863],[79.07009888,9.39560795],[79.07099152,9.39649963],[79.07279205,9.39864063],[79.07422638,9.39935493],[79.07530975,9.40006828],[79.07691956,9.40096092],[79.07836151,9.4013176],[79.08033752,9.4013176],[79.08195496,9.40185261],[79.08393097,9.40203094],[79.08590698,9.40220928],[79.087883,9.40274429],[79.08950043,9.40328026],[79.09130096,9.4034586],[79.09345245,9.40417194],[79.09597015,9.40435028],[79.09830475,9.40559959],[79.10046387,9.40595627],[79.10279846,9.40613461],[79.10387421,9.40631294],[79.10567474,9.40631294],[79.10693359,9.40524292],[79.10800934,9.40435028],[79.10926819,9.40238762],[79.10980988,9.40096092],[79.11016846,9.39935493],[79.11034393,9.39757061],[79.10980988,9.39578629],[79.10962677,9.39382362],[79.10998535,9.39293098],[79.11070251,9.39150333],[79.11141968,9.39078999],[79.11267853,9.39007664],[79.1137619,9.39007664],[79.11537933,9.39061165],[79.1160965,9.391325],[79.11717224,9.391325],[79.1186142,9.39025497],[79.11933136,9.38936234],[79.1204071,9.38864899],[79.12220764,9.38864899],[79.1227417,9.38971901],[79.12310028,9.39078999],[79.12310028,9.3920393],[79.12345886,9.393466],[79.12435913,9.39471531],[79.12507629,9.39596462],[79.12580109,9.39774895],[79.12705231,9.39971161],[79.12795258,9.40078163],[79.12921143,9.40185261],[79.13011169,9.40274429],[79.13208771,9.40363693],[79.13388062,9.40435028],[79.13496399,9.40417194],[79.13639832,9.40310192],[79.13748169,9.40203094],[79.13855743,9.40096092],[79.1392746,9.40006828],[79.14035034,9.39881897],[79.14160919,9.39881897]]]},"source_id":"incois_wfs","acquired_at":"2026-08-31T18:05:40.682931+00:00"},{"type":"Feature","feature_key":"44574ae0a6558b87","properties":{"FNODE_":1633,"TNODE_":1635,"LPOLY_":1,"RPOLY_":1,"LENGTH":0.0672656,"BATHMETRY_":1425,"BATHMETRY1":10,"BATHMETR_1":10,"BATHYLABEL":""},"geometry":{"type":"MultiLineString","coordinates":[[[79.80452728,9.16678429],[79.80440521,9.16672707],[79.80429077,9.16666889],[79.80416107,9.16661072],[79.80404663,9.16655159],[79.80391693,9.16649246],[79.80380249,9.16643333],[79.80368042,9.16637421],[79.80355835,9.16631317],[79.80343628,9.16625214],[79.80332184,9.1661911],[79.80319977,9.16612816],[79.80308533,9.16606426],[79.80297089,9.16599941],[79.80284119,9.16593361],[79.80273438,9.16586685],[79.80261993,9.16579914],[79.80249786,9.16572952],[79.80238342,9.165658],[79.80227661,9.16558456],[79.80216217,9.16551113],[79.80204773,9.16543484],[79.80193329,9.16535759],[79.80182648,9.16527939],[79.80171967,9.16520023],[79.80161285,9.16512012],[79.80150604,9.16504002],[79.80139923,9.16496086],[79.80128479,9.16488171],[79.80117798,9.1648016],[79.80106354,9.1647234],[79.80095673,9.1646452],[79.80084991,9.1645689],[79.8007431,9.16449451],[79.80062103,9.16442204],[79.80050659,9.16435051],[79.80039978,9.16428089],[79.80027771,9.16421604],[79.80015564,9.16415215],[79.8000412,9.16409111],[79.79991913,9.16403198],[79.79979706,9.16397572],[79.79966736,9.16392136],[79.79955292,9.16386986],[79.79943085,9.16381931],[79.79930115,9.16377163],[79.79916382,9.16372395],[79.79904175,9.16368008],[79.79891968,9.16363621],[79.79878235,9.16359615],[79.79865265,9.1635561],[79.79853058,9.163517],[79.79839325,9.1634798],[79.79826355,9.16344452],[79.79813385,9.16341019],[79.79799652,9.16337585],[79.79787445,9.16334343],[79.79773712,9.16331291],[79.79760742,9.16328239],[79.79747009,9.16325378],[79.79734039,9.16322613],[79.79721069,9.16320038],[79.79707336,9.16317368],[79.79693604,9.16315079],[79.79681396,9.16312885],[79.79667664,9.16310787],[79.79654694,9.16308975],[79.79640961,9.16307163],[79.79627228,9.16305542],[79.79615021,9.16304016],[79.79601288,9.16302681],[79.79587555,9.16301632],[79.79574585,9.16300678],[79.79560852,9.1629982],[79.79547119,9.16299152],[79.79534149,9.1629858],[79.79520416,9.16298199],[79.79506683,9.16297817],[79.79493713,9.16297531],[79.7947998,9.16297436],[79.79466248,9.1629734],[79.79453278,9.16297436],[79.79439545,9.16297531],[79.79426575,9.16297817],[79.79412842,9.16298008],[79.79399109,9.16298199],[79.79386139,9.16298676],[79.79372406,9.16299057],[79.79358673,9.16299534],[79.79345703,9.1629982],[79.7933197,9.16300297],[79.79318237,9.16300774],[79.79305267,9.16301155],[79.79291534,9.16301632],[79.79277802,9.16302013],[79.79264832,9.1630249],[79.79251099,9.16302681],[79.79237366,9.16303062],[79.79224396,9.16303349],[79.79210663,9.16303539],[79.7919693,9.16303539],[79.7918396,9.1630373],[79.79169464,9.16303825],[79.79155731,9.1630373],[79.79141998,9.16303539],[79.79129028,9.16303539],[79.79115295,9.16303444],[79.79101563,9.16303253],[79.79088593,9.16303062],[79.7907486,9.16302872],[79.79061127,9.16302681],[79.79048157,9.1630249],[79.79034424,9.16302299],[79.79020691,9.16302204],[79.79007721,9.16302013],[79.78993988,9.16301823],[79.78980255,9.16301727],[79.78967285,9.16301632],[79.78953552,9.16301537],[79.78939819,9.16301537],[79.78926849,9.16301537],[79.78913116,9.16301632],[79.78899384,9.16301823],[79.78886414,9.16302013],[79.78873444,9.16302204],[79.78860474,9.16302586],[79.78846741,9.16303062],[79.78833008,9.16303539],[79.78820038,9.16304207],[79.78806305,9.16304874],[79.78792572,9.16305733],[79.78779602,9.16306496],[79.78765869,9.16307449],[79.78752136,9.16308403],[79.78739166,9.16309357],[79.78725433,9.16310596],[79.787117,9.16311646],[79.7869873,9.16312885],[79.78684998,9.16314125],[79.78671265,9.16315365],[79.78658295,9.16316605],[79.78644562,9.16317844],[79.78630829,9.1631918],[79.78617859,9.16320515],[79.78604889,9.1632185],[79.78591919,9.16323185],[79.78578186,9.1632452],[79.78564453,9.16325855],[79.78551483,9.1632719],[79.7853775,9.16328526],[79.78524017,9.16329861],[79.78511047,9.16331005],[79.78497314,9.16332245],[79.78483582,9.16333389],[79.78470612,9.16334629],[79.78456879,9.16335678],[79.78443146,9.16336632],[79.78430176,9.1633749],[79.78416443,9.16338348],[79.7840271,9.16339302],[79.7838974,9.1633997],[79.78376007,9.16340637],[79.78362274,9.16341305],[79.78349304,9.16341782],[79.78335571,9.16342258],[79.78321838,9.1634264],[79.78308868,9.16342926],[79.78295135,9.16343212],[79.78281403,9.16343498],[79.78268433,9.16343689],[79.782547,9.16343784],[79.78240967,9.1634388],[79.78227997,9.1634388],[79.78214264,9.1634388],[79.78200531,9.16343784],[79.78187561,9.16343689],[79.78173828,9.16343498],[79.78160095,9.16343307],[79.78147125,9.16343117],[79.78133392,9.16342831],[79.78119659,9.1634264],[79.78106689,9.16342354],[79.78092957,9.16341972],[79.78079224,9.16341782],[79.78066254,9.16341305],[79.78052521,9.16341019],[79.78038788,9.16340542],[79.78025818,9.1634016],[79.78012085,9.16339684],[79.77998352,9.16339397],[79.77985382,9.16339016],[79.77971649,9.16338634],[79.77957916,9.16338158],[79.77944946,9.16337681],[79.77931213,9.16337299],[79.7791748,9.16336918],[79.7790451,9.16336536],[79.77890778,9.1633606],[79.77877045,9.16335678],[79.77864075,9.16335201],[79.77850342,9.16334724],[79.77836609,9.16334343],[79.77823639,9.16333961],[79.77809906,9.16333485],[79.77796173,9.16333008],[79.77783203,9.16332626],[79.7776947,9.1633215],[79.77755737,9.16331673],[79.77742767,9.16331291],[79.77729034,9.16330719],[79.77715302,9.16330338],[79.77702332,9.16329861],[79.77688599,9.16329384],[79.77674866,9.16329002],[79.77661896,9.16328526],[79.77648163,9.16327953],[79.7763443,9.16327477],[79.7762146,9.16327],[79.77607727,9.16326523],[79.77593994,9.16326046],[79.77581024,9.16325474],[79.77568054,9.16324997],[79.77555084,9.1632452],[79.77541351,9.16324043],[79.77527618,9.16323471],[79.77514648,9.16322994],[79.77500916,9.16322517],[79.77487183,9.16321945],[79.77474213,9.16321468],[79.7746048,9.16320896],[79.77446747,9.16320324],[79.77433777,9.16319847],[79.77420044,9.16319275],[79.77406311,9.16318798],[79.77393341,9.16318226],[79.77379608,9.16317654],[79.77365875,9.16317081],[79.77352905,9.16316509],[79.77339172,9.16315937],[79.77325439,9.16315365],[79.77312469,9.16314697],[79.77298737,9.16314125],[79.77285004,9.16313553],[79.77272034,9.16312885],[79.77258301,9.16312313],[79.77244568,9.1631155],[79.77231598,9.16310978],[79.77217865,9.16310215],[79.77204132,9.16309452],[79.77191162,9.1630888],[79.77177429,9.16308022],[79.77163696,9.16307354],[79.77150726,9.16306686],[79.77136993,9.16305828],[79.7712326,9.16305065],[79.77110291,9.16304207],[79.77096558,9.16303444],[79.77082825,9.16302586],[79.77069855,9.16301727],[79.77056122,9.16300869],[79.77042389,9.16299915],[79.77029419,9.16299057],[79.77015686,9.16298199],[79.77001953,9.1629715],[79.76988983,9.16296196],[79.7697525,9.16295242],[79.76961517,9.16294193],[79.76948547,9.16293144],[79.76934814,9.16292095],[79.76922607,9.16291046],[79.76908875,9.16289997],[79.76895142,9.16288757],[79.76882172,9.16287518],[79.76868439,9.16286373],[79.76854706,9.16285229],[79.76841736,9.16283894],[79.76828003,9.16282749],[79.7681427,9.16281414],[79.768013,9.16280174],[79.76787567,9.16278839],[79.76773834,9.16277313],[79.76760864,9.16275883],[79.76747131,9.16274548],[79.76733398,9.16273022],[79.76721191,9.16271591],[79.76707458,9.16270065],[79.76693726,9.16268539],[79.76680756,9.16266918],[79.76667023,9.16265202],[79.7665329,9.1626358],[79.7664032,9.16261959],[79.76626587,9.16260242],[79.76612854,9.1625843],[79.76599884,9.16256618],[79.76586914,9.16254902],[79.76573944,9.1625309],[79.76560211,9.16251087],[79.76546478,9.16249275],[79.76533508,9.16247272],[79.76519775,9.16245365],[79.76506805,9.16243267],[79.76493835,9.16241074],[79.76480103,9.16239071],[79.7646637,9.16236877],[79.764534,9.16234779],[79.76439667,9.16232586],[79.7642746,9.16230297],[79.76413727,9.16228008],[79.76399994,9.16225719],[79.76387024,9.1622324],[79.76374054,9.16220951],[79.76361084,9.16218472],[79.76347351,9.16215897],[79.76333618,9.16213417],[79.76321411,9.16210747],[79.76307678,9.16208267],[79.76293945,9.16205597],[79.76280975,9.16202927],[79.76268005,9.16200256],[79.76255035,9.16197586],[79.76241302,9.16194725],[79.76228333,9.16191959],[79.76215363,9.16189289],[79.7620163,9.16186619],[79.76189423,9.16183853],[79.7617569,9.16181183],[79.76161957,9.16178513],[79.7614975,9.16175842],[79.76136017,9.16173172],[79.76122284,9.16170597],[79.76109314,9.16167831],[79.76096344,9.16165447],[79.76083374,9.16162872],[79.76069641,9.16160488],[79.76055908,9.16158009],[79.76043701,9.16155815],[79.76029968,9.16153431],[79.76016998,9.16151237],[79.76003265,9.16149044],[79.75989532,9.16147041],[79.75977325,9.16145039],[79.75963593,9.16143131],[79.7594986,9.16141319],[79.7593689,9.16139603],[79.75923157,9.16137886],[79.75909424,9.16136265],[79.75896454,9.16134834],[79.75882721,9.16133308],[79.75870514,9.16131687],[79.75856781,9.16130161],[79.75843048,9.16128635],[79.75830078,9.16127205],[79.75816345,9.16125584],[79.75802612,9.16123962],[79.75789642,9.16122246],[79.75775909,9.16120529],[79.75762177,9.16118717],[79.75749207,9.1611681],[79.75736237,9.16114712],[79.75722504,9.16112614],[79.75709534,9.1611042],[79.75695801,9.16108036],[79.75683594,9.16105366],[79.75669861,9.16102695],[79.75656128,9.16099834],[79.75643921,9.16096878],[79.75630188,9.16093731],[79.75617981,9.16090584],[79.75604248,9.16087341],[79.75590515,9.16084003],[79.75578308,9.16080666],[79.75564575,9.16077232],[79.75552368,9.16073895],[79.75538635,9.16070557],[79.75526428,9.16067028],[79.75512695,9.1606369],[79.75499725,9.16060257],[79.75486755,9.1605711],[79.75473785,9.16053867],[79.75460815,9.1605072],[79.75447083,9.16047764],[79.75434113,9.16044903],[79.75421143,9.16042233],[79.7540741,9.16039562],[79.75395203,9.16037083],[79.7538147,9.16034889],[79.75367737,9.16032887],[79.75354767,9.16030884],[79.75341034,9.16028976],[79.75327301,9.16027164],[79.75315094,9.16025448],[79.75301361,9.16023731],[79.75287628,9.16021919],[79.75274658,9.16020107],[79.75260925,9.16017914],[79.75247192,9.16015816],[79.75234985,9.16013336],[79.75221252,9.16010857],[79.75208282,9.16008282],[79.7519455,9.16005421],[79.75182343,9.1600256],[79.7516861,9.15999508],[79.7515564,9.15996456],[79.7514267,9.15993309],[79.751297,9.15989971],[79.7511673,9.15986633],[79.7510376,9.15983105],[79.75090027,9.15979481],[79.7507782,9.15975952],[79.75064087,9.15972328],[79.7505188,9.15968609],[79.7503891,9.15964794],[79.7502594,9.15960979],[79.7501297,9.15957165],[79.75000763,9.15953255],[79.7498703,9.15949345],[79.74974823,9.15945435],[79.7496109,9.15941525],[79.7494812,9.15937519],[79.74935913,9.15933514],[79.7492218,9.15929699],[79.74909973,9.15925694],[79.7489624,9.15921879],[79.74884033,9.15917873],[79.748703,9.15914154],[79.7485733,9.15910339],[79.7484436,9.15906715],[79.7483139,9.15903187],[79.7481842,9.15899849],[79.74804688,9.15896511],[79.74791718,9.15893364],[79.74778748,9.15890408],[79.74765015,9.15887737],[79.74752808,9.15885162],[79.74739075,9.15882874],[79.74725342,9.15880775],[79.74712372,9.15879059],[79.74698639,9.15877438],[79.74685669,9.15876198],[79.74672699,9.15875244],[79.74658966,9.15874577],[79.74645996,9.1587429],[79.74632263,9.15874195],[79.7461853,9.15874386],[79.7460556,9.15874577],[79.74591827,9.15874863],[79.74578094,9.15875244],[79.74565125,9.1587553],[79.74551392,9.15875721],[79.74537659,9.15875816],[79.74524689,9.15875626],[79.74510956,9.15875149],[79.74497223,9.15874481],[79.74484253,9.15873337],[79.7447052,9.15872002],[79.74456787,9.1587038],[79.74443817,9.15868473],[79.74430847,9.15866375],[79.74417114,9.15863991],[79.74404144,9.15861416],[79.74390411,9.15858746],[79.74378204,9.15855885],[79.74364471,9.15852928],[79.74350739,9.15849876],[79.74338531,9.15846729],[79.74324799,9.15843391],[79.74311066,9.15840149],[79.74298859,9.15836906],[79.74285126,9.15833664],[79.74272156,9.15830326],[79.74259186,9.15827084],[79.74245453,9.15823936],[79.74233246,9.15820599],[79.74219513,9.15817451],[79.74206543,9.15814304],[79.74193573,9.15811253],[79.74180603,9.15808105],[79.74167633,9.15805149],[79.741539,9.15802193],[79.7414093,9.15799236],[79.7412796,9.15796471],[79.7411499,9.1579361],[79.7410202,9.15790939],[79.74088287,9.15788364],[79.74075317,9.15785789],[79.74061584,9.15783501],[79.74049377,9.15781116],[79.74035645,9.15778828],[79.74021912,9.15776634],[79.74008942,9.15774536],[79.73995972,9.15772533],[79.73982239,9.15770531],[79.73969269,9.15768623],[79.73955536,9.15766621],[79.73941803,9.15764713],[79.73928833,9.15762806],[79.73915863,9.15760899],[79.73902893,9.15758991],[79.7388916,9.15757179],[79.73875427,9.15755177]]]},"source_id":"incois_wfs","acquired_at":"2026-08-31T18:05:40.682931+00:00"},{"type":"Feature","feature_key":"46aeb5d7977597d0","properties":{"FNODE_":1635,"TNODE_":1637,"LPOLY_":1,"RPOLY_":1,"LENGTH":0.0672987,"BATHMETRY_":1427,"BATHMETRY1":10,"BATHMETR_1":10,"BATHYLABEL":""},"geometry":{"type":"MultiLineString","coordinates":[[[79.73875427,9.15755177],[79.73862457,9.15753174],[79.73848724,9.15751171],[79.73834991,9.15749168],[79.73822021,9.15747166],[79.73809052,9.15745068],[79.73795319,9.1574297],[79.73782349,9.15741062],[79.73768616,9.15739155],[79.73755646,9.15737438],[79.73741913,9.15735817],[79.7372818,9.15734386],[79.7371521,9.15733337],[79.73701477,9.15732479],[79.73688507,9.15731812],[79.73675537,9.1573143],[79.73661804,9.1573143],[79.73648071,9.15731716],[79.73635101,9.15732193],[79.73621368,9.15732765],[79.73607635,9.15733624],[79.73594666,9.15734768],[79.73580933,9.15735912],[79.735672,9.15737247],[79.7355423,9.15738678],[79.73540497,9.15740204],[79.73526764,9.15741825],[79.73513794,9.15743637],[79.73500061,9.15745258],[79.73486328,9.15746975],[79.73473358,9.15748692],[79.73459625,9.15750504],[79.73445892,9.15752029],[79.73432922,9.15753651],[79.73419189,9.15755177],[79.73405457,9.15756702],[79.7339325,9.15758133],[79.73379517,9.15759468],[79.73366547,9.15760708],[79.73352814,9.15761948],[79.73339081,9.15763092],[79.73326111,9.15764141],[79.73312378,9.1576519],[79.73298645,9.15766048],[79.73285675,9.15766811],[79.73271942,9.15767479],[79.73258209,9.15768147],[79.73245239,9.15768623],[79.73231506,9.15769005],[79.73217773,9.15769291],[79.73204803,9.15769482],[79.73191071,9.15769672],[79.73177338,9.15769672],[79.73164368,9.15769577],[79.73150635,9.15769482],[79.73136902,9.15769196],[79.73123932,9.15768909],[79.73110199,9.15768623],[79.73096466,9.15768242],[79.73083496,9.1576767],[79.73069763,9.15767288],[79.7305603,9.15766621],[79.7304306,9.15766048],[79.73029327,9.15765476],[79.73015594,9.15764999],[79.73002625,9.15764427],[79.72988892,9.15764046],[79.72975159,9.15763664],[79.72962189,9.15763474],[79.72948456,9.15763378],[79.72934723,9.15763378],[79.72921753,9.15763474],[79.7290802,9.1576395],[79.72894287,9.15764427],[79.72881317,9.15765285],[79.72867584,9.15766335],[79.72853851,9.15767574],[79.72840881,9.15769196],[79.72827911,9.15771008],[79.72814941,9.15773106],[79.72801208,9.1577549],[79.72788239,9.1577816],[79.72775269,9.1578083],[79.72761536,9.15783978],[79.72749329,9.15787029],[79.72735596,9.15790462],[79.72722626,9.15793991],[79.72709656,9.15797615],[79.72696686,9.15801525],[79.72683716,9.15805435],[79.72670746,9.15809536],[79.72658539,9.15813637],[79.72644806,9.15817928],[79.72632599,9.15822315],[79.72619629,9.15826607],[79.72605896,9.15831089],[79.72593689,9.15835571],[79.72580719,9.15840054],[79.72567749,9.1584444],[79.72554779,9.15848827],[79.72542572,9.15853214],[79.72529602,9.15857601],[79.72516632,9.15861893],[79.72503662,9.15866089],[79.72491455,9.15870094],[79.72477722,9.15874004],[79.72464752,9.15877724],[79.72452545,9.15881348],[79.72438812,9.15884686],[79.72426605,9.15887833],[79.72412872,9.15890694],[79.72400665,9.15893364],[79.72386932,9.15895844],[79.72373199,9.15897942],[79.72360992,9.15899849],[79.7234726,9.15901375],[79.7233429,9.15902996],[79.72320557,9.1590414],[79.72306824,9.15905285],[79.72293854,9.15906143],[79.72280121,9.15907001],[79.72266388,9.15907574],[79.72254181,9.15908051],[79.72239685,9.15908432],[79.72225952,9.15908718],[79.72212982,9.15908909],[79.72199249,9.159091],[79.72185516,9.15909195],[79.72172546,9.1590929],[79.72158813,9.15909386],[79.72145081,9.15909386],[79.72132111,9.15909386],[79.72118378,9.15909672],[79.72103882,9.15909767],[79.72090149,9.15909863],[79.72077179,9.15910244],[79.72063446,9.15910625],[79.72049713,9.15911007],[79.72036743,9.15911579],[79.7202301,9.15912056],[79.72009277,9.15912819],[79.71995544,9.15913296],[79.71981812,9.15913677],[79.71968079,9.15914154],[79.71955109,9.15914249],[79.71941376,9.15914154],[79.71927643,9.15913868],[79.71915436,9.15913391],[79.71901703,9.15912533],[79.7188797,9.15911293],[79.71875,9.15909767],[79.71861267,9.1590786],[79.7184906,9.15905476],[79.71835327,9.15902996],[79.71821594,9.1590004],[79.71809387,9.15896893],[79.71795654,9.15893745],[79.71783447,9.15890217],[79.71769714,9.15886784],[79.71757507,9.1588335],[79.71743774,9.15879726],[79.71730804,9.15876198],[79.71717834,9.15872669],[79.71704102,9.15869236],[79.71691895,9.15866089],[79.71678162,9.15863037],[79.71664429,9.15860271],[79.71652222,9.15857601],[79.71638489,9.15855408],[79.71624756,9.15853596],[79.71611786,9.15851879],[79.71598053,9.15850449],[79.7158432,9.15849209],[79.71572113,9.15848255],[79.7155838,9.15847301],[79.7154541,9.15846443],[79.71531677,9.15845776],[79.71517944,9.15845108],[79.71504974,9.15844631],[79.71490479,9.15844059],[79.71476746,9.15843391],[79.71463013,9.15842724],[79.71450043,9.15841961],[79.7143631,9.15841103],[79.71424103,9.15840054],[79.7141037,9.15838814],[79.71396637,9.15837288],[79.71383667,9.15835762],[79.71369934,9.1583395],[79.71356201,9.15831947],[79.71343231,9.15829945],[79.71330261,9.15827656],[79.71316528,9.15825272],[79.71303558,9.15822697],[79.71289825,9.15820122],[79.71277618,9.15817261],[79.71263885,9.15814304],[79.71250153,9.15811443],[79.71237946,9.15808487],[79.71224213,9.1580534],[79.71211243,9.15802193],[79.71198273,9.1579895],[79.7118454,9.15795708],[79.71172333,9.1579237],[79.711586,9.15789127],[79.7114563,9.15785789],[79.7113266,9.15782452],[79.71118927,9.15779114],[79.7110672,9.15775776],[79.71092987,9.15772343],[79.7108078,9.15769005],[79.71067047,9.15765667],[79.7105484,9.15762329],[79.71041107,9.15758896],[79.71028137,9.15755558],[79.71015167,9.15752125],[79.71002197,9.15748692],[79.70989227,9.15745163],[79.70976257,9.15741825],[79.70963287,9.15738297],[79.70950317,9.15734863],[79.70936584,9.15731239],[79.70924377,9.15727711],[79.70910645,9.15724087],[79.70898438,9.15720558],[79.70885468,9.15716934],[79.70872498,9.15713215],[79.70859528,9.15709686],[79.70845795,9.15705872],[79.70833588,9.15702248],[79.70819855,9.15698528],[79.70807648,9.15694714],[79.70794678,9.1569109],[79.70781708,9.1568737],[79.70768738,9.15683746],[79.70755005,9.15680122],[79.70742798,9.15676403],[79.70729065,9.1567297],[79.70716858,9.15669537],[79.70703125,9.15666008],[79.70690918,9.15662575],[79.70677185,9.15659237],[79.70664978,9.1565609],[79.70651245,9.15652847],[79.70638275,9.15649891],[79.70625305,9.15646935],[79.70611572,9.15644073],[79.70599365,9.15641308],[79.70585632,9.15638733],[79.70571899,9.15636158],[79.70559692,9.15633678],[79.70545959,9.15631294],[79.70532227,9.15629005],[79.70519257,9.15626812],[79.70505524,9.15624619],[79.70493317,9.15622616],[79.70479584,9.15620518],[79.70465851,9.15618515],[79.70452881,9.15616417],[79.70439148,9.1561451],[79.70425415,9.15612507],[79.70413208,9.15610504],[79.70399475,9.15608501],[79.70386505,9.15606308],[79.70372772,9.15604305],[79.70359039,9.15602303],[79.70346069,9.15600014],[79.70332336,9.1559782],[79.70319366,9.15595436],[79.70306396,9.15592957],[79.70292664,9.15590477],[79.70278931,9.15587807],[79.70266724,9.15584946],[79.70252991,9.15581989],[79.70240784,9.15578842],[79.70227051,9.15575504],[79.70214844,9.15571976],[79.70201111,9.15568256],[79.70188141,9.15564346],[79.70175171,9.15560055],[79.70162201,9.15555668],[79.70149994,9.155509],[79.70137024,9.15546036],[79.70124817,9.15540791],[79.70111847,9.15535641],[79.7009964,9.15530491],[79.7008667,9.15525341],[79.70074463,9.15520191],[79.70061493,9.15515423],[79.70049286,9.15510845],[79.70036316,9.15506649],[79.70024109,9.15502739],[79.70011139,9.15499496],[79.69998169,9.15496635],[79.69985199,9.15494251],[79.69972229,9.15492535],[79.69958496,9.15491104],[79.69945526,9.15490055],[79.69932556,9.15489388],[79.69918823,9.15489197],[79.6990509,9.15489006],[79.6989212,9.15489292],[79.69878387,9.15489769],[79.69864655,9.15490532],[79.69851685,9.15491199],[79.69837189,9.15492153],[79.69823456,9.15493202],[79.69810486,9.15494251],[79.69796753,9.15495396],[79.69782257,9.15496445],[79.69768524,9.15497398],[79.69755554,9.15498352],[79.69741821,9.1549921],[79.69728851,9.15499878],[79.69714355,9.15500355],[79.69700623,9.15500736],[79.6968689,9.15500927],[79.6967392,9.15500927],[79.69660187,9.15500927],[79.69646454,9.15500736],[79.69633484,9.15500546],[79.69619751,9.15500355],[79.69606018,9.15500069],[79.69593048,9.15499878],[79.69579315,9.15499592],[79.69565582,9.15499496],[79.69552612,9.15499401],[79.69538879,9.15499401],[79.69525146,9.15499592],[79.69512177,9.15499878],[79.69499207,9.15500355],[79.69486237,9.15501022],[79.69472504,9.15501881],[79.69458771,9.15502834],[79.69445801,9.15504074],[79.69432068,9.15505409],[79.69418335,9.15506744],[79.69405365,9.15508556],[79.69391632,9.15510273],[79.69377899,9.1551218],[79.69364929,9.15514278],[79.69351959,9.15516472],[79.69338226,9.15518761],[79.69325256,9.15521336],[79.69311523,9.15524006],[79.69297791,9.15526676],[79.69285583,9.15529537],[79.69271851,9.15532494],[79.69258881,9.15535641],[79.69245911,9.15538883],[79.69232178,9.15542126],[79.69219971,9.15545559],[79.69206238,9.15549183],[79.69194031,9.15552711],[79.69180298,9.1555624],[79.69168091,9.15559864],[79.69154358,9.15563679],[79.69142151,9.15567398],[79.69128418,9.15571308],[79.69115448,9.15575027],[79.69102478,9.15578651],[79.69089508,9.15582466],[79.69077301,9.15586185],[79.69063568,9.15589809],[79.69051361,9.15593529],[79.69037628,9.15597057],[79.69024658,9.15600491],[79.69011688,9.15603924],[79.68998718,9.15607262],[79.68985748,9.15610504],[79.68972778,9.15613461],[79.68959045,9.15616512],[79.68946838,9.15619278],[79.68933105,9.15621948],[79.68920135,9.15624428],[79.68907166,9.15626812],[79.68894196,9.1562891],[79.68880463,9.15630913],[79.6886673,9.15632915],[79.6885376,9.15634632],[79.68840027,9.15636253],[79.68827057,9.15637875],[79.68814087,9.15639305],[79.68800354,9.15640736],[79.68786621,9.15642166],[79.68773651,9.15643597],[79.68759918,9.15644932],[79.68746185,9.15646267],[79.68733215,9.15647697],[79.68719482,9.15649128],[79.6870575,9.15650558],[79.6869278,9.15652084],[79.68679047,9.1565361],[79.68665314,9.15655422],[79.68653107,9.15657234],[79.68639374,9.15659237],[79.68626404,9.1566124],[79.68612671,9.15663433],[79.68598938,9.15665913],[79.68585968,9.15668297],[79.68572998,9.15670872],[79.68559265,9.15673447],[79.68546295,9.15675926],[79.68533325,9.15678692],[79.68520355,9.15681267],[79.68506622,9.15683842],[79.68492889,9.15686226],[79.68480682,9.15688705],[79.68466949,9.1569109],[79.68453217,9.15693188],[79.68440247,9.1569519],[79.68426514,9.15697098],[79.68414307,9.15698719],[79.68400574,9.1570015],[79.68386841,9.15701389],[79.68373871,9.15702534],[79.68360138,9.15703392],[79.68346405,9.15704155],[79.68333435,9.15704727],[79.68319702,9.15705204],[79.68305969,9.15705395],[79.68292999,9.15705395],[79.68279266,9.15705395],[79.68265533,9.15705109],[79.68252563,9.15704727],[79.68238831,9.1570406],[79.68224335,9.15703392],[79.68211365,9.15702629],[79.68197632,9.15701675],[79.68183899,9.15700531],[79.68170929,9.15699196],[79.68157196,9.15697861],[79.68143463,9.15696335],[79.68130493,9.15694618],[79.6811676,9.15692902],[79.6810379,9.1569109],[79.6809082,9.15688896],[79.68077087,9.15686893],[79.68063354,9.15684605],[79.68050385,9.15682125],[79.68036652,9.15679646],[79.68024445,9.15676975],[79.68010712,9.1567421],[79.67996979,9.15671253],[79.67984772,9.15668201],[79.67971039,9.15665054],[79.67957306,9.15661716],[79.67945099,9.15658379],[79.67931366,9.15654755],[79.67919159,9.1565094],[79.67906189,9.15647221],[79.67893219,9.15643311],[79.67880249,9.15639114],[79.67868042,9.15634918],[79.67855072,9.15630531],[79.67842102,9.15626049],[79.67829132,9.15621471],[79.67816925,9.15616703],[79.67803955,9.15611935],[79.67791748,9.1560688],[79.67779541,9.15601826],[79.67767334,9.15596771],[79.67754364,9.15591526],[79.67742157,9.15586281],[79.67729187,9.15581036],[79.6771698,9.1557579],[79.67705536,9.15570354],[79.67692566,9.15565014],[79.67680359,9.15559673],[79.67667389,9.15554428],[79.67655945,9.15549183],[79.67642975,9.15543842],[79.67630768,9.15538692],[79.67617798,9.15533543],[79.67605591,9.15528488],[79.67592621,9.15523529],[79.67581177,9.1551857],[79.6756897,9.15513706],[79.67556,9.15508842],[79.67543793,9.15504074],[79.67530823,9.1549921],[79.67518616,9.15494537],[79.67505646,9.15489864],[79.67493439,9.15485096],[79.67480469,9.15480423],[79.67468262,9.1547575],[79.67455292,9.15471077],[79.67443085,9.15466404],[79.67430115,9.15461636],[79.67417908,9.15456867],[79.67404938,9.15452194],[79.67392731,9.1544733],[79.67378998,9.15442467],[79.67366791,9.15437603],[79.67353821,9.15432644],[79.67341614,9.1542778],[79.67328644,9.15422726],[79.673172,9.15417576],[79.6730423,9.15412426],[79.67292023,9.15407181]]]},"source_id":"incois_wfs","acquired_at":"2026-08-31T18:05:40.682931+00:00"},{"type":"Feature","feature_key":"7489919c0b7e5e3c","properties":{"FNODE_":1640,"TNODE_":1640,"LPOLY_":432,"RPOLY_":1,"LENGTH":0.0426909,"BATHMETRY_":1430,"BATHMETRY1":10,"BATHMETR_1":10,"BATHYLABEL":""},"geometry":{"type":"MultiLineString","coordinates":[[[79.22123718,9.14587212],[79.21961975,9.14426517],[79.2183609,9.14230061],[79.21728516,9.14033699],[79.21728516,9.13855171],[79.21764374,9.13640881],[79.21818542,9.13515854],[79.21926117,9.1342659],[79.22033691,9.13372993],[79.22213745,9.13319397],[79.22429657,9.13372993],[79.22644806,9.13515854],[79.22789001,9.13694382],[79.22896576,9.13873005],[79.22968292,9.14051533],[79.22968292,9.14355087],[79.22914886,9.14569378],[79.2282486,9.14694405],[79.22663116,9.14801502],[79.22537231,9.14801502],[79.22375488,9.14801502],[79.22303772,9.14730072],[79.22213745,9.14676476],[79.22142029,9.14605045],[79.22123718,9.14587212]]]},"source_id":"incois_wfs","acquired_at":"2026-08-31T18:05:40.682931+00:00"},{"type":"Feature","feature_key":"2247aa464c886371","properties":{"FNODE_":1548,"TNODE_":1645,"LPOLY_":1,"RPOLY_":1,"LENGTH":0.972453,"BATHMETRY_":1431,"BATHMETRY1":30,"BATHMETR_1":30,"BATHYLABEL":""},"geometry":{"type":"MultiLineString","coordinates":[[[80.50759888,9.92566013],[80.50814056,9.92512512],[80.50904083,9.92441273],[80.509758,9.923522],[80.51083374,9.92245293],[80.51173401,9.92138386],[80.51299286,9.92031574],[80.51389313,9.91942501],[80.51515198,9.91835594],[80.51622772,9.91710854],[80.51838684,9.91532707],[80.51963806,9.914258],[80.52089691,9.91318893],[80.5216217,9.91247654],[80.52269745,9.91158581],[80.5239563,9.91016102],[80.52539063,9.90873528],[80.52664948,9.90766621],[80.52754974,9.90677547],[80.52898407,9.90535069],[80.53024292,9.90481567],[80.53114319,9.90392494],[80.5329361,9.90232182],[80.53419495,9.90160942],[80.53581238,9.90036201],[80.53742981,9.89929295],[80.53868866,9.89822388],[80.53958893,9.89733315],[80.54012299,9.89644241],[80.54138184,9.89466095],[80.54246521,9.89323521],[80.54318237,9.89181042],[80.54389954,9.89091969],[80.5447998,9.88967228],[80.54533386,9.88806915],[80.54641724,9.88646507],[80.5471344,9.88521862],[80.54749298,9.88361454],[80.54785156,9.88201141],[80.54821014,9.87969494],[80.54856873,9.87737846],[80.54856873,9.87506294],[80.54892731,9.87256813],[80.54911041,9.87060833],[80.5496521,9.86847019],[80.55001068,9.86757946],[80.55054474,9.86579704],[80.55162811,9.86365891],[80.55270386,9.86223412],[80.55396271,9.86063004],[80.55593872,9.85902691],[80.558815,9.85760117],[80.56150818,9.85635376],[80.56384277,9.85528469],[80.56564331,9.85421562],[80.56761932,9.85332489],[80.56941223,9.85243416],[80.57121277,9.85154247],[80.57337189,9.85029507],[80.57480621,9.84958267],[80.57570648,9.84833527],[80.57732391,9.8465538],[80.57821655,9.8453064],[80.57965851,9.84388065],[80.58037567,9.84263325],[80.58145142,9.84085178],[80.58271027,9.8392477],[80.58325195,9.83746624],[80.5843277,9.8360405],[80.58576965,9.83443642],[80.58666229,9.83176327],[80.58774567,9.83016014],[80.58846283,9.82855606],[80.58917999,9.82641792],[80.58989716,9.82445717],[80.59061432,9.82285309],[80.59115601,9.82107162],[80.59151459,9.81928921],[80.59187317,9.81732941],[80.59241486,9.81572533],[80.59295654,9.81394291],[80.59367371,9.81126976],[80.59457397,9.81002235],[80.59529114,9.80824089],[80.59564972,9.80645847],[80.59672546,9.80396366],[80.59798431,9.80164719],[80.59870148,9.79915142],[80.59942627,9.79701328],[80.60014343,9.79487514],[80.6010437,9.79291439],[80.60176086,9.79059792],[80.60247803,9.78917122],[80.6033783,9.78756809],[80.60409546,9.78560734],[80.60427094,9.78489399],[80.60481262,9.78364658],[80.60552979,9.78150845],[80.60661316,9.77865696],[80.6076889,9.77669621],[80.60876465,9.77473545],[80.60948181,9.77295303],[80.6102066,9.77099228],[80.61092377,9.7693882],[80.61146545,9.7674284],[80.61235809,9.76582432],[80.61325836,9.76386356],[80.61415863,9.76225948],[80.61523438,9.76012039],[80.61667633,9.75869465],[80.61685181,9.75673389],[80.61775208,9.75512981],[80.61882782,9.75388241],[80.62026978,9.75192165],[80.62080383,9.75067425],[80.6217041,9.74907017],[80.62277985,9.74710941],[80.6240387,9.745327],[80.62529755,9.7439003],[80.62673187,9.74229622],[80.62799072,9.74087048],[80.62924957,9.73908806],[80.63050842,9.7371273],[80.63158417,9.73623562],[80.63194275,9.73552322],[80.63284302,9.7344532],[80.63428497,9.73284912],[80.6359024,9.73124504],[80.63733673,9.7298193],[80.63859558,9.7283926],[80.63985443,9.72785854],[80.64111328,9.72643185],[80.64344788,9.72447109],[80.64559937,9.72304535],[80.6473999,9.72197628],[80.64919281,9.72072792],[80.65063477,9.71983719],[80.65206909,9.71912384],[80.65422821,9.71858883],[80.65566254,9.71805382],[80.65638733,9.71734142],[80.65853882,9.71734142],[80.66087341,9.71716309],[80.66284943,9.71680641],[80.66446686,9.71662807],[80.66644287,9.71609306],[80.66842651,9.71591473],[80.67076111,9.71609306],[80.6730957,9.71609306],[80.6754303,9.71644974],[80.677948,9.71644974],[80.68099976,9.71644974],[80.68423462,9.71644974],[80.6869278,9.71644974],[80.68854523,9.71591473],[80.69106293,9.71431065],[80.69286346,9.7128849],[80.69429779,9.71127987],[80.69519806,9.70949745],[80.69717407,9.70789337],[80.69807434,9.70646763],[80.6987915,9.70521927],[80.70005035,9.70308018],[80.70148468,9.70183182],[80.70256042,9.7000494],[80.70310211,9.69844532],[80.70490265,9.69612789],[80.70633698,9.69470119],[80.70741272,9.69309711],[80.70831299,9.69149303],[80.70938873,9.69042301],[80.71083069,9.68899632],[80.71208954,9.68739223],[80.71316528,9.68596649],[80.71442413,9.68436146],[80.7153244,9.68293571],[80.71640015,9.68133068],[80.71730042,9.6797266],[80.71819305,9.6782999],[80.7194519,9.67633915],[80.72035217,9.67544746],[80.72089386,9.67402172],[80.72142792,9.67313004],[80.72251129,9.67170334],[80.72358704,9.6702776],[80.72358704,9.66974258],[80.72502136,9.66742516],[80.72610474,9.66546345],[80.72699738,9.66421604],[80.72789764,9.66243267],[80.72808075,9.66154099],[80.72861481,9.66029358],[80.72951508,9.65886688],[80.73023224,9.65672779],[80.73095703,9.65530109],[80.73113251,9.65476608],[80.73203278,9.65298367],[80.73257446,9.65102196],[80.7334671,9.64959621],[80.73400879,9.64745617],[80.73490906,9.6449604],[80.73562622,9.64282036],[80.7359848,9.64103794],[80.73670197,9.63907623],[80.73724365,9.63657951],[80.73778534,9.63461876],[80.7383194,9.63176537],[80.73903656,9.62909126],[80.73957825,9.62730789],[80.74029541,9.62499046],[80.74119568,9.62267208],[80.74191284,9.6203537],[80.74317169,9.61874962],[80.74407196,9.61803627],[80.74604797,9.61660957],[80.74766541,9.61536121],[80.74909973,9.61446953],[80.75125885,9.61322117],[80.75269318,9.61179543],[80.75395203,9.61090374],[80.75539398,9.60965538],[80.75701141,9.60822868],[80.75790405,9.60698032],[80.75934601,9.60537529],[80.76006317,9.60466194],[80.76113892,9.60359287],[80.76222229,9.60234451],[80.76365662,9.60056114],[80.76491547,9.59931278],[80.76563263,9.59788609],[80.7665329,9.59628105],[80.76760864,9.59449768],[80.76869202,9.59324932],[80.76994324,9.59146595],[80.77138519,9.58986187],[80.77210236,9.58843517],[80.77353668,9.5866518],[80.77497864,9.58486843],[80.77641296,9.58272839],[80.77767181,9.58112335],[80.77857208,9.57951832],[80.77983093,9.57737827],[80.78162384,9.5755949],[80.78270721,9.57470322],[80.78395844,9.57309818],[80.78557587,9.57131481],[80.78611755,9.57006645],[80.78755188,9.56863976],[80.78899384,9.56685638],[80.79078674,9.56471634],[80.79258728,9.56275463],[80.79402161,9.56132793],[80.79546356,9.55990124],[80.79708099,9.55793953],[80.79833984,9.55651283],[80.79995728,9.5549078],[80.80103302,9.55330276],[80.80210876,9.55205441],[80.80336761,9.54991341],[80.80462646,9.54866505],[80.80552673,9.54706001],[80.80660248,9.54581165],[80.80750275,9.54331493],[80.80857849,9.54135323],[80.80912018,9.54010487],[80.81001282,9.53796387],[80.81091309,9.53600216],[80.81181335,9.53404045],[80.81253052,9.53207874],[80.8130722,9.52993774],[80.81378937,9.5277977],[80.81397247,9.52601433],[80.81486511,9.52423096],[80.81576538,9.52315998],[80.81684113,9.52048492],[80.81774139,9.5194149],[80.81864166,9.51816654],[80.81971741,9.51602554],[80.82097626,9.51352882],[80.822052,9.51228046],[80.82295227,9.51049614],[80.82403564,9.50906944],[80.82511139,9.50764275],[80.82601166,9.50639439],[80.82672882,9.5047884],[80.82762909,9.50354004],[80.82852173,9.50175667],[80.8296051,9.49979401],[80.83085632,9.49765396],[80.83211517,9.49533463],[80.83319855,9.49337292],[80.83427429,9.49123192],[80.83517456,9.48909187],[80.83625031,9.48784256],[80.83679199,9.48623753],[80.83786774,9.4844532],[80.83894348,9.48266983],[80.83966827,9.48124218],[80.84020233,9.48070717],[80.84091949,9.47928047],[80.84200287,9.47767448],[80.84272003,9.47696114],[80.84343719,9.4753561],[80.84415436,9.47428513],[80.84469604,9.47303677],[80.84505463,9.47178841],[80.8459549,9.47000408],[80.84649658,9.46786308],[80.84685516,9.46590137],[80.84738922,9.46304703],[80.84864807,9.46001434],[80.84990692,9.45716],[80.85080719,9.45412731],[80.85224152,9.45091534],[80.85331726,9.4493103],[80.85440063,9.44681263],[80.8553009,9.44484997],[80.85655212,9.44360161],[80.85727692,9.44306564],[80.85745239,9.44199562],[80.85852814,9.44038963],[80.85906982,9.43932056],[80.85997009,9.43807125],[80.86051178,9.4366436],[80.86122894,9.43575191],[80.861763,9.43432426],[80.86230469,9.43289757],[80.86356354,9.43111324],[80.86482239,9.43004322],[80.86643982,9.42861557],[80.86841583,9.42772388],[80.8693161,9.42700958],[80.87056732,9.4261179],[80.87200928,9.42504692],[80.87308502,9.42415524],[80.87434387,9.42344189],[80.87524414,9.42219257],[80.87650299,9.42094326],[80.87703705,9.4196949],[80.87812042,9.41773224],[80.87865448,9.41594791],[80.87973785,9.4132719],[80.88009644,9.41148758],[80.88045502,9.40934658],[80.88098907,9.40809727],[80.88117218,9.40649128],[80.88171387,9.40452862],[80.88224792,9.40256596],[80.88297272,9.40078163],[80.88368988,9.39935493],[80.88440704,9.39685631],[80.88494873,9.39542961],[80.88584137,9.39400196],[80.88619995,9.39239597],[80.88692474,9.39061165],[80.88764191,9.38847065],[80.88854218,9.38615036],[80.88925934,9.3841877],[80.89015961,9.38222504],[80.89105225,9.3799057],[80.89195251,9.37776375],[80.89302826,9.37597942],[80.89428711,9.37366009],[80.89537048,9.3720541],[80.89662933,9.37026978],[80.8973465,9.3691988],[80.89770508,9.3670578],[80.89878082,9.36563015],[80.89985657,9.36366749],[80.90093994,9.36223984],[80.9016571,9.36170387],[80.90201569,9.36081219],[80.90291595,9.35974121],[80.90453339,9.35884953],[80.90596771,9.35688591],[80.90668488,9.35599422],[80.90812683,9.35438824],[80.9090271,9.35331726],[80.90991974,9.35242462],[80.91082001,9.35099697],[80.91189575,9.35010529],[80.91262054,9.34974766],[80.91262054,9.34903431],[80.91351318,9.34796333],[80.91423798,9.34742832],[80.91441345,9.34635735],[80.91459656,9.34457302],[80.91531372,9.34207439],[80.91603088,9.33921909],[80.91674805,9.33779144],[80.91728973,9.33529282],[80.9180069,9.33368683],[80.91872406,9.33243752],[80.91909027,9.33047485],[80.91944885,9.32868958],[80.91962433,9.32726192],[80.91998291,9.32583427],[80.92034149,9.32333565],[80.9205246,9.32083702],[80.92070007,9.31833839],[80.92070007,9.31548309],[80.92070007,9.31298447],[80.92124176,9.31155682],[80.92106628,9.30941486],[80.92142487,9.30638123],[80.92160034,9.30441761],[80.92178345,9.30174065],[80.92178345,9.29924202],[80.92250061,9.29674339],[80.92268372,9.29388714],[80.92285919,9.29138851],[80.92357635,9.28906822],[80.92411804,9.28692627],[80.92447662,9.28478527],[80.92483521,9.28335667],[80.92537689,9.28175068],[80.92573547,9.28014374],[80.92627716,9.27764511],[80.92681122,9.27496815],[80.92699432,9.27264786],[80.92771149,9.27086258],[80.92842865,9.26925564],[80.92914581,9.26657867],[80.92951202,9.26425838],[80.93022919,9.26247311],[80.93076324,9.25997448],[80.93130493,9.2574749],[80.93166351,9.25479794],[80.93184662,9.25122738],[80.93184662,9.24837112],[80.93184662,9.24622917],[80.93184662,9.24390888],[80.93184662,9.24248123],[80.93148804,9.24033833],[80.93130493,9.23730373],[80.93130493,9.23516178],[80.93130493,9.23391247],[80.93130493,9.23141289],[80.93130493,9.22891426],[80.93112183,9.22587872],[80.93094635,9.22302246],[80.93058777,9.22105885],[80.93058777,9.21873856],[80.93076324,9.21659565],[80.93076324,9.21481037],[80.93076324,9.21195412],[80.93130493,9.21088314],[80.93184662,9.20874119],[80.9322052,9.20731258],[80.93273926,9.20534897],[80.93346405,9.20392036],[80.93418121,9.20231438],[80.93489838,9.20106411],[80.93561554,9.1998148],[80.9363327,9.19874287],[80.93687439,9.19731522],[80.93777466,9.19624424],[80.93831635,9.19517231],[80.93920898,9.19374466],[80.94010925,9.19213772],[80.94082642,9.19124508],[80.94190979,9.18981647],[80.94280243,9.18820953],[80.9437027,9.18731689],[80.94460297,9.18588924],[80.94567871,9.18446064],[80.9462204,9.18410301],[80.94693756,9.18231773],[80.94765472,9.18035412],[80.94855499,9.17910385],[80.94945526,9.1769619],[80.94998932,9.17571163],[80.95143127,9.17410469],[80.95197296,9.17267704],[80.9528656,9.17089081],[80.95358276,9.16910553],[80.95412445,9.16767788],[80.95484161,9.16642761],[80.9552002,9.16571331],[80.95628357,9.16392803],[80.95718384,9.16267776],[80.95861816,9.16125011],[80.95969391,9.15999985],[80.96041107,9.15964317],[80.96149445,9.15785694],[80.96328735,9.1555357],[80.96401215,9.15410805],[80.96526337,9.15267944],[80.96598816,9.15125084],[80.9670639,9.14946556],[80.96760559,9.14785767],[80.96832275,9.14607239],[80.96922302,9.14410877],[80.96975708,9.14196587],[80.97047424,9.13982296],[80.97119904,9.13839436],[80.97173309,9.13696575],[80.97263336,9.13482285],[80.97353363,9.13285923],[80.97460938,9.13196659]]]},"source_id":"incois_wfs","acquired_at":"2026-08-31T18:05:40.682931+00:00"},{"type":"Feature","feature_key":"125dd901cdf96927","properties":{"FNODE_":1637,"TNODE_":1646,"LPOLY_":1,"RPOLY_":1,"LENGTH":0.0672853,"BATHMETRY_":1432,"BATHMETRY1":10,"BATHMETR_1":10,"BATHYLABEL":""},"geometry":{"type":"MultiLineString","coordinates":[[[79.67292023,9.15407181],[79.67279053,9.1540184],[79.67266846,9.15396309],[79.67253876,9.15390682],[79.67241669,9.15385056],[79.67230225,9.15379143],[79.67217255,9.15373135],[79.67205811,9.15367031],[79.67192841,9.15360641],[79.67181396,9.15354061],[79.67169952,9.15347195],[79.67157745,9.15340233],[79.67147064,9.15332985],[79.6713562,9.15325546],[79.67124939,9.15317726],[79.67114258,9.15309715],[79.67103577,9.15301323],[79.67093658,9.15292645],[79.67082214,9.1528368],[79.67073059,9.15274429],[79.67063904,9.15264797],[79.67053986,9.15254784],[79.6704483,9.15244579],[79.67035675,9.1523428],[79.6702652,9.15224075],[79.67018127,9.15213871],[79.67008972,9.15203953],[79.66999054,9.15194225],[79.66989136,9.15184975],[79.66979218,9.15176201],[79.66969299,9.15168095],[79.66958618,9.15160656],[79.66947174,9.15154076],[79.66934967,9.15148258],[79.66923523,9.15143013],[79.66911316,9.15138149],[79.66898346,9.15133858],[79.66884613,9.15129566],[79.66872406,9.15125656],[79.66858673,9.15121746],[79.66845703,9.15117741],[79.66832733,9.15113544],[79.66819,9.15108967],[79.66806793,9.15104103],[79.66795349,9.15098763],[79.66782379,9.15092945],[79.66770935,9.15086842],[79.66759491,9.15080452],[79.66747284,9.15073776],[79.6673584,9.15066624],[79.66724396,9.15059471],[79.66712952,9.15052223],[79.66701508,9.15044785],[79.66690826,9.15037155],[79.66679382,9.15029621],[79.66668701,9.15021992],[79.66656494,9.15014458],[79.66645813,9.15006924],[79.66634369,9.14999676],[79.66623688,9.14992332],[79.66611481,9.1498518],[79.66600037,9.14978123],[79.66588593,9.14971161],[79.66576385,9.14964199],[79.66564941,9.14957237],[79.6655426,9.14950371],[79.66542816,9.14943409],[79.66530609,9.14936256],[79.66519165,9.14929199],[79.66508484,9.14921951],[79.6649704,9.14914608],[79.66486359,9.14907074],[79.66474915,9.14899349],[79.66464233,9.14891624],[79.66453552,9.14883614],[79.66442871,9.14875507],[79.6643219,9.14867401],[79.66421509,9.148592],[79.66410828,9.14850998],[79.66400146,9.14842796],[79.66388702,9.14834499],[79.66378021,9.14826393],[79.6636734,9.14818382],[79.66356659,9.14810371],[79.66345978,9.14802361],[79.66335297,9.14794636],[79.66324615,9.14787006],[79.66312408,9.14779282],[79.66301727,9.14771652],[79.66290283,9.14764023],[79.66279602,9.14756393],[79.66268921,9.14748573],[79.66257477,9.14740753],[79.66246796,9.14732647],[79.66236115,9.1472435],[79.66225433,9.14715862],[79.66215515,9.14707279],[79.66205597,9.14698124],[79.66195679,9.14688778],[79.66186523,9.14679146],[79.66176605,9.14669323],[79.66168213,9.14659405],[79.66159058,9.14649296],[79.66149902,9.14639187],[79.66140747,9.14629173],[79.66132355,9.1461935],[79.66122437,9.14609814],[79.66113281,9.14600372],[79.66103363,9.14591217],[79.66092682,9.14582729],[79.66082764,9.14574528],[79.66070557,9.14566803],[79.66059875,9.14559746],[79.66048431,9.1455307],[79.66036224,9.14546585],[79.66024017,9.14540577],[79.6601181,9.14534664],[79.65999603,9.14528751],[79.65987396,9.14522934],[79.65974426,9.14517117],[79.65962982,9.14510918],[79.65951538,9.14504623],[79.65940094,9.14497852],[79.65927887,9.144907],[79.65917206,9.1448307],[79.65907288,9.14474869],[79.65897369,9.14466],[79.65887451,9.14456749],[79.65878296,9.14447021],[79.65869904,9.14437008],[79.65861511,9.14426613],[79.65852356,9.14416122],[79.65844727,9.14405346],[79.65836334,9.14394569],[79.65827179,9.14383888],[79.6581955,9.14373207],[79.65811157,9.14362621],[79.65802002,9.14352226],[79.6579361,9.14342117],[79.65784454,9.14332294],[79.65774536,9.14322948],[79.65764618,9.14313984],[79.65753937,9.14305115],[79.65744019,9.14296627],[79.65733337,9.1428833],[79.65722656,9.14280415],[79.65711212,9.14272594],[79.65699768,9.1426506],[79.65689087,9.14257717],[79.65677643,9.14250469],[79.65665436,9.14243412],[79.65653992,9.1423645],[79.65642548,9.14229584],[79.65630341,9.14222908],[79.65618896,9.14216232],[79.65607452,9.14209557],[79.65596008,9.14202881],[79.65583801,9.14196205],[79.65572357,9.14189625],[79.65559387,9.14183044],[79.65548706,9.14176178],[79.65537262,9.14169407],[79.65525818,9.14162636],[79.65513611,9.14155579],[79.65502167,9.14148521],[79.65491486,9.14141273],[79.65480042,9.1413393],[79.6546936,9.14126396],[79.65457916,9.14118481],[79.65447235,9.14110661],[79.65436554,9.14102554],[79.65425873,9.14094353],[79.65415192,9.14086056],[79.65405273,9.14077663],[79.65394592,9.14069176],[79.65383911,9.14060688],[79.65373993,9.14052296],[79.65363312,9.14043808],[79.65351868,9.14035416],[79.65341187,9.14027119],[79.65331268,9.14018917],[79.65320587,9.14010906],[79.65309143,9.14002895],[79.65298462,9.13995266],[79.65287781,9.13987732],[79.65275574,9.13980389],[79.65264893,9.13973236],[79.65253448,9.13966179],[79.65242004,9.13959408],[79.65229797,9.13952827],[79.6521759,9.13946438],[79.65205383,9.13940144],[79.65193939,9.1393404],[79.65181732,9.13928127],[79.65169525,9.1392231],[79.65157318,9.13916683],[79.65144348,9.13911343],[79.65132141,9.13906002],[79.65120697,9.13900852],[79.65107727,9.13895702],[79.6509552,9.13890743],[79.6508255,9.13885784],[79.65070343,9.13880825],[79.65057373,9.1387558],[79.65045166,9.13870335],[79.65032959,9.13864899],[79.65020752,9.13859367],[79.65009308,9.13853455],[79.64996338,9.13847351],[79.64984894,9.13840866],[79.64972687,9.13834095],[79.64961243,9.13827038],[79.64949799,9.1381979],[79.64938354,9.13812542],[79.6492691,9.13805103],[79.64915466,9.13797951],[79.64904022,9.13791084],[79.64891815,9.13784504],[79.64880371,9.13778305],[79.64868164,9.13772774],[79.64855957,9.13767815],[79.6484375,9.13763618],[79.6483078,9.13760281],[79.6481781,9.13757324],[79.64804077,9.13755131],[79.6479187,9.13753319],[79.64778137,9.13751984],[79.64763641,9.13751125],[79.64749908,9.13750648],[79.64736938,9.13750267],[79.64723206,9.13750076],[79.6470871,9.13750076],[79.6469574,9.13750172],[79.64681244,9.13750172],[79.64667511,9.13750267],[79.64653778,9.13750267],[79.64640808,9.13750362],[79.64626312,9.13750267],[79.64612579,9.13750172],[79.64599609,9.13750076],[79.64585876,9.1374979],[79.64572144,9.13749409],[79.64559174,9.13749027],[79.64545441,9.13748455],[79.64531708,9.13747787],[79.64518738,9.13746834],[79.64505005,9.1374588],[79.64491272,9.13744736],[79.64479065,9.13743401],[79.64465332,9.13741779],[79.64451599,9.13740063],[79.64438629,9.13738155],[79.64425659,9.13735867],[79.64412689,9.13733387],[79.64399719,9.13730621],[79.64386749,9.13727665],[79.64373779,9.13724518],[79.64360046,9.1372118],[79.64347839,9.13717556],[79.64334106,9.13713837],[79.64321899,9.13709831],[79.64308929,9.13706017],[79.64295959,9.1370182],[79.6428299,9.13697815],[79.64270782,9.13693523],[79.6425705,9.13689327],[79.6424408,9.13685036],[79.64231873,9.13680935],[79.6421814,9.13676834],[79.64205933,9.13672829],[79.641922,9.13668919],[79.64179993,9.13665104],[79.64167023,9.13661385],[79.64154053,9.13657856],[79.64141083,9.13654613],[79.6412735,9.13651466],[79.6411438,9.13648701],[79.6410141,9.1364603],[79.6408844,9.13643742],[79.64074707,9.13641644],[79.64060974,9.13639927],[79.64048004,9.13638592],[79.64034271,9.13637257],[79.64020538,9.13636303],[79.64007568,9.13635445],[79.63993835,9.13634682],[79.63980103,9.13634109],[79.63967133,9.13633728],[79.639534,9.13633251],[79.63939667,9.13632774],[79.63926697,9.13632488],[79.63912964,9.13632011],[79.63899231,9.1363163],[79.63886261,9.13630962],[79.63872528,9.1363039],[79.63858795,9.13629436],[79.63845825,9.13628387],[79.63832092,9.13627243],[79.63819122,9.13625717],[79.63806152,9.13624001],[79.63792419,9.13622093],[79.63780212,9.13619804],[79.63766479,9.13617229],[79.63752747,9.13614559],[79.6374054,9.13611698],[79.63726807,9.13608646],[79.637146,9.13605404],[79.6370163,9.13601971],[79.6368866,9.13598347],[79.6367569,9.13594818],[79.63661957,9.13591099],[79.6364975,9.13587189],[79.6363678,9.13583279],[79.6362381,9.13579369],[79.6361084,9.13575363],[79.63598633,9.13571453],[79.635849,9.13567448],[79.63572693,9.13563442],[79.6355896,9.13559532],[79.6354599,9.13555622],[79.6353302,9.13551807],[79.6352005,9.13548088],[79.6350708,9.13544559],[79.63493347,9.13541126],[79.63479614,9.13537693],[79.63467407,9.13534546],[79.63453674,9.13531399],[79.63439941,9.13528538],[79.63426971,9.13525677],[79.63413239,9.13522911],[79.63399506,9.1352005],[79.63386536,9.13517284],[79.63372803,9.13514423],[79.63359833,9.13511658],[79.63346863,9.13508511],[79.6333313,9.13505363],[79.6332016,9.1350193],[79.6330719,9.13498402],[79.63294983,9.13494396],[79.63282013,9.13490391],[79.63269806,9.13485909],[79.63256836,9.1348114],[79.63244629,9.1347599],[79.63232422,9.13470364],[79.63220978,9.13464355],[79.63209534,9.1345787],[79.6319809,9.13450909],[79.63186646,9.13443565],[79.63175964,9.13435936],[79.6316452,9.13428116],[79.63153839,9.1342001],[79.63143158,9.13411808],[79.63132477,9.13403511],[79.63122559,9.13395119],[79.63111115,9.13386822],[79.63100433,9.13378716],[79.63088989,9.13370705],[79.63078308,9.13362885],[79.63067627,9.13355255],[79.6305542,9.13348007],[79.63043976,9.13341141],[79.63032532,9.13334751],[79.63021088,9.13328743],[79.63008881,9.13323021],[79.62996674,9.13317776],[79.62983704,9.13312721],[79.62971497,9.13308048],[79.62958527,9.13303566],[79.6294632,9.13299274],[79.62932587,9.13295174],[79.6292038,9.13291168],[79.62906647,9.13287258],[79.6289444,9.13283253],[79.62880707,9.13279438],[79.62867737,9.13275528],[79.62854767,9.13271618],[79.62841797,9.13267422],[79.6282959,9.13263226],[79.6281662,9.13258839],[79.6280365,9.13254261],[79.6279068,9.13249779],[79.62778473,9.13244915],[79.62765503,9.13240051],[79.62753296,9.13235092],[79.62740326,9.13230133],[79.62728882,9.13224792],[79.62715912,9.13219643],[79.62703705,9.13214302],[79.62690735,9.13208866],[79.62679291,9.13203335],[79.62667084,9.13197803],[79.62654877,9.13192177],[79.6264267,9.13186646],[79.626297,9.13180923],[79.62618256,9.13175201],[79.62606049,9.13169384],[79.62593842,9.13163471],[79.62581635,9.13157654],[79.62569427,9.1315155],[79.6255722,9.13145733],[79.62545776,9.13139725],[79.62533569,9.13133717],[79.62521362,9.13127613],[79.62509155,9.1312151],[79.62497711,9.13115406],[79.62485504,9.13109303],[79.62473297,9.13103104],[79.62461853,9.13097],[79.62449646,9.13090801],[79.62437439,9.13084602],[79.62425995,9.13078403],[79.62413025,9.13072109],[79.62401581,9.13066006],[79.62390137,9.13059711],[79.62377167,9.13053608],[79.62365723,9.13047314],[79.62354279,9.13041115],[79.62342072,9.13034821],[79.62329865,9.13028526],[79.6231842,9.13022232],[79.62306213,9.13015842],[79.62294769,9.13009644],[79.62283325,9.13003349],[79.62270355,9.12996864],[79.62258911,9.1299057],[79.62247467,9.12984085],[79.6223526,9.12977695],[79.62223816,9.1297121],[79.62212372,9.12964725],[79.62199402,9.12958241],[79.62187958,9.1295166],[79.62176514,9.12945175],[79.62164307,9.12938595],[79.62152863,9.12931919],[79.62141418,9.12925243],[79.62129211,9.12918758],[79.62117767,9.12912178],[79.6210556,9.12905598],[79.62093353,9.12899113],[79.62081909,9.12892628],[79.62070465,9.12886238],[79.62058258,9.12879944],[79.62046051,9.12873745],[79.62034607,9.12867641],[79.62021637,9.12861729],[79.62010193,9.12855911],[79.61997223,9.12850189],[79.61985779,9.12844753],[79.61972809,9.12839413],[79.61960602,9.12834167],[79.61947632,9.12829304],[79.61935425,9.12824631],[79.61923218,9.12820148],[79.61910248,9.12815857],[79.61898041,9.12811661],[79.61884308,9.12807751],[79.61871338,9.12803841],[79.61858368,9.12800121],[79.61845398,9.12796497],[79.61832428,9.12792683],[79.61819458,9.12788868],[79.61807251,9.12785053],[79.61793518,9.12781048],[79.61780548,9.12777042],[79.61768341,9.12772846],[79.61755371,9.12768364],[79.61743164,9.127635],[79.61730957,9.12758541],[79.61717987,9.12753201],[79.61706543,9.12747383],[79.61693573,9.1274128],[79.61682129,9.1273489],[79.61670685,9.12728214],[79.61658478,9.12721443],[79.61647034,9.12714481],[79.6163559,9.1270752],[79.61623383,9.12700558],[79.61611938,9.12693596],[79.61600494,9.12686825],[79.61588287,9.12680244],[79.61576843,9.1267395],[79.61565399,9.12667847],[79.61552429,9.1266222],[79.61540985,9.12656975],[79.61528778,9.12652016],[79.61515808,9.12647533],[79.61503601,9.12643528],[79.61489868,9.12639809],[79.61476898,9.12636185],[79.61464691,9.12632751],[79.61450958,9.12629509],[79.61437988,9.12626553],[79.61425018,9.12623501],[79.61411285,9.1262064],[79.61398315,9.12617683],[79.61384583,9.12614822],[79.6137085,9.12611771],[79.61358643,9.12608719],[79.6134491,9.12605572],[79.6133194,9.12602043]]]},"source_id":"incois_wfs","acquired_at":"2026-08-31T18:05:40.682931+00:00"},{"type":"Feature","feature_key":"2d86d7cd0fddba19","properties":{"FNODE_":1646,"TNODE_":1634,"LPOLY_":1,"RPOLY_":1,"LENGTH":0.0561215,"BATHMETRY_":1433,"BATHMETRY1":10,"BATHMETR_1":10,"BATHYLABEL":""},"geometry":{"type":"MultiLineString","coordinates":[[[79.6133194,9.12602043],[79.6131897,9.1259861],[79.61306,9.12594986],[79.61292267,9.12591362],[79.61279297,9.12587738],[79.61266327,9.12583923],[79.61253357,9.12580395],[79.61240387,9.12576675],[79.61227417,9.12573242],[79.61213684,9.12569809],[79.61201477,9.12566566],[79.61187744,9.1256361],[79.61175537,9.12560654],[79.61161804,9.12558079],[79.61149597,9.12555599],[79.61135864,9.12553596],[79.61122894,9.1255188],[79.61109924,9.12550354],[79.61096191,9.1254921],[79.61082458,9.12548256],[79.61070251,9.12547398],[79.61056519,9.1254673],[79.61043549,9.12546253],[79.61029816,9.12545776],[79.61016083,9.1254549],[79.61003113,9.12545109],[79.6098938,9.12544727],[79.60975647,9.12544441],[79.60962677,9.12543964],[79.60948944,9.12543297],[79.60935211,9.12542629],[79.60922241,9.12541676],[79.60908508,9.12540627],[79.60894012,9.12539291],[79.60881042,9.12537766],[79.6086731,9.12535954],[79.60852814,9.12533665],[79.60839081,9.12531185],[79.60826111,9.1252861],[79.60811615,9.1252594],[79.60797882,9.1252327],[79.60784912,9.12520695],[79.60771179,9.12518501],[79.60757446,9.12516594],[79.60744476,9.12514973],[79.60730743,9.12513733],[79.6071701,9.12513161],[79.60704803,9.12513447],[79.60691071,9.125144],[79.60678864,9.12516117],[79.60665894,9.12518978],[79.60653687,9.12522602],[79.60641479,9.1252718],[79.60629272,9.12532425],[79.60617065,9.12538338],[79.60605621,9.12544632],[79.60593414,9.12551403],[79.60581207,9.1255827],[79.60569763,9.12565231],[79.60558319,9.12572098],[79.60545349,9.1257906],[79.60533905,9.12585449],[79.60520935,9.12591553],[79.60508728,9.12597179],[79.60495758,9.12602329],[79.60483551,9.12607098],[79.60471344,9.12611389],[79.60458374,9.12615395],[79.60444641,9.12619209],[79.60432434,9.12622547],[79.60418701,9.12625885],[79.60406494,9.12628841],[79.60392761,9.12631702],[79.60379028,9.12634468],[79.60366058,9.12637138],[79.60353088,9.12639809],[79.60340118,9.12642288],[79.60326385,9.12644863],[79.60312653,9.12647533],[79.60300446,9.1265049],[79.60286713,9.12653351],[79.6027298,9.12656498],[79.60260773,9.12659645],[79.6024704,9.12663174],[79.60234833,9.12666988],[79.60221863,9.12670994],[79.60209656,9.12675095],[79.60195923,9.12679386],[79.60183716,9.12683868],[79.60170746,9.12688446],[79.60158539,9.12693024],[79.60145569,9.12697601],[79.60133362,9.12702274],[79.60120392,9.12706947],[79.60107422,9.12711811],[79.60094452,9.12716579],[79.60082245,9.12721157],[79.60069275,9.12725925],[79.60057068,9.12730598],[79.60044098,9.12735271],[79.60031891,9.12739849],[79.60018921,9.12744427],[79.60006714,9.12748909],[79.59993744,9.12753391],[79.59980774,9.12757874],[79.59967804,9.12762165],[79.59955597,9.12766457],[79.59942627,9.12770557],[79.5993042,9.12774754],[79.5991745,9.12778759],[79.59905243,9.12782764],[79.59892273,9.12786674],[79.59880066,9.12790871],[79.59867096,9.12794876],[79.59854126,9.12798882],[79.59841156,9.12803173],[79.59828949,9.12807465],[79.59815216,9.12811947],[79.59802246,9.1281662],[79.59789276,9.12821484],[79.59776306,9.12826538],[79.59763336,9.12831688],[79.59749603,9.12837219],[79.59736633,9.12843037],[79.59723663,9.1284914],[79.59710693,9.12855625],[79.59699249,9.12862301],[79.59686279,9.12869453],[79.59674835,9.12877083],[79.59664154,9.12885094],[79.59653473,9.12893486],[79.59643555,9.12902451],[79.59634399,9.12911797],[79.59625244,9.12921715],[79.59618378,9.12932205],[79.59611511,9.12943077],[79.59605408,9.12954712],[79.59600067,9.12966728],[79.59596252,9.12979221],[79.59591675,9.12992191],[79.5958786,9.13005161],[79.59584045,9.13018322],[79.59580994,9.13031483],[79.59577179,9.13044357],[79.59572601,9.13057041],[79.59567261,9.13069439],[79.5956192,9.13081646],[79.59555817,9.13093472],[79.5954895,9.13105202],[79.59542084,9.1311655],[79.59534454,9.13127899],[79.59527588,9.13139057],[79.59519196,9.1315012],[79.59511566,9.13161087],[79.59503174,9.13171959],[79.59495544,9.13182735],[79.59487152,9.13193703],[79.5947876,9.13204479],[79.5947113,9.13215446],[79.59463501,9.13226414],[79.59455872,9.13237476],[79.59448242,9.13248825],[79.59441376,9.13260174],[79.59434509,9.13271713],[79.59427643,9.13283348],[79.59421539,9.13295269],[79.59415436,9.1330719],[79.59410095,9.13319206],[79.59404755,9.13331413],[79.59397888,9.1334362],[79.59392548,9.13356018],[79.59388733,9.13368416],[79.59382629,9.13380814],[79.59378815,9.13393307],[79.59373474,9.13405895],[79.59368896,9.13418484],[79.59363556,9.13431072],[79.59358978,9.13443661],[79.59354401,9.13456249],[79.59349823,9.13468838],[79.59345245,9.13481426],[79.59339905,9.13494015],[79.59335327,9.13506603],[79.5933075,9.13519192],[79.59326172,9.13531876],[79.59321594,9.13544464],[79.59317017,9.13557148],[79.59313965,9.13569832],[79.59309387,9.13582611],[79.5930481,9.13595295],[79.59300995,9.13608074],[79.59297943,9.13620853],[79.59293365,9.13633728],[79.59289551,9.13646698],[79.59285736,9.13659573],[79.59283447,9.13672543],[79.59279633,9.13685703],[79.59276581,9.13698673],[79.59274292,9.13711834],[79.5927124,9.1372509],[79.59269714,9.13738251],[79.59268188,9.13751507],[79.592659,9.13764763],[79.59265137,9.13778114],[79.59265137,9.1379137],[79.59264374,9.13804722],[79.59265137,9.13818073],[79.59265137,9.13831615],[79.592659,9.13845062],[79.59267426,9.13858509],[79.59268188,9.13872051],[79.59268951,9.13885593],[79.59270477,9.13899136],[79.59272766,9.13912582],[79.59274292,9.13925838],[79.59278107,9.13938904],[79.59281158,9.13951683],[79.59285736,9.13964081],[79.59291077,9.13976002],[79.59297943,9.13987637],[79.5930481,9.1399889],[79.59311676,9.14010048],[79.59320068,9.1402092],[79.59328461,9.14031696],[79.59336853,9.14042568],[79.59345245,9.1405344],[79.59353638,9.14064407],[79.59360504,9.14075565],[79.59367371,9.14086914],[79.59374237,9.14098549],[79.59381104,9.14110279],[79.59386444,9.141222],[79.59392548,9.14134121],[79.59397888,9.14146328],[79.59404755,9.14158535],[79.59410095,9.14170742],[79.59415436,9.14183044],[79.59420776,9.14195251],[79.59426117,9.14207458],[79.5943222,9.1421957],[79.59437561,9.14231682],[79.59444427,9.14243793],[79.59450531,9.1425581],[79.59456635,9.14267826],[79.59461975,9.14279842],[79.59468079,9.14291954],[79.59474945,9.14304066],[79.59480286,9.14316177],[79.59485626,9.14328575],[79.59490204,9.14340782],[79.59494019,9.14353466],[79.59498596,9.14366055],[79.59502411,9.14379025],[79.59506226,9.14391994],[79.59508514,9.1440506],[79.59510803,9.14418507],[79.59512329,9.14431858],[79.59513855,9.14445496],[79.59513855,9.14459038],[79.59515381,9.14472485],[79.59513855,9.14486217],[79.59513855,9.1449976],[79.59512329,9.14513302],[79.59510803,9.14526939],[79.59508514,9.14540291],[79.59506226,9.14553547],[79.59502411,9.14566708],[79.59498596,9.14579773],[79.59495544,9.14592552],[79.59490967,9.14605331],[79.59485626,9.14617825],[79.59481049,9.14630032],[79.59474945,9.14642239],[79.59469604,9.14654255],[79.59462738,9.14666176],[79.59456635,9.14677811],[79.59449768,9.1468935],[79.59442139,9.14700794],[79.59435272,9.14712143],[79.59427643,9.14723396],[79.59420776,9.14734745],[79.59413147,9.14745903],[79.59405518,9.14757061],[79.59397888,9.14768314],[79.59391022,9.14779568],[79.59384155,9.14790821],[79.59376526,9.1480217],[79.59369659,9.14813614],[79.59363556,9.14825153],[79.59355927,9.14836788],[79.59349823,9.14848518],[79.59343719,9.14860153],[79.5933609,9.14871979],[79.59329987,9.14883614],[79.59323883,9.14895248],[79.59316254,9.14906979],[79.5931015,9.14918423],[79.59303284,9.14930058],[79.59295654,9.14941502],[79.59288788,9.1495285],[79.59281158,9.14964294],[79.59274292,9.14975548],[79.59268188,9.14987183],[79.59260559,9.14998531],[79.59254456,9.15010262],[79.59248352,9.15021992],[79.59242249,9.15034008],[79.59236908,9.1504612],[79.59230042,9.15058422],[79.59224701,9.15070629],[79.59220123,9.15083027],[79.59214783,9.15095425],[79.59209442,9.15107918],[79.59204865,9.1512022],[79.59199524,9.15132618],[79.59194183,9.15145016],[79.59188843,9.15157223],[79.59182739,9.15169239],[79.59177399,9.1518116],[79.59169769,9.15192986],[79.59163666,9.1520462],[79.59157562,9.1521616],[79.59149933,9.15227604],[79.59143066,9.15238953],[79.591362,9.15250301],[79.59128571,9.1526165],[79.59120941,9.15272903],[79.59113312,9.15284157],[79.59106445,9.1529541],[79.59098816,9.15306664],[79.59091187,9.15317726],[79.59083557,9.15328884],[79.59075928,9.15339756],[79.59067535,9.15350533],[79.59059906,9.15361309],[79.59051514,9.15371799],[79.59042358,9.15382195],[79.59033203,9.15392303],[79.59024811,9.15402126],[79.59015656,9.15411663],[79.59005737,9.15421104],[79.58995819,9.1543026],[79.58985901,9.15439224],[79.5897522,9.15447998],[79.58965302,9.15456581],[79.5895462,9.1546526],[79.58943939,9.15473652],[79.58932495,9.15482044],[79.58921814,9.15490532],[79.58911133,9.1549902],[79.58901215,9.15507507],[79.58890533,9.1551609],[79.58880615,9.15524864],[79.58870697,9.15533829],[79.58860779,9.15542889],[79.58850861,9.15552235],[79.58842468,9.15561676],[79.58833313,9.15571594],[79.58824158,9.15581799],[79.58815765,9.15592289],[79.58808899,9.15603161],[79.58802032,9.15614319],[79.58794403,9.15625954],[79.587883,9.15637493],[79.5878067,9.15649223],[79.58774567,9.15661049],[79.58768463,9.15672874],[79.58761597,9.15684605],[79.5875473,9.15696239],[79.58747864,9.15707874],[79.58740234,9.15719414],[79.58734131,9.15730858],[79.58727264,9.15742397],[79.58719635,9.15754032],[79.58713531,9.15765667],[79.58707428,9.15777206],[79.58701324,9.15788937],[79.58694458,9.15800762],[79.58688354,9.15812683],[79.58683014,9.15824604],[79.5867691,9.15836906],[79.5867157,9.15849113],[79.58666992,9.15861416],[79.58661652,9.15873909],[79.58657074,9.15886497],[79.58652496,9.15899086],[79.58648682,9.15911865],[79.58644104,9.15924644],[79.58641052,9.15937519],[79.58637238,9.15950489],[79.58633423,9.1596365],[79.58630371,9.1597681],[79.58627319,9.15989876],[79.58623505,9.16003132],[79.58621216,9.16016483],[79.58618164,9.16029739],[79.58616638,9.16043186],[79.58613586,9.16056538],[79.58611298,9.16069889],[79.58608246,9.1608305],[79.58605957,9.16096306],[79.58602142,9.16109371],[79.58598328,9.1612215],[79.58595276,9.16134834],[79.58590698,9.16147327],[79.58586121,9.16159534],[79.58580017,9.1617136],[79.58573151,9.16182995],[79.58567047,9.16194439],[79.58560181,9.16205597],[79.58551788,9.16216564],[79.58544159,9.16227341],[79.58535767,9.16237926],[79.58527374,9.16248608],[79.58518982,9.16259003],[79.58509827,9.16269398],[79.58495331,9.16285706]]]},"source_id":"incois_wfs","acquired_at":"2026-08-31T18:05:40.682931+00:00"},{"type":"Feature","feature_key":"02929b0950a41783","properties":{"FNODE_":1632,"TNODE_":1647,"LPOLY_":1,"RPOLY_":1,"LENGTH":0.833327,"BATHMETRY_":1434,"BATHMETRY1":10,"BATHMETR_1":10,"BATHYLABEL":""},"geometry":{"type":"MultiLineString","coordinates":[[[79.016716,9.17283154],[79.01779938,9.1726532],[79.0192337,9.1726532],[79.02103424,9.1719389],[79.02192688,9.17176056],[79.02390289,9.17122459],[79.02552032,9.17051029],[79.0266037,9.16979694],[79.02786255,9.16908264],[79.02875519,9.16836834],[79.03037262,9.16729736],[79.03181458,9.1660471],[79.03271484,9.16497612],[79.03379059,9.16354752],[79.03486633,9.16211891],[79.0355835,9.16104794],[79.03630829,9.15997601],[79.03755951,9.15890503],[79.04043579,9.15783405],[79.0424118,9.15765476],[79.04402924,9.15765476],[79.04582977,9.15819073],[79.0474472,9.15908337],[79.04906464,9.1601553],[79.05085754,9.16104794],[79.05283356,9.16176224],[79.05445099,9.16158295],[79.05535126,9.16140461],[79.05661011,9.16122627],[79.05751038,9.16051197],[79.05858612,9.15961933],[79.05966187,9.15819073],[79.06092072,9.15676212],[79.06236267,9.15533447],[79.063797,9.15390587],[79.06541443,9.15283394],[79.06667328,9.15283394],[79.06972504,9.15283394],[79.07116699,9.15408421],[79.07278442,9.15515518],[79.07421875,9.15658379],[79.07511902,9.15801239],[79.07583618,9.15908337],[79.07655334,9.15979767],[79.0779953,9.16158295],[79.07871246,9.16265488],[79.08014679,9.16336918],[79.08158875,9.16390419],[79.0828476,9.16426182],[79.08428192,9.16444016],[79.08554077,9.16426182],[79.08679962,9.16426182],[79.08841705,9.16426182],[79.0894928,9.16408348],[79.09039307,9.16372585],[79.09182739,9.16354752],[79.09344482,9.16318989],[79.09506226,9.16283321],[79.09649658,9.16283321],[79.09793854,9.16247654],[79.09883881,9.16211891],[79.10027313,9.16176224],[79.10170746,9.16122627],[79.10332489,9.16104794],[79.10494232,9.16069031],[79.10710144,9.16033363],[79.10853577,9.16033363],[79.10997772,9.16033363],[79.11212921,9.16033363],[79.11554718,9.16033363],[79.11788177,9.16051197],[79.12004089,9.1608696],[79.12165833,9.16104794],[79.12345123,9.16176224],[79.1243515,9.16265488],[79.12542725,9.16318989],[79.12722778,9.16408348],[79.12866211,9.16479683],[79.12992096,9.16586876],[79.13225555,9.1667614],[79.13369751,9.1674757],[79.13567352,9.16783237],[79.13729095,9.16819],[79.1385498,9.16872501],[79.14070129,9.16872501],[79.14231873,9.1689043],[79.14483643,9.16854668],[79.14662933,9.16801071],[79.14933014,9.16765404],[79.15112305,9.16693974],[79.15274048,9.16693974],[79.15418243,9.16693974],[79.15544128,9.16622543],[79.15633392,9.16586876],[79.15939331,9.16551113],[79.16101074,9.16479683],[79.16262817,9.16408348],[79.16477966,9.16408348],[79.1665802,9.16372585],[79.16819763,9.16390419],[79.17034912,9.16408348],[79.17304993,9.16461849],[79.17466736,9.16461849],[79.17646027,9.16461849],[79.1782608,9.16461849],[79.18005371,9.16426182],[79.18112946,9.16444016],[79.18274689,9.16426182],[79.18436432,9.16408348],[79.18598175,9.16354752],[79.1872406,9.16336918],[79.18832397,9.16336918],[79.18921661,9.16318989],[79.19065857,9.16283321],[79.19191742,9.16283321],[79.19281006,9.16265488],[79.19389343,9.16247654],[79.19515228,9.16229725],[79.19730377,9.16229725],[79.19874573,9.16301155],[79.19946289,9.16372585],[79.20072174,9.16426182],[79.20161438,9.16497612],[79.20287323,9.16533279],[79.20449066,9.16622543],[79.20664978,9.16658306],[79.20808411,9.1667614],[79.20988464,9.16658306],[79.21078491,9.1660471],[79.21203613,9.16569042],[79.21419525,9.16479683],[79.21562958,9.16408348],[79.21761322,9.16426182],[79.21886444,9.16426182],[79.22012329,9.16444016],[79.22138214,9.16444016],[79.22299957,9.16444016],[79.22533417,9.16461849],[79.22677612,9.16461849],[79.22785187,9.16444016],[79.22911072,9.16390419],[79.23018646,9.16336918],[79.23162842,9.16301155],[79.23287964,9.16194057],[79.23485565,9.16122627],[79.23593903,9.1608696],[79.23845673,9.1608696],[79.23989105,9.16104794],[79.24240875,9.16104794],[79.24438477,9.16104794],[79.24617767,9.16104794],[79.24797821,9.16051197],[79.24977112,9.16051197],[79.25102997,9.16033363],[79.25300598,9.15961933],[79.25444794,9.15890503],[79.25606537,9.15819073],[79.25821686,9.15747643],[79.2600174,9.15711975],[79.2618103,9.15658379],[79.26325226,9.15604782],[79.26468658,9.15586948],[79.2666626,9.15551281],[79.26899719,9.15533447],[79.27097321,9.15479851],[79.27259064,9.15390587],[79.27403259,9.15372658],[79.27655029,9.15301323],[79.2783432,9.15229893],[79.27924347,9.15176296],[79.28050232,9.15087032],[79.28229523,9.15033436],[79.28373718,9.14962006],[79.2849884,9.14890575],[79.28624725,9.14819145],[79.28697205,9.14729881],[79.28804779,9.14587021],[79.28876495,9.14497757],[79.28948212,9.14408493],[79.29020691,9.14337063],[79.29218292,9.14212036],[79.29343414,9.14140701],[79.29541779,9.14051342],[79.29649353,9.13979912],[79.29882813,9.13926411],[79.30008698,9.13837147],[79.30170441,9.1378355],[79.30278015,9.13729954],[79.3038559,9.13676357],[79.30458069,9.13587093],[79.30529785,9.13497829],[79.30619812,9.13426399],[79.30727386,9.13390732],[79.30817413,9.13354969],[79.30906677,9.13283539],[79.31015015,9.13229942],[79.31158447,9.13212109],[79.3132019,9.13176441],[79.31464386,9.13212109],[79.3157196,9.13229942],[79.31697845,9.13337135],[79.31787872,9.13426399],[79.31895447,9.13497829],[79.31985474,9.13587093],[79.3205719,9.1378355],[79.32093048,9.13926411],[79.32147217,9.14087105],[79.32183075,9.14265633],[79.32164764,9.14479923],[79.32128906,9.14640617],[79.32074738,9.14854908],[79.31985474,9.14979839],[79.31859589,9.1505127],[79.31679535,9.15069199],[79.31517792,9.15211964],[79.31356049,9.15283394],[79.31248474,9.15426254],[79.31176758,9.15551281],[79.31050873,9.15694141],[79.30979156,9.15836906],[79.30870819,9.15979767],[79.30799103,9.16104794],[79.30709076,9.16229725],[79.30619812,9.16372585],[79.30529785,9.16515446],[79.30422211,9.16586876],[79.30278015,9.16658306],[79.3015213,9.16729736],[79.29990387,9.16836834],[79.29864502,9.16854668],[79.29666901,9.16908264],[79.29505157,9.16908264],[79.29325867,9.16908264],[79.29145813,9.16926098],[79.2900238,9.16926098],[79.28804779,9.16872501],[79.28643036,9.16836834],[79.28445435,9.16783237],[79.28247833,9.16729736],[79.28103638,9.1667614],[79.27924347,9.16622543],[79.27744293,9.1660471],[79.27546692,9.1660471],[79.27403259,9.1660471],[79.27223206,9.16640377],[79.27079773,9.16783237],[79.27008057,9.16997528],[79.27025604,9.17140388],[79.27025604,9.1733675],[79.27043915,9.17551041],[79.27025604,9.17693806],[79.26935577,9.17818832],[79.26882172,9.1792593],[79.26737976,9.1806879],[79.26648712,9.18158054],[79.26451111,9.18229485],[79.26289368,9.18282986],[79.26199341,9.18336582],[79.26037598,9.18354416],[79.25875854,9.1837225],[79.25695801,9.18425846],[79.25480652,9.18425846],[79.2526474,9.18425846],[79.25031281,9.18425846],[79.24726105,9.18408012],[79.2460022,9.18425846],[79.24438477,9.18425846],[79.24240875,9.18479443],[79.2411499,9.1851511],[79.23989105,9.18711472],[79.23917389,9.18782902],[79.23881531,9.18925762],[79.23773193,9.19157887],[79.23683929,9.19264984],[79.23539734,9.19300652],[79.23342133,9.19354248],[79.23054504,9.19300652],[79.22856903,9.1924715],[79.22587585,9.19157887],[79.224617,9.1903286],[79.22335815,9.18907928],[79.2228241,9.18800735],[79.22192383,9.18675804],[79.22156525,9.18479443],[79.22156525,9.18354416],[79.22192383,9.18229485],[79.22245789,9.1806879],[79.22318268,9.17961693],[79.22354126,9.17836666],[79.22407532,9.17747402],[79.22425842,9.17658138],[79.22371674,9.17461681],[79.22264099,9.17390347],[79.22102356,9.1740818],[79.21922302,9.17426014],[79.2179718,9.1747961],[79.21671295,9.17586708],[79.21599579,9.17658138],[79.21473694,9.1778307],[79.21383667,9.17872334],[79.21276093,9.17961693],[79.21203613,9.18050957],[79.21114349,9.18086624],[79.2104187,9.18211651],[79.20988464,9.18300915],[79.20934296,9.18425846],[79.20934296,9.18550873],[79.20934296,9.18711472],[79.20970154,9.18836498],[79.21078491,9.19015026],[79.21078491,9.19193554],[79.21131897,9.19354248],[79.21131897,9.19497108],[79.21131897,9.1969347],[79.2104187,9.19907665],[79.20952606,9.20121956],[79.20880127,9.2021122],[79.20772552,9.20318317],[79.20772552,9.20496845],[79.20736694,9.20603943],[79.20790863,9.20782471],[79.20898438,9.20889568],[79.21078491,9.20996761],[79.21186066,9.21032429],[79.2129364,9.21032429],[79.2154541,9.20960999],[79.21707153,9.20960999],[79.21814728,9.20996761],[79.21904755,9.21014595],[79.22066498,9.21139526],[79.22174072,9.2122879],[79.22174072,9.21353722],[79.22192383,9.21514416],[79.22192383,9.2167511],[79.22192383,9.21835804],[79.22192383,9.21960735],[79.22192383,9.22121429],[79.22192383,9.22228527],[79.22371674,9.22317791],[79.224617,9.22371292],[79.22605133,9.22407055],[79.22803497,9.22389221],[79.22892761,9.22371292],[79.23018646,9.22353458],[79.23162842,9.22299957],[79.23270416,9.22299957],[79.23396301,9.22228527],[79.23558044,9.22157097],[79.23683929,9.22157097],[79.23881531,9.22210693],[79.24043274,9.22210693],[79.24186707,9.22246361],[79.24420166,9.22282124],[79.24564362,9.22299957],[79.24707794,9.22335625],[79.24887848,9.22353458],[79.25067139,9.22407055],[79.25247192,9.22407055],[79.25462341,9.22407055],[79.25659943,9.22389221],[79.25804138,9.22371292],[79.25911713,9.22317791],[79.26073456,9.22264194],[79.26216888,9.22246361],[79.26325226,9.22228527],[79.26451111,9.2219286],[79.26558685,9.2219286],[79.26774597,9.2219286],[79.26972198,9.2219286],[79.27133942,9.2219286],[79.27277374,9.2219286],[79.27493286,9.2219286],[79.27600861,9.2219286],[79.27780151,9.22246361],[79.27941895,9.22246361],[79.28211975,9.22299957],[79.28427124,9.22353458],[79.28553009,9.22353458],[79.28678894,9.22371292],[79.28840637,9.22371292],[79.29038239,9.22460556],[79.2925415,9.22496319],[79.29380035,9.22514153],[79.29559326,9.22514153],[79.2973938,9.22514153],[79.29864502,9.22514153],[79.29972839,9.22424889],[79.30080414,9.22299957],[79.30170441,9.2219286],[79.30206299,9.22103596],[79.30206299,9.21942902],[79.30187988,9.21835804],[79.30134583,9.21728706],[79.30134583,9.21568012],[79.30134583,9.21460915],[79.30206299,9.21353722],[79.30278015,9.2122879],[79.30439758,9.2115736],[79.30529785,9.21086025],[79.30727386,9.21014595],[79.30870819,9.20943165],[79.31032562,9.20889568],[79.31176758,9.20818233],[79.3132019,9.20746803],[79.31500244,9.20639706],[79.31607819,9.20568275],[79.31751251,9.20461178],[79.31895447,9.20371914],[79.32074738,9.20300484],[79.32326508,9.20157623],[79.32452393,9.20086193],[79.32595825,9.19943428],[79.32757568,9.19871998],[79.3297348,9.19746971],[79.33152771,9.19639874],[79.33296967,9.19497108],[79.3345871,9.19354248],[79.33656311,9.19282818],[79.33746338,9.19211388],[79.33872223,9.1910429],[79.34015656,9.19015026],[79.34177399,9.18872166],[79.34303284,9.18818665],[79.34393311,9.18747234],[79.34662628,9.18497276],[79.34770203,9.1844368],[79.34877777,9.18354416],[79.34967804,9.18300915],[79.35093689,9.18193722],[79.35183716,9.18104458],[79.35255432,9.1799736],[79.35435486,9.17890263],[79.35560608,9.17765236],[79.35686493,9.17640305],[79.3579483,9.17604542],[79.35938263,9.1747961],[79.36045837,9.17372417],[79.36171722,9.17247486],[79.36261749,9.17104626],[79.36369324,9.16979694],[79.36423492,9.16765404],[79.36405182,9.16551113],[79.36387634,9.16444016],[79.36333466,9.16336918],[79.36261749,9.16247654],[79.36171722,9.16176224],[79.36045837,9.16122627],[79.35830688,9.1601553],[79.35704803,9.15979767],[79.35417175,9.15944099],[79.35201263,9.15926266],[79.34986115,9.15926266],[79.34877777,9.15926266],[79.34555054,9.16033363],[79.34284973,9.16122627],[79.34087372,9.16229725],[79.33908081,9.16301155],[79.33763885,9.16372585],[79.33584595,9.16444016],[79.33386993,9.16479683],[79.33189392,9.16515446],[79.33009338,9.16515446],[79.32830048,9.16461849],[79.3272171,9.16336918],[79.3272171,9.16140461],[79.32685852,9.15944099],[79.32704163,9.15801239],[79.3272171,9.15694141],[79.32740021,9.15551281],[79.32811737,9.15390587],[79.32847595,9.15283394],[79.32865906,9.151227],[79.32919312,9.15033436],[79.3295517,9.14908504],[79.3295517,9.1467638],[79.3297348,9.14551353],[79.33027649,9.14319229],[79.33099365,9.14212036],[79.33351135,9.14122772],[79.3371048,9.14087105],[79.33835602,9.14069271],[79.33997345,9.14033508],[79.34194946,9.13962078],[79.34555054,9.13926411],[79.34734344,9.1385498],[79.34896088,9.1378355],[79.35076141,9.13729954],[79.35219574,9.1364069],[79.35345459,9.1356926],[79.35435486,9.13462162],[79.35597229,9.13301373],[79.35686493,9.13212109],[79.35740662,9.13051414],[79.35812378,9.12962151],[79.35812378,9.12837124],[79.35866547,9.12694263],[79.35902405,9.12605],[79.35974121,9.12426472],[79.36045837,9.12301445],[79.36100006,9.12194252]]]},"source_id":"incois_wfs","acquired_at":"2026-08-31T18:05:40.682931+00:00"},{"type":"Feature","feature_key":"d76670d936bed947","properties":{"FNODE_":1648,"TNODE_":1648,"LPOLY_":436,"RPOLY_":1,"LENGTH":0.0523856,"BATHMETRY_":1436,"BATHMETRY1":10,"BATHMETR_1":10,"BATHYLABEL":""},"geometry":{"type":"MultiLineString","coordinates":[[[79.28017426,9.11890697],[79.28053284,9.12051582],[79.27981567,9.12230206],[79.27855682,9.12569427],[79.27855682,9.12694454],[79.27873993,9.12801552],[79.27928162,9.12926579],[79.2796402,9.13069439],[79.27945709,9.13265896],[79.27819824,9.13390827],[79.27676392,9.1342659],[79.27532196,9.1342659],[79.27334595,9.1328373],[79.27281189,9.13069439],[79.27245331,9.12855148],[79.27172852,9.1267662],[79.27029419,9.12497997],[79.26885986,9.12426567],[79.26777649,9.12283707],[79.26741791,9.12105179],[79.26795959,9.11962318],[79.26849365,9.11837292],[79.26993561,9.11730194],[79.27191162,9.11658764],[79.27388763,9.11587334],[79.27568817,9.115695],[79.27729797,9.11551571],[79.27873993,9.11623001],[79.2796402,9.1171236],[79.28017426,9.11819458],[79.28017426,9.11890697]]]},"source_id":"incois_wfs","acquired_at":"2026-08-31T18:05:40.682931+00:00"},{"type":"Feature","feature_key":"fd9f4388e10f1c81","properties":{"FNODE_":1639,"TNODE_":1632,"LPOLY_":1,"RPOLY_":1,"LENGTH":0.415563,"BATHMETRY_":1437,"BATHMETRY1":10,"BATHMETR_1":10,"BATHYLABEL":""},"geometry":{"type":"MultiLineString","coordinates":[[[78.66512299,9.14640141],[78.6657486,9.14573574],[78.66641998,9.14512253],[78.66702271,9.14447689],[78.66741943,9.14368534],[78.66775513,9.14284992],[78.66821289,9.14208221],[78.66866302,9.14130592],[78.66903687,9.14048672],[78.66929626,9.13963413],[78.66950226,9.13876534],[78.66977692,9.13791084],[78.67003632,9.13705826],[78.67016602,9.1361742],[78.67022705,9.1352787],[78.67047119,9.1344347],[78.67086792,9.13362694],[78.67124939,9.13281059],[78.67155457,9.13196659],[78.67179108,9.13110161],[78.67194366,9.13022327],[78.67205048,9.12933636],[78.67216492,9.12844944],[78.67235565,9.12757587],[78.6726532,9.12673378],[78.67303467,9.12592506],[78.67346191,9.12513447],[78.67385101,9.12433147],[78.67415619,9.12348843],[78.67450714,9.12267017],[78.67501831,9.12193775],[78.67562866,9.12127018],[78.6762619,9.12064362],[78.6769104,9.12002468],[78.67753601,9.11938572],[78.6781311,9.11871052],[78.67875671,9.11804771],[78.67943573,9.11748505],[78.68022919,9.11706924],[78.68105316,9.11671638],[78.68187714,9.11636353],[78.68271637,9.11601925],[78.68357086,9.11573887],[78.68444824,9.11557865],[78.68534851,9.11550522],[78.68624878,9.11547375],[78.68714905,9.11551189],[78.68804169,9.11565399],[78.68890381,9.11592674],[78.68969727,9.11634827],[78.69042206,9.11687756],[78.69116974,9.11736393],[78.69197845,9.11774349],[78.69284058,9.11804485],[78.69372559,9.11831951],[78.69454193,9.11867142],[78.69524384,9.11921215],[78.69585419,9.11987305],[78.69654083,9.12042713],[78.69734955,9.12082005],[78.69818878,9.12117195],[78.69898987,9.1215868],[78.69975281,9.12206364],[78.70049286,9.12255859],[78.70126343,9.12303352],[78.70201111,9.12351131],[78.70274353,9.12403584],[78.70341492,9.12463665],[78.70407104,9.12524319],[78.70478821,9.12575626],[78.70558929,9.12618351],[78.70641327,9.12662888],[78.70710754,9.12719917],[78.70750427,9.12798023],[78.70790863,9.12877464],[78.70861053,9.12935925],[78.70951843,9.12967205],[78.71050262,9.12977695],[78.71134949,9.12997341],[78.71186066,9.13055801],[78.71217346,9.13143539],[78.71266174,9.13221169],[78.71338654,9.13275242],[78.71422577,9.1331234],[78.71508789,9.13338661],[78.71595001,9.13361645],[78.71679688,9.13394165],[78.71764374,9.13417912],[78.71856689,9.134161],[78.71944427,9.13395882],[78.72028351,9.13362694],[78.72107697,9.13322067],[78.72188568,9.13283539],[78.72267914,9.13240623],[78.72341919,9.13187981],[78.72425079,9.13163376],[78.72516632,9.13155556],[78.72602844,9.13130188],[78.72674561,9.13077068],[78.72747803,9.13025761],[78.728302,9.12988663],[78.72911072,9.12949657],[78.72986603,9.12900639],[78.73055267,9.12842846],[78.73126221,9.12788677],[78.73202515,9.12741375],[78.73279572,9.12695599],[78.73352814,9.12644863],[78.73422241,9.12587357],[78.73490906,9.12528896],[78.73558807,9.12471008],[78.73627472,9.12413025],[78.73703003,9.12365532],[78.73782349,9.12324238],[78.73853302,9.12268543],[78.73908997,9.12188625],[78.73969269,9.12127304],[78.74057007,9.12123871],[78.74141693,9.12108135],[78.74212646,9.12049103],[78.74291992,9.12007713],[78.74378204,9.11979771],[78.74453735,9.11932564],[78.7452774,9.11878777],[78.74607086,9.11835957],[78.74693298,9.11815739],[78.74784088,9.118186],[78.74872589,9.11831188],[78.74960327,9.11849976],[78.75047302,9.11874676],[78.75131226,9.11911011],[78.7518692,9.11978912],[78.752388,9.12051392],[78.75312042,9.12104988],[78.75377655,9.1216526],[78.7543869,9.12230873],[78.75504303,9.12293339],[78.7556839,9.12355804],[78.7561264,9.12432194],[78.75653076,9.12512684],[78.75702667,9.12587452],[78.75752258,9.12661743],[78.75792694,9.12740898],[78.75823975,9.12825203],[78.75849152,9.12911606],[78.75878143,9.12996101],[78.75920868,9.13074112],[78.7596817,9.13149929],[78.76011658,9.13228226],[78.76052856,9.13308144],[78.76106262,9.13379288],[78.76171875,9.13440037],[78.76233673,9.13505173],[78.76284027,9.13580513],[78.76344299,9.13644409],[78.7641983,9.13693714],[78.76483917,9.1375494],[78.76538849,9.13826084],[78.7660141,9.1389122],[78.76667786,9.13951302],[78.7673645,9.14008141],[78.76812744,9.14056492],[78.76893616,9.14096165],[78.76969147,9.14144135],[78.77031708,9.14209747],[78.77100372,9.14264297],[78.77185059,9.14296532],[78.77269745,9.14328766],[78.77353668,9.14358139],[78.77441406,9.14377499],[78.77529144,9.14396858],[78.77615356,9.14422512],[78.77700806,9.1444931],[78.77787781,9.14472866],[78.77874756,9.14492893],[78.77963257,9.14510441],[78.78049469,9.14536095],[78.78131866,9.1457386],[78.78216553,9.14594841],[78.78307343,9.14592838],[78.78398132,9.14587021],[78.78487396,9.14593601],[78.7857666,9.14606762],[78.78665924,9.14618397],[78.78754425,9.14629364],[78.78843689,9.14642334],[78.7893219,9.14657879],[78.79021454,9.14671612],[78.79110718,9.14678574],[78.79199982,9.14678097],[78.79290771,9.14674473],[78.79380798,9.14673424],[78.79470062,9.14682102],[78.795578,9.14699459],[78.79647064,9.1471529],[78.79738617,9.1472044],[78.79827881,9.14709473],[78.79912567,9.14677334],[78.79993439,9.14636612],[78.80078888,9.14618874],[78.80170441,9.14625072],[78.80259705,9.14621449],[78.80340576,9.14585876],[78.80419159,9.14539909],[78.80503845,9.14508438],[78.80590057,9.14482498],[78.80674744,9.14450932],[78.80755615,9.14412022],[78.80831909,9.1436491],[78.80906677,9.14315319],[78.80983734,9.1427145],[78.81063843,9.14228916],[78.81145477,9.14187908],[78.81231689,9.14174461],[78.81322479,9.14174557],[78.8141098,9.14156246],[78.81498718,9.14132977],[78.81585693,9.14122295],[78.81673431,9.14132118],[78.81762695,9.14150047],[78.81855011,9.14161873],[78.81946564,9.14167976],[78.82032776,9.14186573],[78.82106781,9.14233971],[78.82173157,9.1429882],[78.82243347,9.14355755],[78.82328796,9.14380646],[78.82409668,9.1441164],[78.82476044,9.14474964],[78.82548523,9.14529419],[78.82620239,9.14581966],[78.82678223,9.14652252],[78.82738495,9.14715385],[78.82824707,9.1473999],[78.82910919,9.14767551],[78.82991791,9.14807224],[78.83075714,9.14836311],[78.83158112,9.14871883],[78.83230591,9.14926052],[78.83308411,9.14968967],[78.8339386,9.14996147],[78.8347168,9.15042782],[78.83555603,9.15067959],[78.83647156,9.15069199],[78.83737946,9.15068817],[78.83827209,9.15069294],[78.83917236,9.15067768],[78.840065,9.15058899],[78.84094238,9.15037155],[78.84178162,9.15007019],[78.84264374,9.14980316],[78.84346771,9.14945221],[78.8441925,9.14892578],[78.844841,9.14830303],[78.84536743,9.14758682],[78.84585571,9.1468277],[78.84638214,9.14610863],[78.84697723,9.14544106],[78.84757996,9.14478207],[78.84812927,9.14406395],[78.84870148,9.14337921],[78.84951019,9.14304352],[78.85045624,9.14301014],[78.85137177,9.1431551],[78.85219574,9.14348412],[78.85290527,9.14403057],[78.85345459,9.14474297],[78.85385895,9.14554405],[78.85422516,9.14635849],[78.85458374,9.1471796],[78.85487366,9.1480217],[78.85506439,9.14889336],[78.85520172,9.14977932],[78.85535431,9.15065956],[78.85561371,9.15151596],[78.85587311,9.1523695],[78.85603333,9.15324306],[78.85618591,9.15413475],[78.85652924,9.15495014],[78.85710907,9.15563869],[78.85768127,9.15633106],[78.85825348,9.15702152],[78.85895538,9.15758514],[78.85971832,9.15805817],[78.86021423,9.15879345],[78.86078644,9.15945339],[78.86156464,9.15992641],[78.86231232,9.16044903],[78.86310577,9.16082573],[78.86399078,9.16097736],[78.86489105,9.16111565],[78.86578369,9.16122627],[78.86669159,9.16119576],[78.86746979,9.16157627],[78.86821747,9.16210556],[78.86907959,9.16238785],[78.86997986,9.16249371],[78.8708725,9.16250992],[78.87177277,9.16248798],[78.87267303,9.16247082],[78.8735733,9.16247368],[78.87446594,9.16247749],[78.87536621,9.16247749],[78.87626648,9.16247272],[78.87716675,9.16247368],[78.87806702,9.16248417],[78.87895966,9.16248894],[78.87985992,9.16245365],[78.88076019,9.16238213],[78.8816452,9.16231251],[78.88254547,9.1622839],[78.88344574,9.16228962],[78.88434601,9.16230202],[78.88523865,9.16230583],[78.88613892,9.16230297],[78.88703918,9.16229439],[78.88793945,9.16228867],[78.88883209,9.16228676],[78.88973236,9.16229439],[78.89063263,9.16231728],[78.8915329,9.16235065],[78.89243317,9.1623888],[78.89332581,9.16242599],[78.89422607,9.16245747],[78.89512634,9.16247749],[78.89602661,9.16248131],[78.89691925,9.16247749],[78.89781952,9.16247654],[78.89871979,9.16247749],[78.89962006,9.16247749],[78.9005127,9.16246414],[78.90141296,9.16244698],[78.90231323,9.16243553],[78.9032135,9.16244221],[78.90410614,9.16248035],[78.90500641,9.16254902],[78.90589905,9.16262913],[78.90679169,9.16269112],[78.90769958,9.16270733],[78.90859222,9.16264915],[78.90948486,9.1625042],[78.91035461,9.16231251],[78.91123199,9.16211987],[78.91212463,9.16196346],[78.91300201,9.16182518],[78.91389465,9.16167259],[78.91477203,9.16147327],[78.91562653,9.16119862],[78.91646576,9.16086674],[78.91731262,9.16060066],[78.91817474,9.16033745],[78.91899872,9.15995979],[78.91976929,9.15946007],[78.92059326,9.15921497],[78.92150116,9.15926361],[78.9223938,9.15916157],[78.92325592,9.15891075],[78.92414093,9.15878773],[78.9250412,9.15872955],[78.92594147,9.15862083],[78.92683411,9.15851879],[78.92772675,9.15846062],[78.92861938,9.15837669],[78.92950439,9.15821457],[78.93039703,9.15805531],[78.93128967,9.15800858],[78.93217468,9.15810585],[78.93306732,9.15829182],[78.9339447,9.15848255],[78.93483734,9.15856743],[78.93573761,9.15855217],[78.93663025,9.15856647],[78.93753052,9.15866089],[78.93842316,9.15878868],[78.93930817,9.15889359],[78.94020081,9.15893173],[78.9411087,9.15891933],[78.94200134,9.1588974],[78.94290924,9.15891075],[78.94380188,9.15901375],[78.944664,9.15924835],[78.94551086,9.15956116],[78.94637299,9.1598177],[78.947258,9.15993977],[78.94815826,9.15998745],[78.94905853,9.16005039],[78.94993591,9.16021729],[78.95079041,9.16050148],[78.9516449,9.16079903],[78.95249939,9.16106415],[78.95334625,9.16135597],[78.9541626,9.16172695],[78.95496368,9.16214085],[78.9557724,9.16253376],[78.95661163,9.1628685],[78.95747375,9.16313362],[78.95835876,9.1633215],[78.95924377,9.1634264],[78.96013641,9.16352177],[78.96100616,9.16372108],[78.96186829,9.16400337],[78.96272278,9.16429424],[78.9635849,9.16453362],[78.96447754,9.16466045],[78.96537018,9.16470337],[78.96627045,9.16477585],[78.9671402,9.1649704],[78.96801758,9.16520786],[78.96890259,9.16534328],[78.96981049,9.16531467],[78.97071838,9.16526508],[78.97158813,9.16536999],[78.97240448,9.16570759],[78.9732132,9.16613102],[78.97405243,9.16647911],[78.97491455,9.1667223],[78.97579193,9.16689205],[78.9766922,9.16702366],[78.97759247,9.16715145],[78.97846985,9.16730499],[78.97935486,9.1675024],[78.98021698,9.1677618],[78.98106384,9.16806602],[78.98191071,9.16835117],[78.98278809,9.16855145],[78.9836731,9.16862774],[78.98458099,9.1686554],[78.98547363,9.16872883],[78.98635864,9.16890907],[78.98723602,9.16912556],[78.9881134,9.16927624],[78.98901367,9.16930771],[78.98990631,9.16927528],[78.99080658,9.16925335],[78.99170685,9.16925812],[78.99260712,9.16926289],[78.99349976,9.16926193],[78.99440002,9.16926098],[78.99530029,9.1692667],[78.99620056,9.16926861],[78.99710083,9.16925716],[78.99799347,9.16924381],[78.99889374,9.16928673],[78.99978638,9.16939354],[79.00067902,9.16948128],[79.00157928,9.16953564],[79.00247955,9.16959667],[79.00336456,9.16969776],[79.0042572,9.16979313],[79.0051651,9.16982079],[79.00606537,9.16988659],[79.00691986,9.1701355],[79.00770569,9.1705637],[79.00846863,9.17104149],[79.00923157,9.17151165],[79.01002502,9.17195797],[79.01084137,9.17232609],[79.01170349,9.17255211],[79.01330566,9.1726532],[79.01509857,9.1726532],[79.016716,9.17283154]]]},"source_id":"incois_wfs","acquired_at":"2026-08-31T18:05:40.682931+00:00"},{"type":"Feature","feature_key":"f38adfcf390286c4","properties":{"FNODE_":1650,"TNODE_":1650,"LPOLY_":437,"RPOLY_":1,"LENGTH":0.0282918,"BATHMETRY_":1439,"BATHMETRY1":10,"BATHMETR_1":10,"BATHYLABEL":""},"geometry":{"type":"MultiLineString","coordinates":[[[79.43238831,9.11657333],[79.42985535,9.1142664],[79.42931366,9.11230183],[79.43003845,9.11015892],[79.43093109,9.10855198],[79.43309021,9.10783768],[79.43596649,9.10801601],[79.43758392,9.10962296],[79.43811798,9.11158752],[79.43848419,9.11319447],[79.43740082,9.11515903],[79.43596649,9.11605167],[79.43452454,9.11658764],[79.43238831,9.11657333]]]},"source_id":"incois_wfs","acquired_at":"2026-08-31T18:05:40.682931+00:00"},{"type":"Feature","feature_key":"940129de8842d192","properties":{"FNODE_":1653,"TNODE_":1653,"LPOLY_":438,"RPOLY_":1,"LENGTH":0.0274166,"BATHMETRY_":1440,"BATHMETRY1":10,"BATHMETR_1":10,"BATHYLABEL":""},"geometry":{"type":"MultiLineString","coordinates":[[[79.30981445,9.10925388],[79.31054688,9.11105156],[79.30982208,9.1133728],[79.30838776,9.1149807],[79.30695343,9.11587334],[79.30569458,9.11605167],[79.30353546,9.11533737],[79.30191803,9.1133728],[79.30191803,9.11140919],[79.30227661,9.11015892],[79.30263519,9.10890865],[79.30407715,9.10801601],[79.30605316,9.10730171],[79.30784607,9.10730171],[79.30928802,9.10801601],[79.30981445,9.10925388]]]},"source_id":"incois_wfs","acquired_at":"2026-08-31T18:05:40.682931+00:00"},{"type":"Feature","feature_key":"93a48fbe0e0810e4","properties":{"FNODE_":1656,"TNODE_":1656,"LPOLY_":1,"RPOLY_":439,"LENGTH":0.0568223,"BATHMETRY_":1442,"BATHMETRY1":9,"BATHMETR_1":0,"BATHYLABEL":""},"geometry":{"type":"MultiLineString","coordinates":[[[78.66157532,9.09390831],[78.66103363,9.09730053],[78.66014099,9.09962273],[78.65905762,9.10212231],[78.65905762,9.1044445],[78.66031647,9.10605145],[78.662117,9.10730171],[78.66409302,9.10783768],[78.66606903,9.10801601],[78.66804504,9.10694408],[78.66930389,9.10551548],[78.67037964,9.10337257],[78.67145538,9.10122967],[78.67199707,9.09801579],[78.67235565,9.09408665],[78.67253876,9.09105015],[78.67199707,9.09051514],[78.6710968,9.08819294],[78.66966248,9.08694267],[78.66858673,9.086586],[78.66750336,9.08622837],[78.66571045,9.08622837],[78.66426849,9.08712196],[78.66319275,9.08819294],[78.66283417,9.08980083],[78.66229248,9.09105015],[78.6619339,9.09230042],[78.66175842,9.09301472],[78.66157532,9.09390831]]]},"source_id":"incois_wfs","acquired_at":"2026-08-31T18:05:40.682931+00:00"},{"type":"Feature","feature_key":"89f7fe41732128b5","properties":{"FNODE_":1659,"TNODE_":1659,"LPOLY_":440,"RPOLY_":1,"LENGTH":0.0371022,"BATHMETRY_":1444,"BATHMETRY1":20,"BATHMETR_1":20,"BATHYLABEL":""},"geometry":{"type":"MultiLineString","coordinates":[[[79.13188171,9.0697279],[79.13225555,9.07077408],[79.13225555,9.07202435],[79.13153839,9.07327366],[79.13082123,9.07398891],[79.13010406,9.07470322],[79.12884521,9.07541752],[79.12651062,9.07613182],[79.1243515,9.07559586],[79.12273407,9.07488155],[79.12111664,9.07345295],[79.12057495,9.07148838],[79.12039948,9.06916618],[79.12165833,9.06720161],[79.12291718,9.06577301],[79.1243515,9.06470108],[79.12578583,9.06434441],[79.12722778,9.06434441],[79.12848663,9.06434441],[79.12937927,9.06488037],[79.13046265,9.06613064],[79.13136292,9.06755924],[79.13189697,9.06880951],[79.13188171,9.0697279]]]},"source_id":"incois_wfs","acquired_at":"2026-08-31T18:05:40.682931+00:00"},{"type":"Feature","feature_key":"5f048a58075a0bc9","properties":{"FNODE_":1658,"TNODE_":1658,"LPOLY_":441,"RPOLY_":1,"LENGTH":0.0589235,"BATHMETRY_":1445,"BATHMETRY1":3,"BATHMETR_1":0,"BATHYLABEL":""},"geometry":{"type":"MultiLineString","coordinates":[[[78.42240906,9.07104874],[78.42025757,9.06908417],[78.41989899,9.06747627],[78.41989899,9.06604767],[78.42151642,9.06443977],[78.42313385,9.0633688],[78.42582703,9.06301117],[78.4285202,9.06301117],[78.43049622,9.06301117],[78.43229675,9.06319046],[78.43283081,9.06390476],[78.43570709,9.06461906],[78.43822479,9.06461906],[78.44145966,9.06461906],[78.44325256,9.06461906],[78.44415283,9.06515503],[78.44487,9.06694031],[78.44469452,9.06890488],[78.44289398,9.07015514],[78.44055939,9.07104874],[78.43822479,9.07158375],[78.43391418,9.07229805],[78.43067932,9.07229805],[78.42834473,9.07229805],[78.4260025,9.07229805],[78.42385101,9.07158375],[78.42240906,9.07104874]]]},"source_id":"incois_wfs","acquired_at":"2026-08-31T18:05:40.682931+00:00"},{"type":"Feature","feature_key":"f69478434df86453","properties":{"FNODE_":1660,"TNODE_":1660,"LPOLY_":442,"RPOLY_":1,"LENGTH":0.0362478,"BATHMETRY_":1447,"BATHMETRY1":10,"BATHMETR_1":10,"BATHYLABEL":""},"geometry":{"type":"MultiLineString","coordinates":[[[79.38967896,9.05461693],[79.3914032,9.0558672],[79.39302063,9.05747509],[79.39427948,9.05926037],[79.39481354,9.0610466],[79.39445496,9.06301117],[79.39283752,9.0640831],[79.39032745,9.06515503],[79.38780975,9.06533337],[79.38493347,9.0647974],[79.38331604,9.06319046],[79.38277435,9.06122494],[79.38241577,9.05997562],[79.38295746,9.05765343],[79.384758,9.0558672],[79.38637543,9.05533123],[79.38835144,9.05461693],[79.38967896,9.05461693]]]},"source_id":"incois_wfs","acquired_at":"2026-08-31T18:05:40.682931+00:00"},{"type":"Feature","feature_key":"6cd28053ff5d9250","properties":{"FNODE_":1663,"TNODE_":1661,"LPOLY_":1,"RPOLY_":1,"LENGTH":0.0268634,"BATHMETRY_":1448,"BATHMETRY1":20,"BATHMETR_1":20,"BATHYLABEL":""},"geometry":{"type":"MultiLineString","coordinates":[[[79.17861938,9.03415966],[79.18023682,9.03612423],[79.18221283,9.03844643],[79.1831131,9.04058933],[79.18328857,9.04291153],[79.18238831,9.04505444],[79.18131256,9.04648399],[79.17951202,9.0479126],[79.17736053,9.0486269],[79.17502594,9.04898453],[79.17250824,9.04916286],[79.1707077,9.04916286],[79.16945648,9.04916286]]]},"source_id":"incois_wfs","acquired_at":"2026-08-31T18:05:40.682931+00:00"},{"type":"Feature","feature_key":"607d198c06acc76a","properties":{"FNODE_":1662,"TNODE_":1662,"LPOLY_":1,"RPOLY_":443,"LENGTH":0.168109,"BATHMETRY_":1450,"BATHMETRY1":20,"BATHMETR_1":20,"BATHYLABEL":""},"geometry":{"type":"MultiLineString","coordinates":[[[79.20251465,9.04451942],[79.20287323,9.04684067],[79.2037735,9.04952049],[79.20557404,9.05148506],[79.20755005,9.05291367],[79.21131897,9.05416393],[79.2154541,9.05416393],[79.22012329,9.05362797],[79.22551727,9.05273533],[79.23036957,9.05130577],[79.23719788,9.0493412],[79.2436676,9.04666233],[79.2526474,9.04398346],[79.25839996,9.04219723],[79.26342773,9.03898239],[79.26504517,9.03558826],[79.26612854,9.03148079],[79.26594543,9.02772903],[79.26522827,9.02487183],[79.26396942,9.022192],[79.26289368,9.02058506],[79.26019287,9.01933384],[79.25659943,9.01808357],[79.25336456,9.01719093],[79.24977112,9.01594067],[79.2434845,9.01433277],[79.24043274,9.01433277],[79.23647308,9.0146904],[79.23162842,9.01522636],[79.22821045,9.01683331],[79.22407532,9.0191555],[79.22012329,9.02183533],[79.21724701,9.02362156],[79.21401215,9.02505016],[79.21150208,9.0268364],[79.20862579,9.02719307],[79.2062912,9.0275507],[79.20503235,9.02772903],[79.20449066,9.02969456],[79.20413208,9.03165913],[79.20287323,9.0350523],[79.20269775,9.03844643],[79.20197296,9.04130363],[79.20251465,9.04451942]]]},"source_id":"incois_wfs","acquired_at":"2026-08-31T18:05:40.682931+00:00"},{"type":"Feature","feature_key":"bffb1212bc6cc6f7","properties":{"FNODE_":1670,"TNODE_":1639,"LPOLY_":1,"RPOLY_":1,"LENGTH":0.44764,"BATHMETRY_":1453,"BATHMETRY1":10,"BATHMETR_1":10,"BATHYLABEL":""},"geometry":{"type":"MultiLineString","coordinates":[[[78.38728333,8.98528862],[78.38798523,8.98475838],[78.38864136,8.98414421],[78.3891983,8.9834404],[78.38982391,8.98281384],[78.39058685,8.98234177],[78.3913269,8.98182869],[78.39195251,8.98119068],[78.39264679,8.98062038],[78.39340973,8.98013973],[78.39419556,8.97970772],[78.39496613,8.97925663],[78.39569855,8.97874546],[78.39650726,8.97833633],[78.3973999,8.97816277],[78.39829254,8.97824383],[78.39918518,8.97834206],[78.40010071,8.97829437],[78.40087891,8.97863674],[78.40153503,8.97929859],[78.4022522,8.97985268],[78.40300751,8.98032379],[78.40376282,8.98082256],[78.40439606,8.98144627],[78.4048233,8.98222923],[78.40518188,8.98305893],[78.40559387,8.98385715],[78.40599823,8.98464775],[78.40634918,8.985466],[78.4066391,8.98631382],[78.40687561,8.98717594],[78.40711975,8.98803806],[78.40735626,8.98889923],[78.40758514,8.98976231],[78.40778351,8.99063206],[78.40796661,8.99150848],[78.40814209,8.99238396],[78.4083252,8.99325657],[78.40848541,8.99413681],[78.40859985,8.99502945],[78.40879059,8.99590015],[78.40914917,8.99671364],[78.4095993,8.99749088],[78.41000366,8.99828815],[78.41027069,8.99916363],[78.4106369,8.99996281],[78.41132355,9.00052929],[78.41203308,9.001091],[78.41268921,9.00169563],[78.41342163,9.00222969],[78.41423798,9.00258732],[78.41511536,9.00275898],[78.41602325,9.00284672],[78.41692352,9.00285912],[78.41779327,9.00268841],[78.41864014,9.00237656],[78.41949463,9.00207615],[78.42034912,9.00178719],[78.42116547,9.00142288],[78.42196655,9.00102425],[78.42281342,9.00074959],[78.4236908,9.00051403],[78.42453003,9.00019455],[78.42532349,8.99978065],[78.42608643,8.99930763],[78.42685699,8.99885273],[78.42769623,8.9985075],[78.42854309,8.99820328],[78.42931366,8.99775696],[78.43006897,8.99726772],[78.43092346,8.99702263],[78.43183136,8.99689674],[78.43270874,8.99671555],[78.4335556,8.99642086],[78.43434906,8.99601173],[78.43518829,8.99569511],[78.43608093,8.99552917],[78.43696594,8.99539661],[78.43786621,8.99528599],[78.43876648,8.99529934],[78.43962097,8.99555588],[78.44046783,8.99585724],[78.44130707,8.99617958],[78.44207001,8.9966507],[78.4427948,8.99717903],[78.44346619,8.99777508],[78.44394684,8.99854279],[78.44412231,8.99940968],[78.44406128,9.0003109],[78.44404602,9.00120735],[78.44406128,9.00209808],[78.44406128,9.00299072],[78.44405365,9.00388527],[78.44404602,9.00477982],[78.44405365,9.0056715],[78.44408417,9.00655746],[78.44407654,9.00745201],[78.44400024,9.00836468],[78.44398499,9.00926208],[78.4442749,9.01008034],[78.44475555,9.01084709],[78.44511414,9.01165771],[78.44532776,9.0125351],[78.4457016,9.01336384],[78.44641113,9.01388836],[78.44717407,9.0143671],[78.44778442,9.01501846],[78.44830322,9.01576614],[78.44881439,9.01652622],[78.44937134,9.0172224],[78.45005798,9.01778221],[78.45085144,9.01821136],[78.45168304,9.01856804],[78.45249176,9.01895046],[78.45318604,9.01954651],[78.45346069,9.02038765],[78.45368958,9.02122974],[78.45432281,9.02189445],[78.45461273,9.0226717],[78.45451355,9.02360249],[78.45445251,9.02454758],[78.45440674,9.02543545],[78.45410919,9.02623749],[78.45362091,9.02700806],[78.45336151,9.02785397],[78.45316315,9.02873325],[78.45278931,9.02954197],[78.45224762,9.03027153],[78.45201874,9.03111649],[78.45175171,9.03197193],[78.45136261,9.03277779],[78.45104218,9.03361225],[78.45085907,9.03448296],[78.45075226,9.03537273],[78.45061493,9.0362606],[78.45052338,9.03714657],[78.45053101,9.03804207],[78.45048523,9.03892899],[78.4503479,9.039814],[78.45023346,9.04071903],[78.45027161,9.04161263],[78.45053864,9.04245186],[78.45093536,9.04325962],[78.45126343,9.04409218],[78.45153046,9.04494572],[78.45186615,9.04577351],[78.45222473,9.04659271],[78.45256042,9.04742146],[78.45298767,9.04820919],[78.45355225,9.04890156],[78.45427704,9.04945946],[78.45491028,9.05007362],[78.45529175,9.05088425],[78.45583344,9.05159664],[78.45658875,9.05211163],[78.45744324,9.05245113],[78.45829773,9.0527153],[78.45911407,9.05305862],[78.45991516,9.05348969],[78.46073914,9.05390453],[78.461586,9.05419445],[78.46246338,9.05425453],[78.46335602,9.05410385],[78.4642334,9.05385876],[78.46502686,9.05345821],[78.4657135,9.05288887],[78.4664917,9.05235577],[78.46707153,9.05172062],[78.4672699,9.0508461],[78.46760559,9.05003357],[78.46822357,9.04937077],[78.46866608,9.0486002],[78.46907043,9.04779053],[78.46942902,9.04698372],[78.46954346,9.04609966],[78.46963501,9.04520226],[78.46984863,9.04433346],[78.47013855,9.04349136],[78.47036743,9.04262257],[78.47053528,9.04173851],[78.47090149,9.04094505],[78.4713974,9.04016876],[78.47197723,9.03949356],[78.47283173,9.03921318],[78.47354889,9.03871441],[78.47424316,9.03815174],[78.47515106,9.0379982],[78.47605133,9.03810883],[78.47693634,9.03830051],[78.47782898,9.03855228],[78.47860718,9.03897095],[78.47920227,9.03962708],[78.47975159,9.04034138],[78.48034668,9.04101086],[78.48092651,9.0416975],[78.48142242,9.04244518],[78.48179626,9.04326057],[78.4822464,9.04402542],[78.48281097,9.04471588],[78.4832077,9.04553032],[78.48365021,9.0462923],[78.48435211,9.0468502],[78.48497772,9.04749489],[78.48556519,9.04816437],[78.48634338,9.04860401],[78.48719025,9.04893112],[78.48800659,9.04930782],[78.48884583,9.04962444],[78.48973083,9.0496645],[78.49064636,9.04960251],[78.49154663,9.04959869],[78.4924469,9.04961491],[78.49333191,9.0496006],[78.49423981,9.04960537],[78.49513245,9.04971123],[78.49601746,9.04980469],[78.49691772,9.04977512],[78.49781799,9.0496645],[78.49871063,9.04953098],[78.49959564,9.04943562],[78.50049591,9.0494175],[78.50139618,9.04943275],[78.50228882,9.04942894],[78.50318909,9.04944801],[78.50408936,9.04953766],[78.50498199,9.04961109],[78.50588226,9.04958916],[78.50678253,9.04959393],[78.50765228,9.04978561],[78.50852966,9.04999352],[78.5094223,9.05001736],[78.51032257,9.04996395],[78.51122284,9.04998684],[78.51210022,9.05018139],[78.51294708,9.05050945],[78.51380157,9.05081081],[78.51469421,9.05085754],[78.51559448,9.05081177],[78.51643372,9.05108261],[78.5172348,9.05149555],[78.51810455,9.05169487],[78.51901245,9.05174351],[78.51992798,9.05175972],[78.52083588,9.05182457],[78.52172852,9.05190468],[78.52261353,9.05194664],[78.52351379,9.05194378],[78.52441406,9.0519371],[78.5253067,9.05193901],[78.5262146,9.05188847],[78.52709961,9.05170536],[78.52791595,9.05132389],[78.52871704,9.05091476],[78.52958679,9.05076122],[78.53049469,9.05068588],[78.53134918,9.05043602],[78.53224945,9.05025005],[78.53314209,9.05011749],[78.53390503,9.04971981],[78.53456116,9.04909325],[78.53530121,9.04858303],[78.53607941,9.0481205],[78.53686523,9.04768372],[78.53773499,9.04748821],[78.53862762,9.04734325],[78.53952026,9.04721355],[78.54042816,9.047225],[78.54125977,9.04753304],[78.54196167,9.04811954],[78.5424881,9.04885674],[78.54290009,9.04964638],[78.54330444,9.05044174],[78.5436554,9.05126667],[78.54404449,9.05207157],[78.54454041,9.05281734],[78.54496765,9.05360317],[78.54528809,9.05444813],[78.54576111,9.05518723],[78.54641724,9.05580425],[78.54698944,9.05649662],[78.54758453,9.05715752],[78.54827118,9.05773163],[78.54898071,9.05828667],[78.54970551,9.05883026],[78.55046082,9.05930901],[78.55123901,9.05974293],[78.55200195,9.06021404],[78.55275726,9.06070423],[78.5535202,9.06116962],[78.55432129,9.0615778],[78.55514526,9.06193352],[78.55599213,9.06223774],[78.55685425,9.06250477],[78.55771637,9.06275463],[78.55857849,9.06300926],[78.55943298,9.06328583],[78.56026459,9.06360054],[78.56109619,9.0639534],[78.56192017,9.06430531],[78.56277466,9.06460094],[78.56364441,9.06479263],[78.56452942,9.0649538],[78.5654068,9.06516743],[78.56628418,9.06538486],[78.56716919,9.0655117],[78.56806946,9.0655117],[78.5689621,9.06553555],[78.56985474,9.06567192],[78.57073212,9.06586647],[78.5716095,9.06606865],[78.57248688,9.0662508],[78.57337952,9.06638241],[78.57427216,9.06642056],[78.57517242,9.06639576],[78.57607269,9.06638432],[78.5769577,9.06645489],[78.57784271,9.06661415],[78.57872772,9.06679916],[78.57962036,9.06694889],[78.580513,9.06706047],[78.58137512,9.06729031],[78.58223724,9.06757259],[78.58311462,9.06769657],[78.58401489,9.06765461],[78.58492279,9.06760502],[78.5858078,9.06768322],[78.58668518,9.06791306],[78.58755493,9.06807709],[78.5884552,9.06809044],[78.5893631,9.06801701],[78.59027863,9.0679493],[78.59114838,9.06809616],[78.59197235,9.06844425],[78.59285736,9.06862354],[78.59375,9.06867027],[78.59460449,9.06890297],[78.59542084,9.06929588],[78.59625244,9.069664],[78.59700775,9.07014179],[78.59770966,9.07069969],[78.59854126,9.07106972],[78.59934235,9.07146358],[78.59992218,9.07213783],[78.60055542,9.07275867],[78.60137177,9.07313251],[78.60202026,9.07374954],[78.60274506,9.07426071],[78.603508,9.07473946],[78.60416412,9.07534885],[78.60476685,9.07601643],[78.60536194,9.07668972],[78.60598755,9.07732582],[78.6065979,9.07797623],[78.60714722,9.0786829],[78.60765839,9.07941723],[78.60818481,9.08014774],[78.60871124,9.08087349],[78.60919189,9.08162403],[78.60961151,9.08241367],[78.60998535,9.08323288],[78.61047363,9.08397865],[78.61112976,9.08461094],[78.61174011,9.08526611],[78.61208344,9.08607483],[78.61233521,9.08694077],[78.61284637,9.08766174],[78.61342621,9.08834457],[78.61381531,9.08915234],[78.61412811,9.09000874],[78.61452484,9.09080029],[78.61513519,9.09144306],[78.61577606,9.09208107],[78.6162262,9.09285259],[78.61650848,9.09371567],[78.61669159,9.09460831],[78.61685944,9.09548759],[78.61714172,9.09632301],[78.61754608,9.09711742],[78.61791229,9.09794807],[78.61833954,9.09872055],[78.61902618,9.0992918],[78.61982727,9.09973049],[78.62062836,9.10012627],[78.6214447,9.10053158],[78.62228394,9.10084057],[78.6231308,9.10084057],[78.62405396,9.10069656],[78.62509155,9.1006279],[78.62575531,9.10026073],[78.62585449,9.09936428],[78.62620544,9.09853268],[78.62662506,9.09777164],[78.62682343,9.09690571],[78.6269989,9.09599495],[78.6272049,9.0950985],[78.62697601,9.09424496],[78.6268692,9.09342575],[78.62722015,9.09257507],[78.62731171,9.09168434],[78.62772369,9.0909071],[78.62822723,9.09014225],[78.62876892,9.08944607],[78.62953186,9.08898354],[78.6304245,9.08876038],[78.63135529,9.08873749],[78.63224792,9.0887413],[78.63313293,9.08856773],[78.63401031,9.08859348],[78.63486481,9.08890438],[78.63568115,9.0893755],[78.63642883,9.08988476],[78.63719177,9.09034061],[78.63798523,9.09077835],[78.63869476,9.09132385],[78.63941193,9.09185505],[78.64016724,9.09234715],[78.6408844,9.09289265],[78.64165497,9.0933466],[78.64250946,9.09361839],[78.64331055,9.09403229],[78.64408875,9.09445667],[78.64498138,9.09455967],[78.64587402,9.0946722],[78.64668274,9.09505749],[78.64744568,9.09557343],[78.64815521,9.096138],[78.64873505,9.09679508],[78.64917755,9.09757042],[78.64952087,9.09840775],[78.64983368,9.09924698],[78.65019226,9.10006332],[78.6506424,9.10083675],[78.65106964,9.10161972],[78.65131378,9.10247517],[78.65141296,9.10337257],[78.65143585,9.10426807],[78.65142059,9.10515881],[78.65140533,9.10605335],[78.65135193,9.1069479],[78.65119934,9.10782623],[78.65093994,9.10868359],[78.65070343,9.10954571],[78.65061188,9.11043358],[78.65053558,9.11132336],[78.6503067,9.11218548],[78.6500473,9.11304283],[78.64984131,9.11391068],[78.64962006,9.1147747],[78.64941406,9.11564445],[78.64930725,9.11653137],[78.6492691,9.11742592],[78.64926147,9.1183176],[78.64926147,9.11921501],[78.6492691,9.12012196],[78.64942169,9.12099361],[78.64979553,9.12179184],[78.65028381,9.12255859],[78.6506958,9.1233511],[78.65109253,9.12415314],[78.65151978,9.12493515],[78.65196228,9.12571526],[78.65235138,9.1265192],[78.65267944,9.12734985],[78.65296936,9.12819672],[78.65322113,9.12905407],[78.65341949,9.12992668],[78.65354156,9.13081264],[78.65357971,9.13169956],[78.65357208,9.13258934],[78.65357208,9.13349152],[78.65358734,9.13440418],[78.6534729,9.13528347],[78.65309143,9.13608932],[78.65268707,9.13688755],[78.65258026,9.1377697],[78.6525116,9.13866329],[78.65216064,9.13948727],[78.65189362,9.14032269],[78.65190887,9.14122295],[78.65200806,9.14212608],[78.65209198,9.14301395],[78.65216827,9.14389515],[78.65231323,9.14477921],[78.65255737,9.14565277],[78.65299225,9.14641666],[78.65363312,9.14704132],[78.6543045,9.14765453],[78.65499115,9.14823723],[78.65576935,9.14865112],[78.65665436,9.14888096],[78.65756226,9.14897251],[78.65844727,9.14890099],[78.65930176,9.14864445],[78.66014099,9.14829826],[78.6609726,9.14797688],[78.66182709,9.14771175],[78.66270447,9.14748383],[78.66359711,9.14726067],[78.66443634,9.14693451],[78.66512299,9.14640141]]]},"source_id":"incois_wfs","acquired_at":"2026-08-31T18:05:40.682931+00:00"},{"type":"Feature","feature_key":"ecc526ae550c4012","properties":{"FNODE_":1647,"TNODE_":1672,"LPOLY_":1,"RPOLY_":1,"LENGTH":0.338445,"BATHMETRY_":1454,"BATHMETRY1":10,"BATHMETR_1":10,"BATHYLABEL":""},"geometry":{"type":"MultiLineString","coordinates":[[[79.36100006,9.12194252],[79.36190033,9.12051392],[79.36297607,9.11979961],[79.36566925,9.11837196],[79.36728668,9.11765766],[79.36890411,9.11694336],[79.37213898,9.11658573],[79.37393951,9.11604977],[79.37519836,9.11622906],[79.37644958,9.11604977],[79.37825012,9.11587143],[79.3809433,9.11569309],[79.38274384,9.11569309],[79.38436127,9.11569309],[79.38633728,9.11569309],[79.38777161,9.11551476],[79.38938904,9.11533546],[79.39172363,9.11533546],[79.39316559,9.11515713],[79.39568329,9.11480045],[79.3976593,9.11444283],[79.39927673,9.11390686],[79.40125275,9.11301422],[79.40287018,9.11247826],[79.40448761,9.11212158],[79.40610504,9.11140728],[79.40771484,9.10980034],[79.41005707,9.10890675],[79.41184998,9.10765743],[79.41329193,9.1072998],[79.41490936,9.1065855],[79.41652679,9.10604954],[79.41777802,9.10533524],[79.41993713,9.1044426],[79.42263031,9.10301399],[79.42407227,9.10229969],[79.42550659,9.10176373],[79.42676544,9.10069275],[79.42802429,9.09962082],[79.43017578,9.09890652],[79.43215942,9.09801388],[79.43323517,9.09747791],[79.4348526,9.09604931],[79.43647003,9.09533501],[79.43790436,9.0946207],[79.43934631,9.0931921],[79.44078064,9.0924778],[79.44203949,9.09158421],[79.44365692,9.0901556],[79.44491577,9.08926296],[79.44617462,9.08837032],[79.44742584,9.08747673],[79.44868469,9.08640575],[79.45030212,9.08515549],[79.45246124,9.08408356],[79.45336151,9.08372688],[79.45425415,9.08265495],[79.45569611,9.08247662],[79.45659637,9.08211899],[79.45767212,9.08158398],[79.45874786,9.08104801],[79.46126556,9.08069038],[79.46252441,9.08033371],[79.46450043,9.08051205],[79.46683502,9.08015537],[79.46881104,9.07997608],[79.47078705,9.07944012],[79.47187042,9.07944012],[79.47384644,9.07872581],[79.47473907,9.0781908],[79.47635651,9.07783318],[79.47743988,9.07676125],[79.47851563,9.07551193],[79.47941589,9.07461834],[79.48013306,9.07336807],[79.48067474,9.07211781],[79.48175049,9.07122517],[79.48265076,9.07033253],[79.48462677,9.06961823],[79.48570251,9.0685463],[79.48713684,9.06836796],[79.4885788,9.06801033],[79.49127197,9.06658173],[79.49217224,9.06604576],[79.49324799,9.06533146],[79.49433136,9.06443882],[79.49504852,9.06372452],[79.49612427,9.06247425],[79.4977417,9.06086636],[79.49845886,9.05997372],[79.49990082,9.05818748],[79.50061798,9.05747318],[79.50151825,9.05657959],[79.50295258,9.05604458],[79.50421143,9.05533028],[79.50564575,9.05497265],[79.50637054,9.05425835],[79.50762177,9.05372238],[79.50852203,9.05300808],[79.51121521,9.05247211],[79.51229858,9.05175781],[79.51463318,9.05157948],[79.51535034,9.05068588],[79.51696777,9.04997158],[79.51822662,9.04943562],[79.51930237,9.04889965],[79.52110291,9.04836464],[79.52272034,9.04729271],[79.52433777,9.04675674],[79.52631378,9.04639912],[79.52793121,9.04532814],[79.52990723,9.04425621],[79.53205872,9.04354191],[79.53385925,9.04264832],[79.53637695,9.04121971],[79.53799438,9.04068375],[79.53942871,9.03925514],[79.54068756,9.03818321],[79.54212189,9.03729057],[79.54356384,9.03586102],[79.54446411,9.03461075],[79.54589844,9.03246784],[79.54644012,9.03121758],[79.54715729,9.02996731],[79.54733276,9.02871704],[79.54733276,9.02728748],[79.54697418,9.02371502],[79.54608154,9.02157211],[79.54608154,9.01996422],[79.54518127,9.01799965],[79.54499817,9.01621342],[79.54499817,9.01442719],[79.54518127,9.01228333],[79.54571533,9.01085472],[79.54625702,9.00996113],[79.54697418,9.00871086],[79.54841614,9.0081749],[79.54949188,9.00763893],[79.55110931,9.00763893],[79.55254364,9.00763893],[79.55362701,9.00835419],[79.55470276,9.00889015],[79.5557785,9.00960445],[79.55703735,9.00978279],[79.55793762,9.01014042],[79.55883789,9.01031876],[79.56027222,9.01067638],[79.56296539,9.01049709],[79.56440735,9.01049709],[79.56548309,9.01031876],[79.56817627,9.00889015],[79.56907654,9.00799656],[79.57051849,9.00621033],[79.57123566,9.00496006],[79.57195282,9.00388813],[79.57266998,9.0028162],[79.57338715,9.0021019],[79.57518768,8.9997797],[79.57680511,8.99817181],[79.57913971,8.99692154],[79.58021545,8.99620724],[79.58165741,8.99531364],[79.58291626,8.99459934],[79.5838089,8.99406338],[79.58489227,8.99388504],[79.58615112,8.99245548],[79.58704376,8.99191952],[79.58794403,8.99174118],[79.58956146,8.99120522],[79.59063721,8.99013329],[79.59153748,8.98959732],[79.59297943,8.98888302],[79.59423065,8.98816872],[79.59710693,8.9869175],[79.59890747,8.98602486],[79.60088348,8.98548889],[79.60250092,8.98548889],[79.60357666,8.98495293],[79.60573578,8.9845953],[79.60663605,8.98441696],[79.60807037,8.98423862],[79.60932922,8.98423862],[79.61148071,8.98370266],[79.61292267,8.98352337],[79.6145401,8.98316669],[79.61579895,8.98280907],[79.61741638,8.98209476],[79.61885071,8.98191547],[79.62046814,8.98102283],[79.62190247,8.98048687],[79.62334442,8.97977257],[79.62496185,8.9792366],[79.62747955,8.97780704],[79.62927246,8.97655678],[79.631073,8.97584248],[79.63269043,8.97494888],[79.63448334,8.97334003]]]},"source_id":"incois_wfs","acquired_at":"2026-08-31T18:05:40.682931+00:00"},{"type":"Feature","feature_key":"8c7491f5a3371328","properties":{"FNODE_":1675,"TNODE_":1674,"LPOLY_":1,"RPOLY_":448,"LENGTH":0.000856449,"BATHMETRY_":1457,"BATHMETRY1":20,"BATHMETR_1":20,"BATHYLABEL":""},"geometry":{"type":"MultiLineString","coordinates":[[[79.44379425,8.93708801],[79.44324493,8.93774509]]]},"source_id":"incois_wfs","acquired_at":"2026-08-31T18:05:40.682931+00:00"},{"type":"Feature","feature_key":"f10dd70a0b48b045","properties":{"FNODE_":1674,"TNODE_":1675,"LPOLY_":1,"RPOLY_":448,"LENGTH":0.117395,"BATHMETRY_":1459,"BATHMETRY1":20,"BATHMETR_1":20,"BATHYLABEL":""},"geometry":{"type":"MultiLineString","coordinates":[[[79.44324493,8.93774509],[79.44289398,8.93805122],[79.441185,8.93912315],[79.43947601,8.93983746],[79.43777466,8.94046307],[79.43579102,8.94108868],[79.43354797,8.94189262],[79.43138885,8.94251823],[79.42932892,8.94350052],[79.42726135,8.94439411],[79.42591095,8.94484043],[79.42384338,8.94600201],[79.42205048,8.94698429],[79.42043304,8.94752026],[79.41863251,8.94841385],[79.41728973,8.94939613],[79.41620636,8.95020008],[79.41539764,8.95091438],[79.41513062,8.9521656],[79.41513062,8.95341587],[79.4156723,8.9544878],[79.4168396,8.95547009],[79.41836548,8.95618534],[79.41971588,8.95654202],[79.42150879,8.95672131],[79.42303467,8.95707798],[79.42474365,8.95707798],[79.42681122,8.95707798],[79.42842865,8.95689964],[79.43022156,8.95672131],[79.43228912,8.95645332],[79.43390656,8.95636368],[79.43642426,8.95618534],[79.43768311,8.9560957],[79.43939209,8.95600605],[79.44127655,8.95573807],[79.44334412,8.95538139],[79.44468689,8.95493412],[79.44630432,8.95368385],[79.4473877,8.95279026],[79.44873047,8.95145035],[79.45025635,8.94984245],[79.45187378,8.9476099],[79.45304108,8.94564438],[79.4540329,8.9437685],[79.45493317,8.94198227],[79.45645905,8.93983746],[79.45717621,8.93867683],[79.45816803,8.93688965],[79.45897675,8.93510342],[79.45942688,8.9337635],[79.45942688,8.93206596],[79.45915222,8.93045807],[79.45870209,8.9292078],[79.45780945,8.92822456],[79.45672607,8.92751026],[79.45555878,8.92724228],[79.45394135,8.92715263],[79.45223236,8.92724228],[79.45062256,8.92733097],[79.4491806,8.9276886],[79.44801331,8.92813492],[79.44693756,8.92876053],[79.44541168,8.93027973],[79.44468689,8.93188763],[79.44451141,8.93313789],[79.44441986,8.93581772],[79.44387817,8.93697929],[79.44379425,8.93708801]]]},"source_id":"incois_wfs","acquired_at":"2026-08-31T18:05:40.682931+00:00"},{"type":"Feature","feature_key":"1e147e12ec45fb4a","properties":{"FNODE_":1677,"TNODE_":1677,"LPOLY_":449,"RPOLY_":1,"LENGTH":0.109899,"BATHMETRY_":1463,"BATHMETRY1":3,"BATHMETR_1":0,"BATHYLABEL":""},"geometry":{"type":"MultiLineString","coordinates":[[[78.26393127,8.9331398],[78.26248932,8.93064499],[78.26177216,8.92850018],[78.26141357,8.92582035],[78.26141357,8.92296219],[78.26087189,8.91903114],[78.26051331,8.91617203],[78.26033783,8.91384983],[78.25961304,8.91081238],[78.25889587,8.90884686],[78.25853729,8.9058094],[78.2587204,8.90295029],[78.25853729,8.90152073],[78.25925446,8.90062714],[78.25997162,8.90009117],[78.26033783,8.89991283],[78.26141357,8.89991283],[78.26248932,8.9004488],[78.26338959,8.90205669],[78.26393127,8.90420055],[78.26482391,8.9065237],[78.26572418,8.90848923],[78.26662445,8.91045475],[78.2677002,8.91242027],[78.26877594,8.9143858],[78.26985931,8.91652966],[78.27147675,8.91920948],[78.27237701,8.92081738],[78.27381134,8.9227829],[78.27507019,8.92439079],[78.27597046,8.92617798],[78.27740479,8.92796421],[78.27812195,8.92992973],[78.2795639,8.93135929],[78.28063965,8.93350315],[78.28171539,8.93564701],[78.28297424,8.93779087],[78.28315735,8.93993473],[78.28261566,8.94261456],[78.2818985,8.9442234],[78.28028107,8.94493771],[78.27830505,8.94529533],[78.2768631,8.94511604],[78.27435303,8.94386578],[78.2727356,8.94297218],[78.27093506,8.94136429],[78.26895905,8.93922043],[78.26734161,8.9374342],[78.26644135,8.93600464],[78.2651825,8.93493271],[78.26446533,8.93368149],[78.26393127,8.9331398]]]},"source_id":"incois_wfs","acquired_at":"2026-08-31T18:05:40.682931+00:00"},{"type":"Feature","feature_key":"80c96ea72e935d37","properties":{"FNODE_":1693,"TNODE_":1693,"LPOLY_":456,"RPOLY_":1,"LENGTH":0.0281433,"BATHMETRY_":1477,"BATHMETRY1":1,"BATHMETR_1":0,"BATHYLABEL":""},"geometry":{"type":"MultiLineString","coordinates":[[[79.81025696,8.85023594],[79.80845642,8.84791279],[79.80773926,8.84594631],[79.80863953,8.84344482],[79.81007385,8.84201527],[79.81276703,8.84094238],[79.81492615,8.84183598],[79.81600189,8.84290886],[79.81636047,8.84541035],[79.81636047,8.84719753],[79.81510925,8.84862709],[79.8136673,8.84987831],[79.81259155,8.85041428],[79.81150818,8.85041428],[79.81025696,8.85023594]]]},"source_id":"incois_wfs","acquired_at":"2026-08-31T18:05:40.682931+00:00"},{"type":"Feature","feature_key":"150586a520aaf96e","properties":{"FNODE_":1714,"TNODE_":1714,"LPOLY_":458,"RPOLY_":1,"LENGTH":0.033296,"BATHMETRY_":1485,"BATHMETRY1":10,"BATHMETR_1":10,"BATHYLABEL":""},"geometry":{"type":"MultiLineString","coordinates":[[[79.74880981,8.81807232],[79.75095367,8.81985474],[79.75221252,8.8219986],[79.75275421,8.82378578],[79.75257111,8.82610989],[79.75113678,8.82807541],[79.74987793,8.828969],[79.74897766,8.82932663],[79.74754333,8.82950497],[79.7459259,8.82825375],[79.74449158,8.82700348],[79.74323273,8.82485867],[79.74304962,8.82271385],[79.74304962,8.82074833],[79.74449158,8.81985474],[79.74502563,8.81860352],[79.74664307,8.81842422],[79.74880981,8.81807232]]]},"source_id":"incois_wfs","acquired_at":"2026-08-31T18:05:40.682931+00:00"},{"type":"Feature","feature_key":"3d23bce94f9141f6","properties":{"FNODE_":1716,"TNODE_":1716,"LPOLY_":1,"RPOLY_":459,"LENGTH":0.0316535,"BATHMETRY_":1486,"BATHMETRY1":1,"BATHMETR_1":0,"BATHYLABEL":""},"geometry":{"type":"MultiLineString","coordinates":[[[78.20301056,8.8123455],[78.20103455,8.81431389],[78.20014191,8.81574345],[78.20031738,8.81735229],[78.20121765,8.81896114],[78.20265198,8.8203907],[78.20355225,8.82092667],[78.2049942,8.821105],[78.20768738,8.8203907],[78.20930481,8.81913948],[78.21038055,8.81806755],[78.21020508,8.81484985],[78.20966339,8.81324196],[78.20894623,8.81216908],[78.20786285,8.81127548],[78.20642853,8.81109715],[78.2049942,8.81109715],[78.20373535,8.81181145],[78.20301056,8.8123455]]]},"source_id":"incois_wfs","acquired_at":"2026-08-31T18:05:40.682931+00:00"},{"type":"Feature","feature_key":"430f493e55e71694","properties":{"FNODE_":1715,"TNODE_":1715,"LPOLY_":460,"RPOLY_":1,"LENGTH":0.035003,"BATHMETRY_":1489,"BATHMETRY1":10,"BATHMETR_1":10,"BATHYLABEL":""},"geometry":{"type":"MultiLineString","coordinates":[[[78.26158905,8.81448746],[78.25997162,8.81395626],[78.25889587,8.81288433],[78.25746155,8.8125267],[78.25691986,8.81109715],[78.25601959,8.81020355],[78.25601959,8.8085947],[78.25601959,8.80680752],[78.25710297,8.80591393],[78.25782013,8.80484104],[78.25889587,8.80376911],[78.26123047,8.80323315],[78.26338959,8.80376911],[78.26410675,8.80376911],[78.2651825,8.80502033],[78.26590729,8.80662918],[78.26644135,8.80805874],[78.26662445,8.80966663],[78.26590729,8.81216908],[78.2653656,8.81306267],[78.26464844,8.81395626],[78.26374817,8.81449223],[78.26267242,8.81449223],[78.26158905,8.81448746]]]},"source_id":"incois_wfs","acquired_at":"2026-08-31T18:05:40.682931+00:00"},{"type":"Feature","feature_key":"09c8f711298c9af5","properties":{"FNODE_":1722,"TNODE_":1722,"LPOLY_":1,"RPOLY_":463,"LENGTH":0.0521102,"BATHMETRY_":1494,"BATHMETRY1":10,"BATHMETR_1":10,"BATHYLABEL":""},"geometry":{"type":"MultiLineString","coordinates":[[[79.74790192,8.79072475],[79.75041962,8.79197311],[79.75347137,8.79286671],[79.75616455,8.7937603],[79.75796509,8.79322433],[79.75939941,8.79215145],[79.76029968,8.79072189],[79.76119995,8.78857708],[79.76101685,8.78589535],[79.76065826,8.7835722],[79.76029968,8.78124809],[79.75976563,8.77928257],[79.75904083,8.77803135],[79.75814819,8.77695847],[79.75706482,8.7764225],[79.75563049,8.77624416],[79.75437164,8.77624416],[79.7532959,8.77695847],[79.75203705,8.77803135],[79.7507782,8.7796402],[79.75006104,8.78089142],[79.74861908,8.78196335],[79.7482605,8.7826786],[79.74718475,8.78339291],[79.74646759,8.78464413],[79.74556732,8.78571701],[79.74538422,8.78696823],[79.74556732,8.78911304],[79.74664307,8.7898283],[79.74790192,8.79072475]]]},"source_id":"incois_wfs","acquired_at":"2026-08-31T18:05:40.682931+00:00"},{"type":"Feature","feature_key":"e7b40f8d64f52b4a","properties":{"FNODE_":1721,"TNODE_":1721,"LPOLY_":1,"RPOLY_":461,"LENGTH":0.121416,"BATHMETRY_":1496,"BATHMETRY1":30,"BATHMETR_1":30,"BATHYLABEL":""},"geometry":{"type":"MultiLineString","coordinates":[[[78.46660614,8.79142761],[78.46517944,8.79000664],[78.46302032,8.78875542],[78.46140289,8.78857708],[78.45996857,8.78857708],[78.45870972,8.78804016],[78.45745087,8.78643227],[78.4565506,8.78553867],[78.45583344,8.78446579],[78.45511627,8.78285694],[78.45493317,8.78053379],[78.45493317,8.77856731],[78.45475769,8.77713776],[78.45439911,8.77517128],[78.45385742,8.7740984],[78.45295715,8.77302647],[78.4516983,8.77284718],[78.44954681,8.77266884],[78.4473877,8.77338409],[78.44559479,8.7740984],[78.44433594,8.77499294],[78.4425354,8.77695847],[78.44200134,8.77820969],[78.44091797,8.77981853],[78.44055939,8.78071213],[78.44002533,8.78214264],[78.43894196,8.78321457],[78.43858337,8.78428745],[78.4384079,8.78500175],[78.43876648,8.78625298],[78.43984222,8.78732586],[78.43984222,8.78857708],[78.44002533,8.79090023],[78.44038391,8.79250908],[78.44110107,8.79304504],[78.44217682,8.79358101],[78.44415283,8.79393864],[78.44595337,8.7937603],[78.44774628,8.79340267],[78.44954681,8.79286671],[78.45133972,8.79286671],[78.45314026,8.79268742],[78.45529175,8.79268742],[78.45745087,8.7937603],[78.45942688,8.79644108],[78.46068573,8.80055237],[78.46068573,8.80287552],[78.46032715,8.80573463],[78.45870972,8.80823708],[78.45745087,8.81073952],[78.45727539,8.81199074],[78.45799255,8.81270504],[78.45960999,8.81324196],[78.46140289,8.81288433],[78.46320343,8.81199074],[78.46446228,8.81091785],[78.46553802,8.81020355],[78.46643829,8.80913067],[78.46697235,8.80787945],[78.46697235,8.8055563],[78.46661377,8.80287552],[78.46661377,8.80073071],[78.46607971,8.79876423],[78.46643829,8.79608345],[78.46697235,8.79429626],[78.46715546,8.79268742],[78.46660614,8.79142761]]]},"source_id":"incois_wfs","acquired_at":"2026-08-31T18:05:40.682931+00:00"},{"type":"Feature","feature_key":"9c19e8c242132a87","properties":{"FNODE_":1729,"TNODE_":1691,"LPOLY_":1,"RPOLY_":1,"LENGTH":0.243776,"BATHMETRY_":1497,"BATHMETRY1":20,"BATHMETR_1":20,"BATHYLABEL":""},"geometry":{"type":"MultiLineString","coordinates":[[[78.37236023,8.76053429],[78.37469482,8.76124954],[78.37775421,8.76214314],[78.3799057,8.76357365],[78.38116455,8.76607609],[78.38259888,8.76893616],[78.38421631,8.77108097],[78.38601685,8.77286816],[78.38799286,8.77411938],[78.38996887,8.77501297],[78.39194489,8.77590656],[78.39284515,8.77715778],[78.39463806,8.77912426],[78.39608002,8.78198433],[78.39805603,8.78430748],[78.40146637,8.78627396],[78.40345001,8.7878828],[78.40488434,8.79056358],[78.40650177,8.79521084],[78.40740204,8.79824924],[78.40937805,8.80182362],[78.41099548,8.80486202],[78.41440582,8.80790043],[78.41746521,8.81040287],[78.42015839,8.81290436],[78.42177582,8.8154068],[78.42195129,8.81951714],[78.42105865,8.82148361],[78.41908264,8.82362843],[78.41908264,8.82577229],[78.42015839,8.82773876],[78.42123413,8.83131313],[78.42141724,8.83363628],[78.41997528,8.8348875],[78.41602325,8.83435154],[78.41188812,8.83256435],[78.40757751,8.83149147],[78.40326691,8.83006191],[78.40057373,8.82988358],[78.39787292,8.83024025],[78.39589691,8.83131313],[78.39356232,8.83238506],[78.39122772,8.83292103],[78.38745117,8.8318491],[78.38511658,8.83095551],[78.38259888,8.82863235],[78.377388,8.82559395],[78.37379456,8.82416439],[78.3709259,8.82362843],[78.36876678,8.82541561],[78.36876678,8.82881069],[78.36894989,8.83149147],[78.37307739,8.83631706],[78.37685394,8.83881855],[78.38134766,8.84060574],[78.38529968,8.84185696],[78.38853455,8.84400177],[78.39104462,8.84668255],[78.39338684,8.84954166],[78.39733887,8.85061359],[78.40021515,8.85061359],[78.40380859,8.84972],[78.40686035,8.84864807],[78.41099548,8.84650326],[78.41404724,8.84489536],[78.417099,8.84275055],[78.42087555,8.84167862],[78.42321014,8.84132099],[78.42591095,8.84132099],[78.42680359,8.84328651],[78.42734528,8.84471607],[78.42734528,8.84668255],[78.42770386,8.8490057],[78.42896271,8.85222244],[78.42950439,8.85454559],[78.43039703,8.85651112],[78.43075562,8.8582983]]]},"source_id":"incois_wfs","acquired_at":"2026-08-31T18:05:40.682931+00:00"},{"type":"Feature","feature_key":"f4eb56738bb6fd2a","properties":{"FNODE_":1731,"TNODE_":1731,"LPOLY_":467,"RPOLY_":1,"LENGTH":0.0715879,"BATHMETRY_":1502,"BATHMETRY1":30,"BATHMETR_1":30,"BATHYLABEL":""},"geometry":{"type":"MultiLineString","coordinates":[[[78.41971588,8.74835873],[78.421875,8.74925232],[78.42385101,8.75104046],[78.42528534,8.75211239],[78.42654419,8.75372124],[78.42761993,8.75515175],[78.42960358,8.75622368],[78.43229675,8.75729656],[78.43517303,8.75872612],[78.43732452,8.76051426],[78.43894196,8.7630167],[78.43930054,8.76498318],[78.4384079,8.76659107],[78.43750763,8.76819992],[78.43606567,8.7692728],[78.43463135,8.76998806],[78.4333725,8.76998806],[78.43211365,8.76980877],[78.4308548,8.76873684],[78.43049622,8.76855755],[78.42942047,8.76819992],[78.42780304,8.76677036],[78.42672729,8.76569748],[78.42492676,8.76391029],[78.42385101,8.76248074],[78.42295074,8.76105022],[78.42151642,8.75962067],[78.41989899,8.75819016],[78.41881561,8.75729656],[78.41738129,8.75658131],[78.41576385,8.75533009],[78.414505,8.75443649],[78.41378784,8.75300694],[78.41342926,8.75193405],[78.41360474,8.75068283],[78.41414642,8.74907398],[78.41522217,8.74835873],[78.4168396,8.7480011],[78.41792297,8.74818039],[78.41899872,8.74835873],[78.41971588,8.74835873]]]},"source_id":"incois_wfs","acquired_at":"2026-08-31T18:05:40.682931+00:00"},{"type":"Feature","feature_key":"8c2fdc83313cbb40","properties":{"FNODE_":1739,"TNODE_":1679,"LPOLY_":1,"RPOLY_":1,"LENGTH":0.343996,"BATHMETRY_":1510,"BATHMETRY1":50,"BATHMETR_1":50,"BATHYLABEL":""},"geometry":{"type":"MultiLineString","coordinates":[[[79.63383484,8.68069935],[79.63199615,8.6821928],[79.62957001,8.68506336],[79.62644958,8.68793488],[79.62414551,8.68965816],[79.62229919,8.69115067],[79.61964417,8.6929884],[79.61709595,8.69494057],[79.61398315,8.69700813],[79.61121368,8.6990757],[79.60844421,8.70045376],[79.60601807,8.70194626],[79.60371399,8.70309544],[79.60151672,8.70424366],[79.59770966,8.70665455],[79.59494019,8.70849228],[79.59123993,8.71124935],[79.58824158,8.71343136],[79.58513641,8.71572781],[79.5821228,8.7189436],[79.57878113,8.72204399],[79.57589722,8.72560406],[79.57416534,8.72790051],[79.5717392,8.73065758],[79.57012177,8.73341274],[79.56861877,8.73616886],[79.56723785,8.73915482],[79.56516266,8.74202538],[79.56400299,8.74409294],[79.56238556,8.74661922],[79.56123352,8.748456],[79.55996704,8.75040817],[79.55892181,8.75201607],[79.5570755,8.75442791],[79.5565033,8.75580597],[79.5554657,8.75718307],[79.55488586,8.75867653],[79.55349731,8.76039886],[79.55200195,8.7621212],[79.55038452,8.76418781],[79.54853821,8.76579571],[79.54669189,8.7674036],[79.5446167,8.76878071],[79.54264832,8.77015877],[79.5402298,8.77176666],[79.53849792,8.77325916],[79.53630066,8.77521133],[79.5348053,8.77704811],[79.53318787,8.779459],[79.53168488,8.78198624],[79.529953,8.78508568],[79.52880096,8.78749752],[79.52718353,8.79094124],[79.5255661,8.79461575],[79.52452087,8.79668236],[79.5229187,8.80070114],[79.52187347,8.80334187],[79.52060699,8.80701542],[79.51921082,8.80988598],[79.51818085,8.81206799],[79.51667786,8.81608582],[79.51506042,8.81895638],[79.51402283,8.8215971],[79.51309967,8.8245821],[79.51217651,8.82664871],[79.5113678,8.82963276],[79.51102448,8.83238888],[79.50998688,8.83514404],[79.50871277,8.83789921],[79.50767517,8.84099865],[79.50640106,8.8432951],[79.50513458,8.84570599],[79.50340271,8.84754276],[79.50178528,8.84960938],[79.50028229,8.85144615],[79.49925232,8.8529377],[79.49763489,8.85466003],[79.4956665,8.85672665],[79.49463654,8.85821915],[79.49278259,8.85971165],[79.49116516,8.86074448],[79.48920441,8.86246586],[79.48677826,8.86384392],[79.4832077,8.86602497],[79.47997284,8.86774635],[79.47754669,8.86889458],[79.47582245,8.87015724],[79.47327423,8.87107563],[79.47189331,8.87187958],[79.46981049,8.87291241],[79.46865845,8.87337208],[79.46739197,8.87406063],[79.46611786,8.8745203],[79.46496582,8.87497902],[79.46392822,8.87589741],[79.46277618,8.8767004],[79.46070099,8.87784863],[79.45942688,8.87911129],[79.45758057,8.88060379],[79.45561218,8.88198185],[79.4543457,8.88358784],[79.45227051,8.88565445],[79.45042419,8.88714695],[79.44857025,8.88978672],[79.44706726,8.89196777],[79.44673157,8.89288616],[79.44465637,8.89472198],[79.44372559,8.89632988],[79.44245911,8.89805126],[79.44061279,8.89908409],[79.43945313,8.90046215],[79.43714905,8.90229893],[79.43437195,8.90447903],[79.43229675,8.90574169],[79.43010712,8.90757847],[79.42825317,8.90895557],[79.42641449,8.91056252],[79.42456055,8.91182518],[79.42272186,8.91297245],[79.42110443,8.91400623],[79.41972351,8.91446495],[79.41729736,8.91607189],[79.41590881,8.91641617],[79.41360474,8.91722012],[79.4119873,8.91767883],[79.40944672,8.9181385],[79.40794373,8.91848183],[79.40621185,8.9189415],[79.40390015,8.91940022]]]},"source_id":"incois_wfs","acquired_at":"2026-08-31T18:05:40.682931+00:00"},{"type":"Feature","feature_key":"726f300c32202694","properties":{"FNODE_":1740,"TNODE_":1740,"LPOLY_":470,"RPOLY_":1,"LENGTH":0.215553,"BATHMETRY_":1511,"BATHMETRY1":30,"BATHMETR_1":30,"BATHYLABEL":""},"geometry":{"type":"MultiLineString","coordinates":[[[78.42295074,8.66558552],[78.42546844,8.66576385],[78.42780304,8.66630077],[78.43032074,8.66737366],[78.43301392,8.66898251],[78.43463135,8.67041302],[78.43660736,8.67202187],[78.43876648,8.6739893],[78.44074249,8.67613411],[78.44271851,8.6786375],[78.44415283,8.68060398],[78.44487,8.68167686],[78.4450531,8.68257046],[78.44469452,8.68382263],[78.44397736,8.68453693],[78.44325256,8.68525219],[78.44235992,8.68578911],[78.44091797,8.68596745],[78.43894196,8.68596745],[78.43750763,8.68614674],[78.43660736,8.68686199],[78.43534851,8.68775558],[78.43481445,8.68847084],[78.43427277,8.69025898],[78.43463135,8.69240379],[78.43570709,8.69526482],[78.43679047,8.69687366],[78.43786621,8.69901848],[78.43930054,8.70044899],[78.44038391,8.70098591],[78.44200134,8.70259476],[78.44307709,8.70402431],[78.4450531,8.70473957],[78.44648743,8.7050972],[78.44792938,8.70491886],[78.44954681,8.70402431],[78.45080566,8.70331001],[78.4516983,8.70241547],[78.45314026,8.70223713],[78.45439911,8.70259476],[78.45583344,8.70420361],[78.4565506,8.70634842],[78.4565506,8.70938778],[78.45619202,8.71260548],[78.4565506,8.71475124],[78.45709229,8.71653843],[78.45763397,8.71814823],[78.45942688,8.72047138],[78.46086884,8.72225952],[78.46230316,8.72333241],[78.46392059,8.72458363],[78.46535492,8.72529888],[78.46697235,8.72601414],[78.4682312,8.72708607],[78.46949005,8.72887421],[78.46930695,8.73084068],[78.4682312,8.73191261],[78.46751404,8.7329855],[78.46625519,8.73334312],[78.46409607,8.73316383],[78.46230316,8.73244953],[78.46050262,8.73137665],[78.4590683,8.72994614],[78.45780945,8.72887421],[78.45619202,8.72708607],[78.45529175,8.72619247],[78.45439911,8.72494125],[78.45223999,8.72333241],[78.45098114,8.72136593],[78.45008087,8.71957779],[78.44954681,8.7177906],[78.44882965,8.71618176],[78.4475708,8.71421528],[78.44541168,8.71189117],[78.44379425,8.7099247],[78.44235992,8.70867252],[78.44020081,8.70670605],[78.43876648,8.70527649],[78.43696594,8.70348835],[78.4358902,8.70259476],[78.43373108,8.70062828],[78.43229675,8.6995554],[78.4308548,8.69830418],[78.42960358,8.69740963],[78.42816162,8.69562244],[78.42690277,8.6938343],[78.42582703,8.69168854],[78.42546844,8.69097328],[78.42456818,8.68900681],[78.42385101,8.68739796],[78.42295074,8.68614674],[78.42115784,8.68453693],[78.41881561,8.68382263],[78.41773987,8.68328571],[78.41558075,8.68221283],[78.41360474,8.68131924],[78.4119873,8.68024635],[78.41055298,8.67827988],[78.40947723,8.67667103],[78.40947723,8.67541885],[78.40965271,8.67363167],[78.41036987,8.67255878],[78.41036987,8.67094898],[78.41055298,8.66969776],[78.41181183,8.66844654],[78.41307068,8.66737366],[78.41486359,8.6666584],[78.41648102,8.66612148],[78.41881561,8.66558552],[78.42115784,8.66558552],[78.42295074,8.66558552]]]},"source_id":"incois_wfs","acquired_at":"2026-08-31T18:05:40.682931+00:00"},{"type":"Feature","feature_key":"78f739ba81031d0c","properties":{"FNODE_":1741,"TNODE_":1735,"LPOLY_":1,"RPOLY_":1,"LENGTH":0.0506673,"BATHMETRY_":1512,"BATHMETRY1":50,"BATHMETR_1":50,"BATHYLABEL":""},"geometry":{"type":"MultiLineString","coordinates":[[[78.45206451,8.66558552],[78.45404053,8.66773129],[78.45601654,8.66987705],[78.45763397,8.67166424],[78.4592514,8.67345238],[78.46122742,8.67488289],[78.46284485,8.67649174],[78.46499634,8.6786375],[78.46679688,8.68060398],[78.46769714,8.68292809],[78.46751404,8.68614674],[78.46697235,8.68704033],[78.46589661,8.68793392],[78.46463776,8.68829155],[78.46284485,8.68811321],[78.46140289,8.68900681],[78.46086884,8.68990135],[78.46122742,8.69115257],[78.46302032,8.69311905],[78.46392059,8.69490719],[78.46482086,8.69776726],[78.46482086,8.70027065],[78.46482086,8.70295238],[78.46482086,8.70438194]]]},"source_id":"incois_wfs","acquired_at":"2026-08-31T18:05:40.682931+00:00"},{"type":"Feature","feature_key":"c93cbd6a35085f41","properties":{"FNODE_":1665,"TNODE_":1743,"LPOLY_":1,"RPOLY_":1,"LENGTH":0.584047,"BATHMETRY_":1513,"BATHMETRY1":30,"BATHMETR_1":30,"BATHYLABEL":""},"geometry":{"type":"MultiLineString","coordinates":[[[79.26654053,9.01935863],[79.26896667,9.02062035],[79.27288818,9.02234173],[79.27681732,9.02406311],[79.28050995,9.02544022],[79.28396606,9.02647209],[79.28662872,9.0270462],[79.28927612,9.02727604],[79.29170227,9.02727604],[79.29436493,9.02715969],[79.29666901,9.02670193],[79.29862976,9.02601337],[79.3008194,9.02532482],[79.30336761,9.02429295],[79.30532074,9.02314472],[79.30706024,9.02199745],[79.30924988,9.01970291],[79.31086731,9.01786709],[79.31272125,9.01626015],[79.31432343,9.01419449],[79.31652832,9.01144028],[79.31790924,9.00983334],[79.31963348,9.00776863],[79.32137299,9.00512981],[79.32367706,9.00214577],[79.32563782,8.99962139],[79.32772064,8.99767017],[79.32956696,8.99583435],[79.33141327,8.99399853],[79.3330307,8.99250603],[79.33499146,8.9907856],[79.33683777,8.98940849],[79.3384552,8.98745728],[79.34017944,8.98608017],[79.3422699,8.98424435],[79.34480286,8.98275185],[79.34745789,8.98057175],[79.3503418,8.97873592],[79.3520813,8.97781754],[79.35427094,8.97655582],[79.35634613,8.97529316],[79.35830688,8.97414589],[79.36027527,8.97299767],[79.36222839,8.97173595],[79.36419678,8.97047329],[79.3666153,8.96909618],[79.3693924,8.96725941],[79.37123108,8.96507931],[79.37458801,8.96278381],[79.37885284,8.95991516],[79.38231659,8.95738983],[79.38624573,8.9549799],[79.38947296,8.95337296],[79.39328003,8.95165157],[79.39778137,8.94947147],[79.40113068,8.94809341],[79.40494537,8.94660187],[79.4096756,8.94465065],[79.41394806,8.94269943],[79.41867828,8.94074821],[79.42341614,8.93902683],[79.42652893,8.93753529],[79.43080139,8.93569851],[79.43322754,8.9343214],[79.43565369,8.9329443],[79.43795013,8.93110752],[79.43887329,8.92938614],[79.43922424,8.92720509],[79.43922424,8.92536926],[79.43887329,8.92353249],[79.43784332,8.9218111],[79.43656921,8.92020416],[79.43553162,8.91836739],[79.43437195,8.91699028],[79.43403625,8.91469479],[79.43391418,8.91285801],[79.4347229,8.91113663],[79.43553162,8.90918541],[79.43692017,8.9078083],[79.43945313,8.90597153],[79.44199371,8.90390587],[79.4445343,8.90241337],[79.44730377,8.90057659],[79.44927216,8.89908409],[79.45146179,8.89805126],[79.45388031,8.89644432],[79.45665741,8.89541149],[79.4602356,8.89414883],[79.46289063,8.89323044],[79.46520233,8.89265633],[79.46796417,8.89127922],[79.47097015,8.88921261],[79.47327423,8.88737583],[79.47570038,8.88542461],[79.47754669,8.88324356],[79.47962952,8.8811779],[79.48308563,8.87761879],[79.48596954,8.87509441],[79.48944092,8.87222385],[79.49221039,8.86889458],[79.49451447,8.86636925],[79.49671173,8.8633852],[79.49913788,8.86051464],[79.50132751,8.85810375],[79.50328827,8.85523415],[79.50537109,8.85305309],[79.50733185,8.84983826],[79.50952148,8.84673882],[79.51194763,8.84295082],[79.51494598,8.84019566],[79.51875305,8.83766937],[79.52233124,8.83537388],[79.52532959,8.8328476],[79.52706909,8.83032227],[79.52880096,8.82791138],[79.53087616,8.82446671],[79.53225708,8.82113743],[79.53318787,8.81964493],[79.53433228,8.81631565],[79.5353775,8.81287098],[79.53572845,8.80908203],[79.53642273,8.80644131],[79.53780365,8.80253792],[79.53884888,8.79943848],[79.54034424,8.79587841],[79.54241943,8.79254913],[79.54484558,8.79013824],[79.54795837,8.78749752],[79.55211639,8.78565979],[79.55592346,8.78405285],[79.55996704,8.78221512],[79.56354523,8.78083706],[79.56689453,8.77968884],[79.57023621,8.77785206],[79.57266235,8.77635956],[79.57473755,8.77463627],[79.57659149,8.77279949],[79.57854462,8.77061844],[79.57958984,8.76947021],[79.58074188,8.76786232],[79.5825882,8.76533604],[79.58339691,8.76453304],[79.5843277,8.76280975],[79.58478546,8.76108742],[79.58535767,8.7583313],[79.58535767,8.75569057],[79.58547211,8.75350857],[79.58535767,8.75109673],[79.58501434,8.74914551],[79.58454895,8.74742222],[79.58351898,8.74512577],[79.58235931,8.74202538],[79.58223724,8.74076176],[79.5821228,8.73892498],[79.58271027,8.73743248],[79.58374023,8.7363987],[79.58513641,8.73547935],[79.5869751,8.73536491],[79.58882904,8.73651409],[79.59020996,8.73766136],[79.59123993,8.73869514],[79.59228516,8.73915482],[79.59355164,8.73926926],[79.59528351,8.73881054],[79.5973587,8.73720264],[79.59909821,8.73536491],[79.60083008,8.73283863],[79.60232544,8.72973824],[79.60371399,8.72709656],[79.60509491,8.72480011],[79.60682678,8.72066593],[79.60878754,8.7174511],[79.61121368,8.71377563],[79.61352539,8.71033001],[79.6153717,8.70826244],[79.61721802,8.70619583],[79.61999512,8.70298004],[79.62207031,8.70033836],[79.62425995,8.6974678],[79.62690735,8.69367695],[79.62980652,8.69011688],[79.63221741,8.68655682],[79.63452911,8.68345547],[79.63614655,8.67978096],[79.63730621,8.67725372],[79.6388092,8.67426777],[79.64030457,8.67162609],[79.64111328,8.66967297],[79.64283752,8.66680145],[79.6442337,8.664505],[79.64561462,8.66232204],[79.64665222,8.66025543],[79.64804077,8.65795708]]]},"source_id":"incois_wfs","acquired_at":"2026-08-31T18:05:40.682931+00:00"},{"type":"Feature","feature_key":"cc172b9a46160547","properties":{"FNODE_":1744,"TNODE_":1711,"LPOLY_":1,"RPOLY_":1,"LENGTH":0.25642,"BATHMETRY_":1515,"BATHMETRY1":100,"BATHMETR_1":100,"BATHYLABEL":"100 m"},"geometry":{"type":"MultiLineString","coordinates":[[[79.64598083,8.64009857],[79.64454651,8.64313793],[79.64328766,8.64617825],[79.64185333,8.64939594],[79.64041138,8.65261459],[79.6377182,8.65815735],[79.63592529,8.66226959],[79.63412476,8.66566753],[79.63214874,8.66924286],[79.63017273,8.67228222],[79.62891388,8.67496395],[79.62657928,8.67871857],[79.62460327,8.68157959],[79.62262726,8.68408298],[79.62136841,8.68551254],[79.61992645,8.68712234],[79.61777496,8.68908882],[79.61597443,8.6910553],[79.61435699,8.69212818],[79.61220551,8.69391537],[79.60986328,8.69570351],[79.60752869,8.69731236],[79.60555267,8.69910049],[79.60214233,8.70178223],[79.59890747,8.70392704],[79.59710693,8.70499992],[79.59423065,8.70643044],[79.59225464,8.70750332],[79.59010315,8.70857525],[79.58704376,8.70982742],[79.58489227,8.71089935],[79.58255768,8.71161461],[79.58039856,8.71304512],[79.57770538,8.71447563],[79.57518768,8.71644211],[79.57213593,8.71894455],[79.56907654,8.72037506],[79.56655884,8.72251987],[79.56494141,8.72448635],[79.5633316,8.7260952],[79.56188965,8.72734642],[79.56027222,8.72895527],[79.5582962,8.73056412],[79.55667877,8.73217297],[79.55470276,8.73378181],[79.55290222,8.73574829],[79.55092621,8.73735714],[79.54841614,8.73950291],[79.54644012,8.74146843],[79.54463959,8.74379253],[79.54284668,8.74540138],[79.54122925,8.74683189],[79.53961182,8.74915504],[79.53781128,8.75040627],[79.53547668,8.753088],[79.5326004,8.7554121],[79.53116608,8.75702095],[79.52900696,8.75916576],[79.52613068,8.76131058],[79.52253723,8.7648859],[79.51984406,8.76649475],[79.51715088,8.7688179],[79.51499176,8.77114201],[79.51301575,8.77400208],[79.51121521,8.77632523],[79.51013947,8.77936363],[79.50978088,8.78204536],[79.50996399,8.78436852],[79.51121521,8.78633499],[79.51337433,8.78776455],[79.5160675,8.7893734],[79.51840973,8.79008865],[79.52074432,8.79169655],[79.52127838,8.79491425],[79.5209198,8.79813099],[79.52056122,8.8011694],[79.51948547,8.80385017],[79.51786804,8.80706787],[79.5160675,8.80939102],[79.5142746,8.8113575],[79.51247406,8.81368065],[79.51139832,8.81564617],[79.51032257,8.81761265],[79.51013947,8.81850624],[79.5092392,8.82029343],[79.50852203,8.82172298],[79.50726318,8.82261658],[79.50637054,8.82422543],[79.50511169,8.82529736]]]},"source_id":"incois_wfs","acquired_at":"2026-08-31T18:05:40.682931+00:00"},{"type":"Feature","feature_key":"413f89fba6c87dcf","properties":{"FNODE_":1755,"TNODE_":1692,"LPOLY_":1,"RPOLY_":1,"LENGTH":0.423751,"BATHMETRY_":1522,"BATHMETRY1":30,"BATHMETR_1":30,"BATHYLABEL":""},"geometry":{"type":"MultiLineString","coordinates":[[[78.32214355,8.55328465],[78.32214355,8.55650425],[78.32214355,8.55918694],[78.32232666,8.56258488],[78.32250977,8.56526756],[78.32286835,8.56830788],[78.32358551,8.57224178],[78.32448578,8.5752821],[78.32537842,8.57814407],[78.3259201,8.57993221],[78.32699585,8.58243561],[78.3282547,8.58493996],[78.32933807,8.58708572],[78.33094788,8.58976841],[78.33184814,8.59119892],[78.33274841,8.5924511],[78.33382416,8.59423923],[78.33490753,8.59620571],[78.33615875,8.59817314],[78.33760071,8.59960365],[78.33957672,8.60121346],[78.34155273,8.60317993],[78.34317017,8.60478973],[78.34550476,8.60675716],[78.34766388,8.6085453],[78.34909821,8.60997581],[78.35071564,8.61140633],[78.35251617,8.61319447],[78.35340881,8.61426735],[78.35502625,8.61623478],[78.35664368,8.61891651],[78.35754395,8.62141991],[78.35826111,8.62320805],[78.3589859,8.62535381],[78.3589859,8.62767887],[78.3589859,8.63000298],[78.3589859,8.63250637],[78.35970306,8.63644028],[78.36006165,8.63858604],[78.36077881,8.64001656],[78.36149597,8.64198399],[78.36275482,8.64412975],[78.36383057,8.64555931],[78.36508942,8.64752674],[78.36617279,8.64895725],[78.36706543,8.65128136],[78.36760712,8.65271187],[78.3681488,8.65503597],[78.3679657,8.657897],[78.3679657,8.66057873],[78.36850739,8.66254616],[78.36922455,8.6643343],[78.37012482,8.66630077],[78.37120056,8.66755199],[78.37210083,8.66844654],[78.37317657,8.66880417],[78.37407684,8.66934013],[78.37569427,8.66934013],[78.3771286,8.66880417],[78.37857056,8.66790962],[78.37982941,8.66719437],[78.38090515,8.66630077],[78.382164,8.66540623],[78.38323975,8.66504955],[78.38431549,8.66451263],[78.38611603,8.66451263],[78.3888092,8.66522789],[78.39042664,8.66630077],[78.3911438,8.66755199],[78.39168549,8.6691618],[78.39204407,8.67077065],[78.39168549,8.67255878],[78.39150238,8.67434597],[78.39060974,8.67595577],[78.38989258,8.67756462],[78.38935089,8.6786375],[78.38935089,8.6795311],[78.38970947,8.68024635],[78.39042664,8.68024635],[78.3911438,8.68006802],[78.39204407,8.67971039],[78.39311981,8.67971039],[78.3938446,8.6795311],[78.39456177,8.68060398],[78.39437866,8.68221283],[78.39402008,8.68364334],[78.39311981,8.68507385],[78.39276123,8.68650436],[78.39240265,8.68775558],[78.39258575,8.68882847],[78.39311981,8.69007969],[78.3938446,8.69133091],[78.39473724,8.69294071],[78.39546204,8.69437027],[78.39563751,8.69597912],[78.39599609,8.69937611],[78.39599609,8.70116425],[78.39707947,8.70313072],[78.39815521,8.70527649],[78.39905548,8.70634842],[78.39977264,8.70760059],[78.39977264,8.70885181],[78.39994812,8.71028137],[78.39923096,8.71117592],[78.39833069,8.71278477],[78.39671326,8.71367836],[78.39510345,8.71457195],[78.39420319,8.7154665],[78.3938446,8.71725368],[78.39420319,8.71904182],[78.39437866,8.72029305],[78.39473724,8.72225952],[78.39527893,8.724226],[78.39563751,8.72565651],[78.39563751,8.72708607],[78.39510345,8.72851658],[78.39492035,8.73012543],[78.39473724,8.73137665],[78.39473724,8.7329855],[78.39402008,8.73405838],[78.39330292,8.73441601],[78.39222717,8.73441601],[78.3913269,8.73405838],[78.39060974,8.73352146],[78.38970947,8.73334312],[78.38863373,8.73387909],[78.38809204,8.73477268],[78.38809204,8.73566723],[78.38863373,8.73745441],[78.39006805,8.73924255],[78.3911438,8.74120808],[78.39222717,8.74263859],[78.39330292,8.74442577],[78.39437866,8.74639225],[78.39546204,8.7480011],[78.39653778,8.74943161],[78.39743805,8.75068283],[78.3986969,8.75282764],[78.40013123,8.75497246],[78.40156555,8.75783253],[78.4028244,8.75997734],[78.40408325,8.76283741],[78.40498352,8.76444626],[78.40641785,8.76712799],[78.40750122,8.7692728],[78.40857697,8.77159595],[78.40929413,8.77338409],[78.41055298,8.77552891],[78.4119873,8.77785206],[78.41324615,8.77999687],[78.41432953,8.78160572],[78.41558075,8.78303623],[78.4168396,8.78446579],[78.41828156,8.78535938],[78.42025757,8.78714657],[78.42223358,8.78821945],[78.42438507,8.78947067],[78.42618561,8.78964901],[78.42834473,8.79018497],[78.43139648,8.79090023],[78.4333725,8.79161549],[78.4358902,8.79232979],[78.43822479,8.79411793],[78.44002533,8.79608345],[78.4425354,8.79840755],[78.44361877,8.80019474],[78.44541168,8.80198193],[78.44684601,8.80341148],[78.44810486,8.80609226],[78.44846344,8.80787945],[78.44846344,8.8094883],[78.44810486,8.81056023],[78.44810486,8.81234837],[78.44918823,8.81413555],[78.45026398,8.81592274],[78.45116425,8.81681633],[78.45152283,8.81949711],[78.45098114,8.82289219],[78.45098114,8.82521629],[78.45206451,8.82557297],[78.45278168,8.8259306],[78.45457458,8.825037],[78.45619202,8.8243227],[78.45763397,8.82342911],[78.4590683,8.82217789],[78.46032715,8.82056904],[78.46086884,8.81985474],[78.46194458,8.81806755],[78.46266174,8.81717396],[78.46409607,8.81610107],[78.46499634,8.81502914],[78.46643829,8.81431389],[78.46733093,8.81413555],[78.46841431,8.81395626],[78.46930695,8.81359863],[78.47003174,8.81484985],[78.4707489,8.81538582],[78.46984863,8.81770992],[78.46913147,8.81985474],[78.4682312,8.82128429],[78.46733093,8.82396507],[78.46733093,8.82664585],[78.46715546,8.82861137],[78.46625519,8.83147144],[78.46625519,8.83343697],[78.46589661,8.83522415],[78.46446228,8.83647537],[78.46284485,8.8375473],[78.46050262,8.83897686],[78.45852661,8.83987045],[78.4565506,8.84130001],[78.45529175,8.8430872],[78.45439911,8.84415913],[78.45404053,8.8468399],[78.45385742,8.84898472],[78.45385742,8.85095024],[78.45385742,8.85184383]]]},"source_id":"incois_wfs","acquired_at":"2026-08-31T18:05:40.682931+00:00"},{"type":"Feature","feature_key":"db725fdafd57c4af","properties":{"FNODE_":1776,"TNODE_":1670,"LPOLY_":1,"RPOLY_":1,"LENGTH":0.806021,"BATHMETRY_":1533,"BATHMETRY1":10,"BATHMETR_1":10,"BATHYLABEL":""},"geometry":{"type":"MultiLineString","coordinates":[[[78.16358948,8.49033165],[78.16410065,8.49157429],[78.1655426,8.49425697],[78.16643524,8.49622536],[78.16733551,8.4980135],[78.16823578,8.49944496],[78.16877747,8.50087547],[78.16895294,8.50230694],[78.1696701,8.50391674],[78.17075348,8.50588417],[78.17164612,8.50731468],[78.17237091,8.50910378],[78.17308807,8.51071358],[78.17380524,8.51196575],[78.1745224,8.51321793],[78.17524719,8.51429081],[78.17596436,8.5160799],[78.1770401,8.51715279],[78.17811584,8.51858425],[78.17919922,8.52019405],[78.18027496,8.52180386],[78.18099213,8.52287674],[78.18170929,8.52430725],[78.18279266,8.52609634],[78.18422699,8.52967358],[78.1844101,8.53110409],[78.18530273,8.53217793],[78.18566895,8.53342915],[78.18602753,8.53521824],[78.186203,8.53629112],[78.18656158,8.5375433],[78.18710327,8.53933144],[78.18764496,8.54094124],[78.18800354,8.54308796],[78.1887207,8.54666519],[78.1887207,8.54899025],[78.18907928,8.55238819],[78.18907928,8.5554285],[78.18907928,8.55703831],[78.18907928,8.55918407],[78.18907928,8.56097317],[78.18889618,8.56276131],[78.18889618,8.5652647],[78.18889618,8.5668745],[78.1887207,8.57116699],[78.1885376,8.57402802],[78.1887207,8.57849979],[78.1885376,8.57993031],[78.1885376,8.58153915],[78.18836212,8.58314896],[78.18817902,8.58547401],[78.18817902,8.5865469],[78.18764496,8.58833504],[78.18782043,8.58976555],[78.18710327,8.59209061],[78.18656158,8.59405804],[78.18656158,8.59566784],[78.18584442,8.59763432],[78.18494415,8.5987072],[78.18386841,8.60013771],[78.18296814,8.60103226],[78.18206787,8.60174751],[78.18117523,8.60264206],[78.18009186,8.60353565],[78.17937469,8.60425091],[78.17794037,8.60586071],[78.1770401,8.60657597],[78.17649841,8.60746956],[78.17596436,8.60836411],[78.17506409,8.60961628],[78.1745224,8.61050987],[78.17416382,8.6124773],[78.17326355,8.61426544],[78.17326355,8.61641121],[78.17344666,8.61837769],[78.17344666,8.6198082],[78.17380524,8.62320614],[78.17398834,8.62445831],[78.17416382,8.62624645],[78.17434692,8.62803459],[78.17398834,8.63089561],[78.17362976,8.63250446],[78.17308807,8.6342926],[78.17308807,8.63697433],[78.17308807,8.63804722],[78.17362976,8.63947773],[78.17416382,8.64144516],[78.17434692,8.64269638],[78.17506409,8.64430618],[78.17578125,8.64573669],[78.17649841,8.64645195],[78.17739868,8.64734554],[78.17811584,8.6480608],[78.17937469,8.64877605],[78.18027496,8.64966965],[78.18135071,8.65056419],[78.18260956,8.65145779],[78.1836853,8.65235233],[78.18458557,8.65306759],[78.18674469,8.65360355],[78.18782043,8.65396118],[78.18907928,8.6544981],[78.19051361,8.65557098],[78.19159698,8.65610695],[78.19267273,8.6568222],[78.19447327,8.65807343],[78.19519043,8.65896797],[78.19590759,8.65968323],[78.19662476,8.66057682],[78.19770813,8.66200733],[78.19824219,8.66325855],[78.19824219,8.66486835],[78.19824219,8.66701317],[78.19788361,8.66987419],[78.19752502,8.6713047],[78.19752502,8.67291355],[78.19752502,8.67416573],[78.19842529,8.67595291],[78.19860077,8.67702579],[78.19895935,8.67845631],[78.19895935,8.68024445],[78.19968414,8.68167496],[78.20040131,8.68310452],[78.20130157,8.68435669],[78.20219421,8.68525028],[78.20363617,8.68685913],[78.20489502,8.6890049],[78.20561218,8.69043541],[78.20632935,8.6922226],[78.20632935,8.6938324],[78.20668793,8.69633484],[78.20740509,8.69919586],[78.20776367,8.70116234],[78.20830536,8.70312881],[78.20956421,8.70527363],[78.21099854,8.70616817],[78.21297455,8.70759773],[78.2142334,8.70849228],[78.21513367,8.70938587],[78.2169342,8.71010113],[78.21908569,8.71188831],[78.22034454,8.71278286],[78.22142029,8.71367645],[78.22286224,8.71474934],[78.22357941,8.71546364],[78.22501373,8.71689415],[78.22663116,8.71832466],[78.22771454,8.71939659],[78.2284317,8.72029114],[78.22914886,8.72136307],[78.22986603,8.72279358],[78.23130798,8.72511768],[78.23202515,8.72672653],[78.23238373,8.72869301],[78.23310089,8.73083782],[78.23418427,8.73244667],[78.23435974,8.73423481],[78.2350769,8.73709488],[78.2358017,8.73923969],[78.23597717,8.74049091],[78.23651886,8.74209976],[78.23687744,8.74370861],[78.23723602,8.74603271],[78.2374115,8.74889278],[78.2374115,8.75067997],[78.23795319,8.75211048],[78.23867035,8.75407696],[78.23867035,8.75532818],[78.23902893,8.75800896],[78.23921204,8.75961781],[78.23921204,8.76158428],[78.23902893,8.76319313],[78.23975372,8.76551723],[78.24028778,8.76658916],[78.24101257,8.76748276],[78.24118805,8.76891327],[78.24137115,8.77016449],[78.24208832,8.77213001],[78.24298859,8.77373886],[78.24388123,8.775527],[78.24549866,8.77731419],[78.24639893,8.77838612],[78.24711609,8.779459],[78.24801636,8.78017426],[78.24927521,8.78106785],[78.24945068,8.78231907],[78.24927521,8.78428459],[78.24873352,8.7857151],[78.24765778,8.787323],[78.24747467,8.78839588],[78.24711609,8.78946781],[78.24639893,8.79107666],[78.24549866,8.79161263],[78.24478149,8.79250717],[78.24370575,8.79447269],[78.24316406,8.79554558],[78.24298859,8.79697514],[78.24280548,8.79840469],[78.24262238,8.79983521],[78.24280548,8.8007288],[78.24280548,8.80251598],[78.24298859,8.80412388],[78.24298859,8.80609035],[78.24352264,8.80805588],[78.24316406,8.81055832],[78.24423981,8.8123455],[78.24423981,8.81395435],[78.24514008,8.81591988],[78.24549866,8.81770706],[78.24639893,8.81931591],[78.24711609,8.8211031],[78.24784088,8.82271194],[78.24855804,8.82396221],[78.24927521,8.82539272],[78.25017548,8.82646465],[78.25070953,8.8280735],[78.25106812,8.8296814],[78.2516098,8.83146858],[78.25196838,8.83289814],[78.25286865,8.83432865],[78.25341034,8.83593655],[78.25430298,8.83754539],[78.25520325,8.83915329],[78.25610352,8.84040451],[78.25717926,8.8412981],[78.25807953,8.84201241],[78.26041412,8.8421917],[78.26167297,8.84147644],[78.26293182,8.83986855],[78.26419067,8.8382597],[78.26472473,8.83718777],[78.26580811,8.83611488],[78.26670074,8.83575821],[78.26778412,8.83540058],[78.26904297,8.83557892],[78.26976013,8.8366518],[78.27047729,8.8373661],[78.27083588,8.83897495],[78.27083588,8.84111881],[78.27083588,8.84272766],[78.27083588,8.84451485],[78.27083588,8.84648037],[78.2706604,8.84826756],[78.27083588,8.85059071],[78.27083588,8.85166264],[78.27137756,8.85255623],[78.27137756,8.85416508],[78.27137756,8.85577297],[78.27137756,8.85684586],[78.27137756,8.85916901],[78.27155304,8.86113453],[78.27173615,8.86292171],[78.27191162,8.86435127],[78.27245331,8.86560154],[78.27263641,8.86685276],[78.27335358,8.86774635],[78.27425385,8.86881828],[78.27514648,8.86971188],[78.27622986,8.87042618],[78.27694702,8.87131977],[78.27838135,8.87239265],[78.27928162,8.87292862],[78.28054047,8.87382221],[78.28179932,8.87453651],[78.28323364,8.87543011],[78.28395081,8.87685966],[78.28520966,8.87811089],[78.28610992,8.87971878],[78.28665161,8.88114834],[78.28629303,8.88204193],[78.28629303,8.88382816],[78.28682709,8.88490105],[78.28701019,8.88758087],[78.28772736,8.88918972],[78.28808594,8.89026165],[78.28970337,8.89133358],[78.29077911,8.89133358],[78.29186249,8.89115524],[78.29275513,8.89061832],[78.2936554,8.88972569],[78.2938385,8.8886528],[78.29401398,8.88740253],[78.29401398,8.8863306],[78.29401398,8.88490105],[78.29401398,8.88382816],[78.2938385,8.88293552],[78.2938385,8.88132668],[78.2938385,8.87989712],[78.29401398,8.87811089],[78.29419708,8.8763237],[78.29491425,8.87507248],[78.29545593,8.87382221],[78.29581451,8.87203503],[78.29653168,8.87078381],[78.29707336,8.86971188],[78.29760742,8.86846066],[78.29850769,8.86721039],[78.29958344,8.86595917],[78.30012512,8.86488724],[78.30120087,8.86435127],[78.30264282,8.86435127],[78.30371857,8.86452961],[78.30497742,8.86488724],[78.30569458,8.8663168],[78.30659485,8.8670311],[78.30713654,8.86846066],[78.30857086,8.87060547],[78.30947113,8.87203503],[78.31018829,8.87346458],[78.31072998,8.87471581],[78.31162262,8.8763237],[78.31234741,8.87757397],[78.31306458,8.87918282],[78.31360626,8.88043308],[78.3144989,8.88186264],[78.31521606,8.88293552],[78.31594086,8.88400745],[78.31647491,8.88490105],[78.31755829,8.88597298],[78.31809235,8.88758087],[78.31845093,8.88901043],[78.31845093,8.89097595],[78.31791687,8.89258385],[78.31665802,8.8941927],[78.31521606,8.89562225],[78.31432343,8.89687252],[78.31342316,8.89758778],[78.31288147,8.89848042],[78.31252289,8.89973164],[78.31270599,8.90116119],[78.31288147,8.90223312],[78.31324005,8.90419865],[78.31324005,8.90598583],[78.31306458,8.90741444],[78.31234741,8.90848732],[78.31072998,8.90920162],[78.30875397,8.90973759],[78.30749512,8.90866566],[78.30659485,8.90795135],[78.30587769,8.90687847],[78.30497742,8.9056282],[78.30407715,8.90491295],[78.3030014,8.90384102],[78.30210114,8.90330505],[78.30066681,8.90330505],[78.29886627,8.90384102],[78.29743195,8.90455627],[78.29581451,8.90634251],[78.29491425,8.90741444],[78.29437256,8.90830803],[78.29312134,8.91080952],[78.29257965,8.9125967],[78.29222107,8.91474056],[78.29186249,8.91563416],[78.29186249,8.91706371],[78.29167938,8.91813564],[78.29167938,8.91920757],[78.29222107,8.92045784],[78.29293823,8.92135143],[78.29419708,8.92242336],[78.29598999,8.92278099],[78.29760742,8.92260265],[78.29850769,8.9218874],[78.29958344,8.92135143],[78.30066681,8.92081547],[78.30210114,8.9202795],[78.30461884,8.92081547],[78.30605316,8.9218874],[78.30695343,8.92242336],[78.30802917,8.92295933],[78.30892944,8.92367458],[78.31018829,8.92421055],[78.31108856,8.92474651],[78.31270599,8.92546082],[78.31360626,8.92581844],[78.3144989,8.92617607],[78.31594086,8.92635441],[78.31863403,8.92689037],[78.31970978,8.92706871],[78.32079315,8.92706871],[78.32222748,8.92706871],[78.32420349,8.92671204],[78.32564545,8.92653275],[78.32725525,8.92546082],[78.32798004,8.92474651],[78.32887268,8.92349529],[78.32995605,8.9218874],[78.33085632,8.91974354],[78.33049011,8.91831398],[78.33049011,8.91724205],[78.33067322,8.91599178],[78.33049011,8.91474056],[78.33013153,8.913311],[78.32995605,8.91206074],[78.32941437,8.91080952],[78.32923889,8.90973759],[78.32905579,8.90884399],[78.3286972,8.90705776],[78.32833862,8.90616417],[78.32779694,8.90437698],[78.32743835,8.90294838],[78.32743835,8.89990997],[78.32725525,8.89865971],[78.32707977,8.89723015],[78.32725525,8.89597893],[78.32779694,8.89508629],[78.32887268,8.89437103],[78.33031464,8.89383507],[78.33193207,8.89365673],[78.3335495,8.89365673],[78.33426666,8.894907],[78.33444977,8.89597893],[78.33534241,8.89705181],[78.33480835,8.89883804],[78.33498383,8.89990997],[78.33480835,8.9018755],[78.33498383,8.90330505],[78.33498383,8.90544987],[78.33534241,8.90687847],[78.33588409,8.90848732],[78.33642578,8.90991592],[78.33660126,8.91134548],[78.33731842,8.91277504],[78.337677,8.91438293],[78.33840179,8.91634846],[78.33857727,8.91777802],[78.33929443,8.91902924],[78.34001923,8.92045784],[78.34073639,8.92242336],[78.34091187,8.92331696],[78.34163666,8.92421055],[78.34181213,8.92563915],[78.34217072,8.92653275],[78.34288788,8.92760468],[78.34307098,8.9288559],[78.34361267,8.92992783],[78.34397125,8.93117809],[78.34450531,8.93260765],[78.345047,8.93367958],[78.34540558,8.93492985],[78.34594727,8.93635941],[78.34648895,8.93743134],[78.34702301,8.93886089],[78.34684753,8.94029045],[78.34684753,8.94171906],[78.34738159,8.94350624],[78.34792328,8.94511414],[78.34828186,8.9463644],[78.34899902,8.94761562],[78.34899902,8.94886589],[78.34954071,8.94975948],[78.34989929,8.95118809],[78.35044098,8.95261765],[78.35115814,8.9540472],[78.35169983,8.95529747],[78.35205841,8.95654774],[78.35295105,8.95779896],[78.35349274,8.9586916],[78.35403442,8.95976353],[78.35456848,8.96065712],[78.35546875,8.96172905],[78.35618591,8.96315765],[78.35708618,8.96405125],[78.35762787,8.96494484],[78.35870361,8.96655273],[78.35960388,8.96762466],[78.36103821,8.96887493],[78.36193848,8.96958923],[78.3633728,8.97048283],[78.36499023,8.97101879],[78.36624908,8.97137642],[78.36733246,8.97173309],[78.36858368,8.97209072],[78.37110138,8.9724474],[78.37236023,8.97262669],[78.37397766,8.97280502],[78.3757782,8.97316265],[78.37757111,8.97387695],[78.37828827,8.97477055],[78.37864685,8.97619915],[78.37864685,8.97744942],[78.37828827,8.9792366],[78.37721252,8.98120117],[78.37649536,8.98209476],[78.37613678,8.98334503],[78.37559509,8.98423862],[78.37505341,8.98548889],[78.37505341,8.98673916],[78.37523651,8.98816872],[78.3757782,8.98923969],[78.37721252,8.99049091],[78.37828827,8.99049091],[78.38008881,8.99084759],[78.38098907,8.99031162],[78.38188171,8.98959732],[78.38368225,8.98888302],[78.38421631,8.98798943],[78.38511658,8.98727512],[78.38637543,8.98638153],[78.38728333,8.98528862]]]},"source_id":"incois_wfs","acquired_at":"2026-08-31T18:05:40.682931+00:00"},{"type":"Feature","feature_key":"6a28e2e26c653cf5","properties":{"FNODE_":1779,"TNODE_":1779,"LPOLY_":479,"RPOLY_":1,"LENGTH":0.0295656,"BATHMETRY_":1536,"BATHMETRY1":20,"BATHMETR_1":20,"BATHYLABEL":""},"geometry":{"type":"MultiLineString","coordinates":[[[78.32035065,8.48299026],[78.32214355,8.48513699],[78.32286835,8.48710442],[78.32232666,8.48942947],[78.32125092,8.49086094],[78.31980896,8.49157619],[78.31837463,8.49175549],[78.31693268,8.49157619],[78.31585693,8.49086094],[78.31459808,8.48996639],[78.31369781,8.48889351],[78.31333923,8.48746204],[78.31333923,8.48585224],[78.31388092,8.48460007],[78.31495667,8.48352623],[78.31585693,8.48281097],[78.31729889,8.48245335],[78.31873322,8.48245335],[78.31999207,8.48281097],[78.32035065,8.48299026]]]},"source_id":"incois_wfs","acquired_at":"2026-08-31T18:05:40.682931+00:00"},{"type":"Feature","feature_key":"28fdc7c3205882c1","properties":{"FNODE_":1785,"TNODE_":1785,"LPOLY_":1,"RPOLY_":482,"LENGTH":0.0392524,"BATHMETRY_":1543,"BATHMETRY1":20,"BATHMETR_1":20,"BATHYLABEL":""},"geometry":{"type":"MultiLineString","coordinates":[[[78.32682037,8.4608078],[78.32933807,8.46188164],[78.33148956,8.46188164],[78.33382416,8.46170235],[78.33526611,8.4608078],[78.33615875,8.45937634],[78.3374176,8.45812416],[78.3374176,8.45597744],[78.3374176,8.45472527],[78.33615875,8.45293617],[78.33562469,8.45186329],[78.33472443,8.45096874],[78.33310699,8.45061111],[78.33167267,8.45043182],[78.32987213,8.45061111],[78.32843781,8.45078945],[78.32646179,8.45204163],[78.32556152,8.4532938],[78.32484436,8.45508289],[78.32484436,8.45669365],[78.32466125,8.45866108],[78.32537842,8.45955563],[78.32682037,8.4608078]]]},"source_id":"incois_wfs","acquired_at":"2026-08-31T18:05:40.682931+00:00"},{"type":"Feature","feature_key":"8ec9aedbb7883627","properties":{"FNODE_":1672,"TNODE_":1801,"LPOLY_":1,"RPOLY_":1,"LENGTH":0.79021,"BATHMETRY_":1550,"BATHMETRY1":10,"BATHMETR_1":10,"BATHYLABEL":""},"geometry":{"type":"MultiLineString","coordinates":[[[79.63448334,8.97334003],[79.63555908,8.97262669],[79.63645935,8.97209072],[79.6377182,8.97137642],[79.63879395,8.97030449],[79.63969421,8.9694109],[79.64076996,8.96869659],[79.64202881,8.96762466],[79.64292908,8.96690941],[79.64418793,8.96565914],[79.6450882,8.96512318],[79.64598083,8.96440887],[79.64742279,8.96315765],[79.64849854,8.96226501],[79.64975739,8.96137142],[79.65065765,8.96083546],[79.65245056,8.95940685],[79.65335083,8.9586916],[79.6542511,8.95797729],[79.65532684,8.95726299],[79.65622711,8.9570837],[79.65748596,8.95619106],[79.65874481,8.9556551],[79.66017914,8.95493984],[79.66107941,8.95458317],[79.66269684,8.95368958],[79.66413116,8.95297527],[79.66610718,8.95190334],[79.6700592,8.95083141],[79.67203522,8.95029545],[79.67383575,8.94975948],[79.6750946,8.94975948],[79.67652893,8.94904423],[79.67922974,8.94868755],[79.68012238,8.94832993],[79.68138123,8.9479723],[79.68245697,8.94761562],[79.68425751,8.94743633],[79.68533325,8.94690037],[79.68713379,8.94618607],[79.68875122,8.9456501],[79.68982697,8.94457817],[79.69108582,8.94332695],[79.69198608,8.94279099],[79.69306183,8.94207668],[79.69413757,8.94064713],[79.69503784,8.93921852],[79.69611359,8.93743134],[79.69719696,8.93618107],[79.69791412,8.93403721],[79.69827271,8.93296528],[79.69863129,8.93207169],[79.69881439,8.93064213],[79.69898987,8.92921257],[79.69898987,8.927248],[79.69827271,8.92546082],[79.69791412,8.92421055],[79.69737244,8.92260265],[79.69719696,8.92170906],[79.69719696,8.92010117],[79.69773102,8.91831398],[79.6980896,8.91634846],[79.69881439,8.91545486],[79.69970703,8.9142046],[79.70024872,8.913311],[79.70114899,8.9125967],[79.70169067,8.91134548],[79.70240784,8.91063118],[79.70348358,8.90937996],[79.7056427,8.90777206],[79.70690155,8.90705776],[79.70797729,8.90634251],[79.70923615,8.90527058],[79.71012878,8.90437698],[79.71102905,8.90348434],[79.71211243,8.90294838],[79.71318817,8.90169716],[79.71444702,8.90080357],[79.71570587,8.90008926],[79.7171402,8.89883804],[79.71839905,8.89812374],[79.71911621,8.89740849],[79.71983337,8.89669418],[79.72073364,8.89597893],[79.72216797,8.89455032],[79.72289276,8.89365673],[79.7237854,8.8932991],[79.72522736,8.89222717],[79.72594452,8.89097595],[79.72648621,8.88972569],[79.72702026,8.88883209],[79.72756195,8.88776016],[79.72792053,8.88686657],[79.72846222,8.88579464],[79.72917938,8.88382816],[79.72972107,8.88293552],[79.72972107,8.88186264],[79.73007965,8.88097],[79.73025513,8.88007641],[79.73079681,8.87864685],[79.73151398,8.87757397],[79.73295593,8.87596607],[79.73403168,8.87507248],[79.73510742,8.87471581],[79.73690796,8.87453651],[79.73941803,8.87400055],[79.7403183,8.87417889],[79.74229431,8.87400055],[79.74355316,8.87364292],[79.74499512,8.87310696],[79.74732971,8.87239265],[79.74912262,8.8716774],[79.75002289,8.87114143],[79.75145721,8.87042618],[79.75289917,8.86935425],[79.75415802,8.86881828],[79.75577545,8.86685276],[79.75720978,8.8663168],[79.75846863,8.86506557],[79.75990295,8.86381435],[79.76098633,8.86292171],[79.76224518,8.86131287],[79.76332092,8.86024094],[79.76422119,8.85898972],[79.76511383,8.85756016],[79.7660141,8.8561306],[79.76673126,8.85487938],[79.76727295,8.85380745],[79.76799011,8.85255623],[79.76870728,8.8514843],[79.76943207,8.85041237],[79.77050781,8.84916115],[79.77158356,8.84808922],[79.77230072,8.84701633],[79.77320099,8.84612274],[79.77428436,8.84522915],[79.77571869,8.84379959],[79.77679443,8.84254932],[79.77787781,8.83968925],[79.77859497,8.83808136],[79.77912903,8.83611488],[79.77967072,8.83450699],[79.77967072,8.83325577],[79.77949524,8.83075428],[79.77895355,8.8287878],[79.77841187,8.82646465],[79.77823639,8.82521343],[79.77823639,8.82396221],[79.77912903,8.82199669],[79.7800293,8.82038784],[79.78272247,8.81860065],[79.78470612,8.81770706],[79.7868576,8.81663513],[79.7891922,8.8155632],[79.7917099,8.81431198],[79.79296875,8.81341839],[79.7942276,8.8125248],[79.79548645,8.81180954],[79.79637909,8.81055832],[79.79710388,8.8093071],[79.79799652,8.80823517],[79.79889679,8.80644798],[79.79925537,8.80501747],[79.79979706,8.80394554],[79.80033875,8.80197906],[79.80051422,8.79965591],[79.80051422,8.79769039],[79.80051422,8.79554558],[79.79997253,8.79393673],[79.79925537,8.79214954],[79.79799652,8.79071903],[79.79710388,8.78982544],[79.79620361,8.78928947],[79.79512787,8.78875351],[79.79296875,8.78785992],[79.7917099,8.78785992],[79.79045105,8.78768063],[79.78775787,8.78785992],[79.7868576,8.78875351],[79.78488159,8.7896471],[79.78380585,8.78982544],[79.78272247,8.79071903],[79.78147125,8.79107666],[79.77985382,8.79143429],[79.77841187,8.79125595],[79.77626038,8.7896471],[79.77481842,8.78875351],[79.77320099,8.78714466],[79.77158356,8.78499985],[79.77032471,8.78357029],[79.76907349,8.78213978],[79.76781464,8.78053093],[79.76637268,8.77767181],[79.76565552,8.775527],[79.76529694,8.77409649],[79.76475525,8.77177334],[79.76475525,8.77052212],[79.76475525,8.76891327],[79.76493835,8.76784039],[79.76637268,8.76658916],[79.76799011,8.76587391],[79.76960754,8.76551723],[79.7710495,8.76551723],[79.77230072,8.76551723],[79.77320099,8.76587391],[79.77464294,8.7660532],[79.77626038,8.76658916],[79.77859497,8.76658916],[79.78164673,8.76641083],[79.78308868,8.76623154],[79.78470612,8.76551723],[79.78614044,8.76515961],[79.78739929,8.76426601],[79.78829956,8.76355076],[79.7891922,8.7628355],[79.78973389,8.76140594],[79.78937531,8.7597971],[79.78847504,8.75783062],[79.78757477,8.75604343],[79.78649902,8.75461292],[79.78542328,8.75264645],[79.78452301,8.75121689],[79.78362274,8.74996567],[79.78272247,8.74835682],[79.782547,8.7471056],[79.78218842,8.74621201],[79.78164673,8.74495983],[79.78200531,8.7438879],[79.782547,8.74281502],[79.78290558,8.74192142],[79.78380585,8.74049091],[79.78470612,8.73923969],[79.78578186,8.73816776],[79.78668213,8.73673725],[79.78739929,8.736022],[79.78847504,8.73477077],[79.78883362,8.73387718],[79.78991699,8.7328043],[79.79045105,8.73155308],[79.79099274,8.73065948],[79.79242706,8.72905064],[79.79351044,8.72762012],[79.7942276,8.72690487],[79.79494476,8.72583294],[79.79566193,8.72458172],[79.79637909,8.72386646],[79.79727936,8.72261524],[79.79817963,8.72136307],[79.79925537,8.71993351],[79.79997253,8.71886063],[79.80051422,8.71743011],[79.80123138,8.71600056],[79.80177307,8.71510601],[79.80249023,8.71349716],[79.80284882,8.71242523],[79.8033905,8.71099472],[79.80393219,8.71010113],[79.80429077,8.70867062],[79.80464935,8.70759773],[79.80482483,8.70634651],[79.80482483,8.70438004],[79.80446625,8.7025919],[79.80446625,8.70116234],[79.80393219,8.70026779],[79.80303192,8.69901657],[79.80231476,8.69812298],[79.80105591,8.69651413],[79.80015564,8.69597721],[79.79943848,8.69508362],[79.7983551,8.69293785],[79.79763794,8.69168663],[79.79692078,8.69025612],[79.79656219,8.68918324],[79.79620361,8.68757439],[79.79584503,8.68453503],[79.79584503,8.68292618],[79.79548645,8.68078041],[79.79548645,8.67899227],[79.79548645,8.67792034],[79.79548645,8.67595291],[79.79548645,8.67452335],[79.79548645,8.67309284],[79.79512787,8.67166233],[79.79476166,8.67023182],[79.79476166,8.66880131],[79.79458618,8.66790771],[79.79404449,8.66701317],[79.79368591,8.66594124],[79.79189301,8.66522598],[79.79063416,8.66504669],[79.78937531,8.66504669],[79.78721619,8.66576195],[79.78595734,8.6664772],[79.78524017,8.6673708],[79.78452301,8.66808605],[79.78344727,8.66969585],[79.782547,8.67112637],[79.782547,8.67362881],[79.782547,8.67595291],[79.782547,8.67845631],[79.78182983,8.68042278],[79.78182983,8.68274689],[79.78074646,8.68453503],[79.77967072,8.6865015],[79.77877045,8.68757439],[79.7775116,8.68882561],[79.77643585,8.68989849],[79.77445984,8.69007778],[79.77284241,8.69007778],[79.77140808,8.68936253],[79.76924896,8.68721676],[79.76817322,8.68578625],[79.76745605,8.68471432],[79.76673126,8.68381977],[79.76565552,8.68238926],[79.76493835,8.68149567],[79.7636795,8.67988682],[79.76277924,8.6786356],[79.76170349,8.67738342],[79.76098633,8.67577457],[79.75972748,8.67362881],[79.75865173,8.67184067],[79.75792694,8.67094707],[79.7570343,8.6689806],[79.75649261,8.66790771],[79.75630951,8.66701317],[79.75559235,8.66576195],[79.75523376,8.66468906],[79.7543335,8.66200733],[79.75361633,8.66093445],[79.75289917,8.65878868],[79.75271606,8.65789509],[79.7519989,8.65646458],[79.75182343,8.65557098],[79.75145721,8.6544981],[79.75020599,8.65342522],[79.75020599,8.65181541],[79.74876404,8.65092182],[79.74786377,8.64949131],[79.74697113,8.6480608],[79.74661255,8.64698792],[79.74607086,8.64609432],[79.74499512,8.64537907],[79.74409485,8.64466381],[79.74337769,8.64341164],[79.74211884,8.64216042],[79.74085999,8.64108753],[79.73995972,8.63983536],[79.73888397,8.63822651],[79.73852539,8.63715363],[79.73762512,8.63465023],[79.73726654,8.63321972],[79.73672485,8.63214684],[79.73654938,8.63089561],[79.73582458,8.62874985],[79.73582458,8.62767696],[79.73529053,8.62588882],[79.73529053,8.62463665],[79.73529053,8.6230278],[79.73529053,8.62106037],[79.73529053,8.61945057],[79.73510742,8.61748409],[79.73457336,8.6149807],[79.73439026,8.6133709],[79.73439026,8.61211967],[79.73384857,8.61033154],[79.7336731,8.60890102],[79.7336731,8.60764885],[79.73331451,8.60603905],[79.73295593,8.6044302],[79.73187256,8.60317802],[79.73151398,8.60174751],[79.73097229,8.60067463],[79.73007965,8.59924412],[79.72953796,8.59763432],[79.72899628,8.59638309],[79.7286377,8.59531021],[79.72792053,8.59387875],[79.72720337,8.59244823],[79.72666168,8.59101772],[79.72666168,8.58976555],[79.72648621,8.58779907],[79.7263031,8.58601093],[79.7263031,8.58457947],[79.7263031,8.58332825],[79.72648621,8.58171844],[79.72648621,8.58010864],[79.72648621,8.57849979],[79.72648621,8.57688999],[79.72648621,8.57563782],[79.72648621,8.57420731],[79.72666168,8.57277679],[79.72684479,8.57188225],[79.72702026,8.57045174],[79.72737885,8.56919956],[79.72792053,8.56758976],[79.72827911,8.56669617],[79.7286377,8.5652647],[79.72989655,8.56311893],[79.73007965,8.56222439],[79.73025513,8.56007862],[79.73079681,8.55882645],[79.7313385,8.55668068],[79.73151398,8.5556078],[79.73205566,8.55417633],[79.73258972,8.55131531],[79.73295593,8.54952621],[79.73313141,8.54791641],[79.73331451,8.54702282],[79.73348999,8.54594898],[79.73457336,8.54451847],[79.73420715,8.54308796],[79.73439026,8.54112053],[79.73439026,8.53951073],[79.73457336,8.53808022],[79.73457336,8.5357542],[79.73457336,8.53432369],[79.73457336,8.53235626],[79.73439026,8.5300312],[79.73403168,8.5284214],[79.73403168,8.52573872],[79.73384857,8.523592],[79.73384857,8.52144527],[79.73384857,8.51983547],[79.73384857,8.5176897],[79.73384857,8.51661682],[79.73403168,8.51339626],[79.73403168,8.51196575],[79.73420715,8.51017666],[79.73420715,8.50856686],[79.73420715,8.50713634],[79.73420715,8.50552654],[79.73420715,8.50373745],[79.73420715,8.50194931],[79.73420715,8.50016022],[79.73439026,8.49926567],[79.73439026,8.49694061],[79.73439026,8.49550915],[79.73420715,8.49425697],[79.73420715,8.49246883],[79.73420715,8.49103737],[79.73420715,8.48960686],[79.73420715,8.48781776],[79.73403168,8.4863863],[79.73403168,8.48531342],[79.73420715,8.48423958],[79.73420715,8.4829874],[79.73384857,8.48173523],[79.73384857,8.48012543],[79.73384857,8.47833633],[79.73384857,8.47708416],[79.73384857,8.47565365],[79.73384857,8.47404385],[79.7336731,8.47279167],[79.73348999,8.47136021],[79.73348999,8.46992874],[79.73295593,8.46849823],[79.73295593,8.46742439],[79.73258972,8.46527767],[79.73223114,8.46384716],[79.73187256,8.4624157],[79.73025513,8.46080589],[79.73007965,8.45937443],[79.7288208,8.45812225],[79.72810364,8.457407],[79.72720337,8.45651245],[79.72594452,8.45579624],[79.72451019,8.45526028],[79.72306824,8.45436573],[79.72163391,8.45418644],[79.71911621,8.45203972],[79.71785736,8.45060825],[79.7171402,8.44917774],[79.71642303,8.44792461],[79.71623993,8.4464941],[79.71606445,8.44452572],[79.71642303,8.44363117],[79.71659851,8.442379],[79.71678162,8.44094753],[79.71678162,8.43915844],[79.71695709,8.43719101],[79.7171402,8.43558121],[79.7171402,8.4330759],[79.71695709,8.43110847],[79.71695709,8.42949772],[79.71695709,8.42788792],[79.71659851,8.42609882],[79.71659851,8.42466736],[79.71606445,8.42305756],[79.71552277,8.42090988],[79.71523285,8.42008305]]]},"source_id":"incois_wfs","acquired_at":"2026-08-31T18:05:40.682931+00:00"},{"type":"Feature","feature_key":"82b94afff1145ab2","properties":{"FNODE_":1822,"TNODE_":1822,"LPOLY_":486,"RPOLY_":1,"LENGTH":0.250127,"BATHMETRY_":1570,"BATHMETRY1":20,"BATHMETR_1":20,"BATHYLABEL":""},"geometry":{"type":"MultiLineString","coordinates":[[[78.12341309,8.3652668],[78.12125397,8.36329842],[78.11999512,8.36133003],[78.1187439,8.35971928],[78.11784363,8.35828781],[78.11676788,8.35685635],[78.11532593,8.35488796],[78.11406708,8.35363579],[78.11299133,8.35220432],[78.11173248,8.35059357],[78.11065674,8.3491621],[78.10975647,8.34826756],[78.10832214,8.34701443],[78.10688019,8.34540367],[78.10526276,8.34450912],[78.10346985,8.34272003],[78.10202789,8.34128857],[78.10095215,8.34092999],[78.0998764,8.33985615],[78.09843445,8.33860397],[78.09700012,8.33753014],[78.09430695,8.33520412],[78.09286499,8.33341408],[78.09143066,8.33108807],[78.09017181,8.32947731],[78.08909607,8.32750893],[78.0881958,8.32607746],[78.08711243,8.32339287],[78.08621979,8.32160282],[78.08496094,8.31838226],[78.08424377,8.3169508],[78.08351898,8.31480312],[78.08280182,8.31247616],[78.08208466,8.31015015],[78.08172607,8.3083601],[78.08172607,8.30674934],[78.08154297,8.30478096],[78.08154297,8.30299091],[78.08262634,8.30120182],[78.08351898,8.29994869],[78.08531952,8.29959106],[78.08765411,8.29905415],[78.08981323,8.29941177],[78.09214783,8.30012798],[78.09394073,8.30120182],[78.09628296,8.30173874],[78.09771729,8.30227566],[78.10059357,8.30281258],[78.102211,8.30299091],[78.10400391,8.3031702],[78.10597992,8.3031702],[78.10849762,8.30334949],[78.11083221,8.30334949],[78.11280823,8.30299091],[78.11496735,8.30299091],[78.11784363,8.30299091],[78.11891937,8.30299091],[78.12017822,8.30299091],[78.12161255,8.30388641],[78.12251282,8.3049593],[78.12322998,8.30657005],[78.12322998,8.30889702],[78.12233734,8.31140232],[78.12143707,8.3142662],[78.12107849,8.31641388],[78.12089539,8.31873989],[78.12143707,8.32052994],[78.12215424,8.32267666],[78.12358856,8.324646],[78.12574768,8.32679272],[78.1279068,8.32804585],[78.12934113,8.3287611],[78.13131714,8.32858276],[78.13293457,8.32840347],[78.13509369,8.32768822],[78.13616943,8.32679272],[78.13742828,8.32536125],[78.13778687,8.32410908],[78.13832855,8.32285595],[78.13904572,8.32160282],[78.14012146,8.32035065],[78.14138031,8.3194561],[78.14335632,8.3185606],[78.14497375,8.31873989],[78.14641571,8.3194561],[78.14803314,8.32070827],[78.14892578,8.32321358],[78.15036774,8.32643509],[78.15162659,8.32929802],[78.15251923,8.33251953],[78.15306091,8.3364563],[78.15306091,8.33949852],[78.15324402,8.34307766],[78.15341949,8.34826756],[78.15306091,8.35291958],[78.15287781,8.35757256],[78.15198517,8.36115074],[78.15090179,8.36401367],[78.14928436,8.36669827],[78.14694977,8.36902428],[78.14461517,8.37009811],[78.14209747,8.37081337],[78.13904572,8.37081337],[78.13616943,8.37099266],[78.13383484,8.37099266],[78.13221741,8.37045574],[78.12898254,8.36920357],[78.12736511,8.36830902],[78.12593079,8.36723518],[78.12448883,8.36634064],[78.12341309,8.3652668]]]},"source_id":"incois_wfs","acquired_at":"2026-08-31T18:05:40.682931+00:00"},{"type":"Feature","feature_key":"5fd76c051dab94b2","properties":{"FNODE_":1835,"TNODE_":1835,"LPOLY_":491,"RPOLY_":1,"LENGTH":0.0667869,"BATHMETRY_":1571,"BATHMETRY1":10,"BATHMETR_1":10,"BATHYLABEL":""},"geometry":{"type":"MultiLineString","coordinates":[[[78.17276001,8.28312492],[78.17480469,8.28437805],[78.17893219,8.28670502],[78.18180847,8.28813648],[78.18486786,8.29010487],[78.1882782,8.29153728],[78.19043732,8.29314804],[78.19295502,8.29529572],[78.19348907,8.2972641],[78.19295502,8.29869556],[78.19061279,8.29905415],[78.18810272,8.29869556],[78.18504333,8.29780102],[78.18289185,8.29744339],[78.18054962,8.29672718],[78.17857361,8.29636955],[78.17606354,8.29601097],[78.17282867,8.29529572],[78.17049408,8.29404259],[78.16851044,8.29278946],[78.16707611,8.2911787],[78.16671753,8.29028416],[78.16671753,8.28831577],[78.16690063,8.28670502],[78.16779327,8.28580952],[78.16887665,8.28455734],[78.16976929,8.28384113],[78.17102814,8.28312492],[78.17276001,8.28312492]]]},"source_id":"incois_wfs","acquired_at":"2026-08-31T18:05:40.682931+00:00"},{"type":"Feature","feature_key":"f1b73467cc6f3930","properties":{"FNODE_":1838,"TNODE_":1838,"LPOLY_":494,"RPOLY_":1,"LENGTH":0.0305435,"BATHMETRY_":1573,"BATHMETRY1":3,"BATHMETR_1":0,"BATHYLABEL":""},"geometry":{"type":"MultiLineString","coordinates":[[[79.71789551,8.27167034],[79.71932983,8.27435493],[79.71968842,8.27739811],[79.71879578,8.27954578],[79.71753693,8.28079891],[79.71591949,8.28079891],[79.71466064,8.28026199],[79.71304321,8.27882957],[79.71214294,8.27686119],[79.71124268,8.27542877],[79.71088409,8.27381802],[79.71124268,8.27220726],[79.71268463,8.27095509],[79.71447754,8.27023888],[79.71645355,8.27005959],[79.71753693,8.27095509],[79.71789551,8.27167034]]]},"source_id":"incois_wfs","acquired_at":"2026-08-31T18:05:40.682931+00:00"},{"type":"Feature","feature_key":"4278bd93985eb113","properties":{"FNODE_":1840,"TNODE_":1794,"LPOLY_":1,"RPOLY_":1,"LENGTH":0.216658,"BATHMETRY_":1574,"BATHMETRY1":30,"BATHMETR_1":30,"BATHYLABEL":""},"geometry":{"type":"MultiLineString","coordinates":[[[78.25404358,8.25806808],[78.25566101,8.26146889],[78.25746155,8.26397419],[78.2587204,8.26630116],[78.26015472,8.26826954],[78.26267242,8.27131271],[78.26734161,8.27596569],[78.26877594,8.2775774],[78.27093506,8.27936649],[78.27345276,8.28079891],[78.27524567,8.28223038],[78.27812195,8.28366184],[78.28063965,8.28473568],[78.28549194,8.28598881],[78.28944397,8.28670502],[78.29429626,8.28742027],[78.29824829,8.28849411],[78.30364227,8.29010487],[78.3052597,8.29153728],[78.30776978,8.29296875],[78.31100464,8.29601097],[78.31226349,8.29780102],[78.31406403,8.3006649],[78.31513977,8.30227566],[78.3165741,8.3058548],[78.31801605,8.30961323],[78.3192749,8.3117609],[78.31999207,8.31372929],[78.32016754,8.31516075],[78.32106781,8.31909752],[78.32411957,8.3262558],[78.32735443,8.33448792],[78.3282547,8.3389616],[78.32951355,8.34289837],[78.33005524,8.34611988],[78.33094788,8.35077286],[78.33167267,8.35327721],[78.33220673,8.35542488],[78.33256531,8.35882473],[78.33293152,8.36329842],[78.33293152,8.36741352],[78.33274841,8.37099266],[78.33184814,8.3745718],[78.33113098,8.37761307],[78.33005524,8.380476],[78.32897186,8.38262367],[78.32753754,8.3854866],[78.32610321,8.38834953],[78.32466125,8.39049625],[78.32322693,8.39228535],[78.3216095,8.39425373],[78.31945038,8.39765358],[78.31783295,8.40069485],[78.31693268,8.40320015],[78.31621552,8.4057045],[78.31604004,8.40910435],[78.31639862,8.41321945],[78.31693268,8.41608143],[78.31783295,8.41840744],[78.31873322,8.42037582],[78.31945038,8.42198563],[78.31999207,8.42323875],[78.32070923,8.42502785],[78.32214355,8.42699528],[78.32376099,8.42932129],[78.32501984,8.43003654]]]},"source_id":"incois_wfs","acquired_at":"2026-08-31T18:05:40.682931+00:00"},{"type":"Feature","feature_key":"d2180e1334e83de0","properties":{"FNODE_":1801,"TNODE_":1860,"LPOLY_":1,"RPOLY_":1,"LENGTH":0.345566,"BATHMETRY_":1591,"BATHMETRY1":10,"BATHMETR_1":10,"BATHYLABEL":""},"geometry":{"type":"MultiLineString","coordinates":[[[79.71523285,8.42008305],[79.71484375,8.41900063],[79.71453094,8.41816044],[79.71424866,8.41731167],[79.713974,8.41645908],[79.71373749,8.41559696],[79.71353912,8.4147234],[79.71327972,8.4138689],[79.71292114,8.41305065],[79.71252441,8.41224384],[79.71215057,8.41142845],[79.71181488,8.41059971],[79.71149445,8.40976238],[79.71112823,8.40894508],[79.71068573,8.40816498],[79.71020508,8.40741539],[79.70970917,8.40667152],[79.70924377,8.40590191],[79.7088623,8.40507793],[79.70869446,8.40420151],[79.7087326,8.40329647],[79.70857239,8.40244389],[79.70812225,8.40165424],[79.70769501,8.4008522],[79.70736694,8.40002537],[79.70703125,8.39919567],[79.70661926,8.398386],[79.70625305,8.39757061],[79.70615387,8.39670181],[79.70619202,8.39579773],[79.70604706,8.39490891],[79.70584869,8.39403343],[79.70585632,8.39315128],[79.70604706,8.39226627],[79.70624542,8.3913908],[79.70637512,8.39051151],[79.70639801,8.38961887],[79.70635986,8.38872051],[79.70632172,8.3878231],[79.7063446,8.38692951],[79.70645142,8.38604164],[79.70658875,8.38515949],[79.70674896,8.3842783],[79.70688629,8.38339424],[79.70703888,8.38250828],[79.70728302,8.38164997],[79.70764923,8.38083363],[79.70801544,8.38001442],[79.70823669,8.37914944],[79.70833588,8.37825203],[79.70838165,8.37734795],[79.70853424,8.37647629],[79.70888519,8.37565517],[79.70922852,8.37482357],[79.70948792,8.37396812],[79.70978546,8.37312126],[79.71011353,8.37229156],[79.7104187,8.37144756],[79.71064758,8.37058163],[79.71076202,8.36969566],[79.71086121,8.36880493],[79.71100616,8.36792278],[79.71111298,8.36703587],[79.71118927,8.36614323],[79.71130371,8.36525536],[79.71141052,8.36436653],[79.71144104,8.36347103],[79.71141052,8.36257553],[79.71130371,8.36168861],[79.71115112,8.3608036],[79.71092987,8.35993481],[79.71057129,8.35911846],[79.71015167,8.358325],[79.70979309,8.35750389],[79.70941925,8.35668945],[79.70895386,8.35592556],[79.70843506,8.355196],[79.70789337,8.35447025],[79.70741272,8.35372257],[79.7069931,8.35292912],[79.70664978,8.35210705],[79.70626068,8.35129547],[79.70579529,8.35052776],[79.70523071,8.34982777],[79.70457458,8.34920597],[79.70394135,8.34857178],[79.70347595,8.34781075],[79.70318604,8.34696102],[79.70301056,8.34608555],[79.70281982,8.34520149],[79.70251465,8.34435749],[79.70202637,8.34360981],[79.70149994,8.34288597],[79.70109558,8.34209061],[79.70070648,8.34128189],[79.70029449,8.34048462],[79.69989777,8.33968258],[79.69947815,8.33889294],[79.69902039,8.33811569],[79.69862366,8.33732033],[79.69831848,8.33648014],[79.69812775,8.33560085],[79.69802094,8.33469105],[79.69792175,8.33377838],[79.69776154,8.33289623],[79.6974411,8.33207798],[79.69691467,8.33133698],[79.69654083,8.33055687],[79.6964798,8.32967186],[79.6964798,8.32873917],[79.6964035,8.32781982],[79.69654846,8.32696819],[79.69705963,8.32622337],[79.69766998,8.32557964],[79.69842529,8.3249712],[79.69927216,8.32486534],[79.7000351,8.32535362],[79.70085144,8.32501888],[79.70169067,8.32489395],[79.70252991,8.32531071],[79.70341492,8.32548904],[79.70430756,8.32556343],[79.7052002,8.3256979],[79.70606995,8.32594776],[79.7069397,8.32618904],[79.70781708,8.32624817],[79.70870972,8.32613564],[79.70961761,8.32607937],[79.71051025,8.32607174],[79.7113266,8.32574749],[79.71212006,8.32527161],[79.7129364,8.32491779],[79.71380615,8.32466984],[79.71469879,8.32439137],[79.71548462,8.32395649],[79.71602631,8.32327175],[79.71643829,8.32246494],[79.71697998,8.3217535],[79.71763611,8.32112217],[79.71832275,8.32049847],[79.71885681,8.31979847],[79.71909332,8.31895733],[79.71911621,8.31803989],[79.71909332,8.31713963],[79.71910858,8.31625271],[79.71918488,8.31536484],[79.71929932,8.31447411],[79.71932983,8.31358337],[79.71931458,8.31268978],[79.71929932,8.31178856],[79.71926117,8.31088543],[79.71912384,8.3100071],[79.71882629,8.30917072],[79.71849823,8.30833435],[79.71829224,8.30745029],[79.71805573,8.3065958],[79.71751404,8.30588436],[79.71690369,8.30520535],[79.716362,8.30449104],[79.71586609,8.30374432],[79.71541595,8.30296803],[79.71501923,8.30216408],[79.71464539,8.30134487],[79.71424103,8.3005476],[79.71372986,8.2998209],[79.71311188,8.29915524],[79.71248627,8.29851151],[79.71188354,8.29784775],[79.71136475,8.29712391],[79.71091461,8.29634857],[79.71044922,8.29558277],[79.7098999,8.29486942],[79.70931244,8.29418373],[79.70875549,8.29348755],[79.70827484,8.29274082],[79.70787048,8.29194069],[79.70751953,8.29110909],[79.70717621,8.29027271],[79.70680237,8.289464],[79.70631409,8.28871346],[79.70574951,8.2880125],[79.70519257,8.28730679],[79.70475006,8.28654003],[79.70443726,8.28570366],[79.70413971,8.28485107],[79.7037735,8.28403282],[79.70330048,8.28326607],[79.70277405,8.28254223],[79.7022171,8.28183556],[79.70172119,8.2810936],[79.70133972,8.28028202],[79.70113373,8.27939796],[79.70106506,8.27847004],[79.70089722,8.27760601],[79.70037842,8.27689934],[79.69972229,8.27625275],[79.69937897,8.27546978],[79.69934845,8.27454281],[79.69942474,8.27360725],[79.69968414,8.27277946],[79.70027924,8.27213097],[79.70095062,8.27151108],[79.70146942,8.27077484],[79.70202637,8.27008057],[79.70278931,8.26959705],[79.70368958,8.26935673],[79.70459747,8.26934528],[79.70549011,8.26931667],[79.70635223,8.26909542],[79.70722198,8.26884651],[79.70811462,8.26874924],[79.70900726,8.26878166],[79.70991516,8.26882076],[79.71081543,8.26879501],[79.71170807,8.26870823],[79.71260071,8.26863384],[79.71350098,8.26864052],[79.71439362,8.26857281],[79.71523285,8.26828384],[79.71608734,8.26793194],[79.71692657,8.2675581],[79.71764374,8.26704884],[79.71820831,8.26634789],[79.71885681,8.26573753],[79.71961975,8.26525688],[79.72055054,8.26379299],[79.72103119,8.26197624],[79.72122955,8.26043892],[79.72122955,8.25909328],[79.72103119,8.25774765],[79.72026062,8.2565937],[79.72006989,8.25505543],[79.71949768,8.25370979],[79.71929932,8.25274944],[79.71833801,8.25178719],[79.71717834,8.25082684],[79.71620941,8.25082684],[79.71504974,8.25101852],[79.71389771,8.25178719],[79.71312714,8.2525568],[79.7117691,8.25370979],[79.7104187,8.25524807],[79.70907593,8.25640106],[79.7077179,8.2565937],[79.70636749,8.25678539],[79.70539856,8.25678539],[79.70366669,8.2565937],[79.70250702,8.25640106],[79.70134735,8.2556324],[79.69979858,8.25447941],[79.69845581,8.2535181],[79.69749451,8.25236416],[79.69671631,8.25121117],[79.69594574,8.2494812],[79.69517517,8.24794292],[79.69439697,8.24659634],[79.6940155,8.2452507],[79.69343567,8.24390507],[79.6926651,8.24159813],[79.69228363,8.23948288],[79.69189453,8.23736858],[79.69169617,8.23429203],[79.69130707,8.23256207],[79.69112396,8.23006344],[79.69034576,8.22814083],[79.68996429,8.22621822],[79.6891861,8.22410297],[79.68861389,8.22237301],[79.68841553,8.21968079],[79.68707275,8.21794987],[79.68707275,8.21583557],[79.68707275,8.21468163],[79.68591309,8.21275902],[79.68591309,8.21122074],[79.68513489,8.20968246],[79.68455505,8.20814419],[79.68378448,8.20641422],[79.68320465,8.2046833],[79.68243408,8.20333767],[79.68204498,8.2016077],[79.68166351,8.20045376],[79.68088531,8.19872284],[79.67992401,8.19622326],[79.67992401,8.19468498],[79.67954254,8.19237804],[79.67915344,8.18968582],[79.67915344,8.18757057],[79.67876434,8.18622494],[79.67895508,8.18314838],[79.67895508,8.18180275],[79.67895508,8.1806488],[79.67954254,8.17853355],[79.67954254,8.17661095],[79.68011475,8.17526436],[79.68050385,8.17314911],[79.68050385,8.17180347],[79.68088531,8.17084217],[79.68127441,8.16949654],[79.68204498,8.16738129],[79.68282318,8.16526604],[79.68340302,8.16372776],[79.68378448,8.16199684],[79.68532562,8.15930462],[79.68591309,8.1575737],[79.68629456,8.15603542],[79.68648529,8.15507412],[79.68759918,8.15285873]]]},"source_id":"incois_wfs","acquired_at":"2026-08-31T18:05:40.682931+00:00"},{"type":"Feature","feature_key":"471c63ded77a15e5","properties":{"FNODE_":1870,"TNODE_":1776,"LPOLY_":1,"RPOLY_":1,"LENGTH":0.83539,"BATHMETRY_":1598,"BATHMETRY1":10,"BATHMETR_1":10,"BATHYLABEL":""},"geometry":{"type":"MultiLineString","coordinates":[[[77.5824585,8.11127377],[77.58263397,8.11216354],[77.58317566,8.11305809],[77.58370972,8.11449051],[77.5842514,8.11574459],[77.58515167,8.11735535],[77.58605194,8.11878777],[77.58712769,8.12075806],[77.58802795,8.12219048],[77.58856201,8.12380123],[77.58892059,8.12487602],[77.58946228,8.12612915],[77.59000397,8.12702465],[77.59215546,8.12774086],[77.59305573,8.12845707],[77.59395599,8.12863636],[77.59629059,8.12935162],[77.59736633,8.12953091],[77.59898376,8.1306057],[77.60168457,8.13311195],[77.60276031,8.13382816],[77.60401917,8.13508129],[77.60491943,8.13651371],[77.60527802,8.13776684],[77.60581207,8.13866234],[77.60635376,8.14063168],[77.60725403,8.14152718],[77.60904694,8.14224339],[77.61084747,8.14224339],[77.61372375,8.14224339],[77.61605835,8.14224339],[77.6173172,8.1427803],[77.61893463,8.14295959],[77.62055206,8.14295959],[77.62288666,8.14349651],[77.62450409,8.1436758],[77.62539673,8.14439201],[77.62738037,8.14492893],[77.62917328,8.14582443],[77.63024902,8.14654064],[77.63240814,8.14636135],[77.63348389,8.14582443],[77.63456726,8.14546585],[77.63528442,8.14474964],[77.63636017,8.14457035],[77.63743591,8.14439201],[77.63851929,8.14421272],[77.6404953,8.14421272],[77.64192963,8.14457035],[77.64354706,8.14457035],[77.64498901,8.14528656],[77.64642334,8.14600277],[77.64696503,8.14707756],[77.64732361,8.1481514],[77.64768219,8.14994144],[77.65037537,8.15173244],[77.65306854,8.15191174],[77.65541077,8.15262699],[77.65846252,8.15280628],[77.66151428,8.15298557],[77.66259766,8.15370178],[77.66547394,8.15388107],[77.66690826,8.15316486],[77.66744995,8.15226936],[77.66834259,8.15173244],[77.6703186,8.15101624],[77.67140198,8.15065765],[77.67337799,8.15065765],[77.67445374,8.15065765],[77.67625427,8.15083694],[77.67714691,8.15119553],[77.67823029,8.15226936],[77.67894745,8.15316486],[77.68002319,8.15405941],[77.68056488,8.15495491],[77.68199921,8.15602875],[77.68505859,8.15656662],[77.6868515,8.15674496],[77.68865204,8.15674496],[77.69008636,8.15710354],[77.69206238,8.15710354],[77.69332123,8.15746117],[77.69512177,8.15746117],[77.69691467,8.15746117],[77.69979095,8.15746117],[77.70176697,8.15781975],[77.70392609,8.15817738],[77.7059021,8.15817738],[77.70841217,8.15835667],[77.70985413,8.15871429],[77.71111298,8.15871429],[77.71308899,8.15871429],[77.7148819,8.15871429],[77.71614075,8.15889359],[77.71775818,8.15889359],[77.7199173,8.15907288],[77.72117615,8.15835667],[77.72225189,8.15781975],[77.72296906,8.15692425],[77.72386932,8.15620804],[77.72566223,8.15477562],[77.72800446,8.15388107],[77.72889709,8.15316486],[77.73033905,8.15280628],[77.73195648,8.15280628],[77.73374939,8.15298557],[77.73500824,8.1533432],[77.73626709,8.15405941],[77.73752594,8.15585041],[77.73878479,8.15674496],[77.73931885,8.15764046],[77.73968506,8.15907288],[77.74004364,8.160326],[77.7407608,8.16157913],[77.74147797,8.16229534],[77.74237823,8.16247463],[77.74417114,8.16247463],[77.74633026,8.16139984],[77.74723053,8.16050529],[77.74830627,8.15978909],[77.74902344,8.15907288],[77.74992371,8.15871429],[77.75154114,8.15871429],[77.75297546,8.15871429],[77.75441742,8.15978909],[77.75513458,8.16050529],[77.7571106,8.1612215],[77.75836945,8.1612215],[77.75980377,8.16175842],[77.76088715,8.16175842],[77.76196289,8.16247463],[77.76286316,8.16319084],[77.7637558,8.1639061],[77.76483917,8.1648016],[77.76609802,8.1656971],[77.76735687,8.16677094],[77.76914978,8.16712952],[77.77095032,8.16730785],[77.77220154,8.16802406],[77.77364349,8.16856098],[77.77490234,8.16909885],[77.77579498,8.16981411],[77.77669525,8.17017269],[77.77777863,8.17106819],[77.77885437,8.17196274],[77.77975464,8.17267895],[77.78083038,8.17393208],[77.78208923,8.17482758],[77.7828064,8.17661762],[77.7829895,8.17822838],[77.78316498,8.18019772],[77.78370667,8.18216705],[77.78460693,8.1839571],[77.7853241,8.18610573],[77.78621674,8.18753815],[77.787117,8.18968582],[77.78855896,8.19165516],[77.78981781,8.19326687],[77.79035187,8.19469833],[77.79142761,8.19523525],[77.79232788,8.19559383],[77.79376984,8.19613075],[77.79520416,8.19613075],[77.79627991,8.19559383],[77.79825592,8.19595146],[77.79987335,8.19631004],[77.80095673,8.19666767],[77.80203247,8.19720459],[77.80329132,8.19756317],[77.80455017,8.19827938],[77.80634308,8.19917393],[77.80724335,8.20006943],[77.80831909,8.20096397],[77.80921936,8.20185947],[77.80993652,8.20275402],[77.81155396,8.20382881],[77.81227875,8.2065134],[77.81299591,8.20758724],[77.81371307,8.20901966],[77.81388855,8.20991516],[77.81443024,8.21116829],[77.81478882,8.21224213],[77.81533051,8.21367359],[77.81550598,8.21492672],[77.81604767,8.21600151],[77.81712341,8.21725368],[77.81748962,8.21832848],[77.81856537,8.21993923],[77.81964111,8.22154999],[77.82071686,8.22280312],[77.82197571,8.22369862],[77.82305908,8.22459316],[77.82395172,8.22513008],[77.82485199,8.22530937],[77.82701111,8.22530937],[77.82898712,8.22548866],[77.83042145,8.22674179],[77.83203888,8.22799397],[77.83239746,8.22942638],[77.83437347,8.23157406],[77.83563232,8.23318577],[77.83689117,8.23408031],[77.83886719,8.23461723],[77.84066772,8.23461723],[77.84174347,8.23443794],[77.84354401,8.23390102],[77.84516144,8.23372269],[77.84605408,8.2335434],[77.84713745,8.23336411],[77.84857178,8.23336411],[77.85018921,8.23443794],[77.85144806,8.23515415],[77.85234833,8.23587036],[77.85396576,8.23658657],[77.8550415,8.23748112],[77.85611725,8.23801804],[77.85773468,8.23909187],[77.85899353,8.23980808],[77.86025238,8.24070358],[77.86168671,8.24231434],[77.86348724,8.24356747],[77.86618042,8.24517822],[77.86762238,8.24625206],[77.86977386,8.24714756],[77.8715744,8.24786282],[77.87300873,8.24911594],[77.8764267,8.25054836],[77.87786102,8.25144291],[77.8805542,8.25269604],[77.88235474,8.25359058],[77.88468933,8.25484371],[77.88630676,8.25520134],[77.88774109,8.25609684],[77.89008331,8.25752831],[77.89241791,8.25806522],[77.89403534,8.25913906],[77.89546967,8.26021385],[77.89762878,8.26164532],[77.8996048,8.26325607],[77.90158081,8.26522541],[77.9037323,8.26719379],[77.90534973,8.26826763],[77.90840912,8.2705946],[77.91020203,8.27274227],[77.91217804,8.27363682],[77.91307831,8.27435303],[77.91595459,8.27524757],[77.91721344,8.27632141],[77.91847229,8.27667999],[77.91990662,8.27775383],[77.92170715,8.27847004],[77.92385864,8.2791853],[77.92475891,8.28025913],[77.92637634,8.28079605],[77.92727661,8.28133297],[77.92853546,8.28186989],[77.93032837,8.28276539],[77.93158722,8.28383923],[77.93320465,8.28491306],[77.93410492,8.28634453],[77.93536377,8.28759766],[77.93608093,8.28884983],[77.9367981,8.28956604],[77.93769836,8.29046059],[77.93859863,8.2911768],[77.93967438,8.29242992],[77.94075012,8.29332447],[77.94165039,8.29404068],[77.94308472,8.29547215],[77.94434357,8.29618835],[77.94542694,8.29690361],[77.94631958,8.29744053],[77.94757843,8.29797745],[77.94865417,8.29833603],[77.95063782,8.29940987],[77.95207214,8.30012512],[77.95297241,8.30066204],[77.95386505,8.30155754],[77.95602417,8.30263138],[77.95728302,8.30370522],[77.95925903,8.3047781],[77.9601593,8.30621052],[77.96069336,8.3081789],[77.96123505,8.30943203],[77.96213531,8.31140041],[77.96303558,8.31408501],[77.96375275,8.31551647],[77.96446991,8.31694794],[77.96465302,8.31784248],[77.96518707,8.31891632],[77.96608734,8.32016945],[77.9668045,8.32088566],[77.96770477,8.3217802],[77.9691391,8.32285404],[77.97093964,8.32392788],[77.97291565,8.32464314],[77.9741745,8.3260746],[77.97543335,8.3269701],[77.97705078,8.32804394],[77.97812653,8.32893848],[77.97956085,8.3294754],[77.98100281,8.33001232],[77.98262024,8.33072758],[77.98387909,8.33144379],[77.98477173,8.33198071],[77.98621368,8.33251762],[77.98764801,8.33323288],[77.98890686,8.3337698],[77.98980713,8.33430672],[77.99142456,8.33466434],[77.99268341,8.33538055],[77.99411774,8.33573818],[77.99555969,8.33591747],[77.99627686,8.33663368],[77.99789429,8.33699131],[78.00004578,8.33699131],[78.00292206,8.33716965],[78.00508118,8.33716965],[78.00759888,8.33824348],[78.0090332,8.33895969],[78.01065063,8.3396759],[78.01208496,8.34039116],[78.01298523,8.34092808],[78.01496124,8.34235954],[78.01693726,8.34325409],[78.01873779,8.34414959],[78.02071381,8.34504414],[78.02268982,8.34558105],[78.025383,8.3464756],[78.02700043,8.34683323],[78.02951813,8.34737015],[78.03203583,8.34772778],[78.034729,8.34790707],[78.0370636,8.34826469],[78.04137421,8.34826469],[78.04263306,8.34826469],[78.04460907,8.34844398],[78.0462265,8.34880161],[78.04820251,8.34951782],[78.04964447,8.35005474],[78.0510788,8.35023308],[78.05197906,8.35041237],[78.05395508,8.35077],[78.05683136,8.35059166],[78.05862427,8.35041237],[78.05952454,8.35023308],[78.06060028,8.34969616],[78.06185913,8.3489809],[78.06311798,8.34844398],[78.06473541,8.34772778],[78.06599426,8.34719086],[78.06778717,8.34629631],[78.06976318,8.34593868],[78.07138062,8.34593868],[78.07263947,8.34665489],[78.07353973,8.34808636],[78.07408142,8.3489809],[78.07461548,8.35041237],[78.07479858,8.35148621],[78.07534027,8.35309601],[78.07623291,8.35452843],[78.07767487,8.3557806],[78.07875061,8.35613823],[78.08019257,8.35649681],[78.08144379,8.35649681],[78.08288574,8.35649681],[78.08432007,8.35649681],[78.08629608,8.35631752],[78.08737946,8.35649681],[78.08827209,8.35703278],[78.09007263,8.35810661],[78.09169006,8.35918045],[78.09276581,8.36043358],[78.09384155,8.36240101],[78.09545898,8.36347485],[78.09707642,8.36454868],[78.09851837,8.36526489],[78.10031128,8.36615944],[78.10157013,8.36687469],[78.10354614,8.3675909],[78.1049881,8.36848545],[78.10642242,8.36991692],[78.10732269,8.37099075],[78.10839844,8.37295914],[78.10894012,8.37385368],[78.11001587,8.37492657],[78.11109161,8.37671661],[78.11199188,8.3777895],[78.11343384,8.3802948],[78.11450958,8.38172626],[78.11486816,8.38369465],[78.11522675,8.38512611],[78.11540985,8.38655758],[78.11576843,8.38780975],[78.11576843,8.38906288],[78.11594391,8.39013577],[78.1164856,8.3912096],[78.1164856,8.39264107],[78.1164856,8.39407253],[78.1166687,8.39532471],[78.11702728,8.39657784],[78.11720276,8.39783001],[78.11756134,8.39908218],[78.11756134,8.40069294],[78.11791992,8.40301895],[78.11828613,8.40409184],[78.11846161,8.40516567],[78.11882019,8.40623951],[78.1190033,8.40767097],[78.11953735,8.40892315],[78.12007904,8.41071224],[78.12097931,8.41285896],[78.12169647,8.41446972],[78.12187958,8.41607952],[78.12241364,8.41715336],[78.12277222,8.41894245],[78.12385559,8.42090988],[78.12438965,8.42269897],[78.12474823,8.42359352],[78.12528992,8.42448807],[78.1258316,8.42609882],[78.12654877,8.427351],[78.12709045,8.42860317],[78.12762451,8.42949772],[78.12834167,8.43128681],[78.12942505,8.43236065],[78.13014221,8.4332552],[78.13085938,8.43450737],[78.13193512,8.43522263],[78.13283539,8.43629646],[78.13373566,8.43647575],[78.1348114,8.43665409],[78.13625336,8.43683338],[78.13822937,8.43683338],[78.13912964,8.43611717],[78.14110565,8.43522263],[78.14235687,8.43432808],[78.14344025,8.43361282],[78.14505768,8.43271828],[78.14667511,8.43182373],[78.14829254,8.43074989],[78.15008545,8.42985535],[78.15242004,8.42931938],[78.15332031,8.42824554],[78.15476227,8.42753029],[78.1563797,8.42663574],[78.15817261,8.42609882],[78.16033173,8.42609882],[78.16194916,8.42645645],[78.16356659,8.42627716],[78.16481781,8.42717171],[78.16643524,8.42842484],[78.16751862,8.42878246],[78.16841888,8.43003464],[78.16913605,8.43092918],[78.16931152,8.43236065],[78.16931152,8.43361282],[78.16931152,8.43540192],[78.16877747,8.43629646],[78.16769409,8.43701172],[78.16571808,8.43790627],[78.16428375,8.43933773],[78.1630249,8.44005299],[78.16194916,8.44041157],[78.16086578,8.44094753],[78.15960693,8.44202137],[78.15871429,8.44291592],[78.15709686,8.44363117],[78.15583801,8.44452572],[78.15493774,8.4464941],[78.15367889,8.4481039],[78.15260315,8.44953537],[78.15242004,8.45060825],[78.1515274,8.45203972],[78.1515274,8.45329189],[78.1513443,8.45418644],[78.1513443,8.45526028],[78.1513443,8.45687008],[78.1513443,8.45794296],[78.15170288,8.46008968],[78.15188599,8.46134186],[78.15206146,8.46277332],[78.15224457,8.46366787],[78.15278625,8.46456242],[78.15278625,8.46617222],[78.15278625,8.46831894],[78.15278625,8.47010803],[78.15314484,8.47225475],[78.15332031,8.47440147],[78.15422058,8.47601128],[78.15476227,8.47797871],[78.15583801,8.48030472],[78.15673828,8.4813776],[78.15763092,8.48316669],[78.15853119,8.48441887],[78.15943146,8.48567104],[78.16086578,8.48692322],[78.16159058,8.48781776],[78.16266632,8.48924828],[78.16358948,8.49033165]]]},"source_id":"incois_wfs","acquired_at":"2026-08-31T18:05:40.682931+00:00"},{"type":"Feature","feature_key":"130209c272dc45e2","properties":{"FNODE_":1883,"TNODE_":1729,"LPOLY_":1,"RPOLY_":1,"LENGTH":1.62978,"BATHMETRY_":1607,"BATHMETRY1":20,"BATHMETR_1":20,"BATHYLABEL":""},"geometry":{"type":"MultiLineString","coordinates":[[[77.57809448,8.06588936],[77.58029938,8.06777859],[77.58263397,8.0684948],[77.58532715,8.06956863],[77.58874512,8.07064342],[77.59233856,8.07135963],[77.59557343,8.07315063],[77.59790802,8.07458305],[77.59934235,8.07762718],[77.60095978,8.07941818],[77.60204315,8.08120823],[77.60366058,8.08228302],[77.60545349,8.08299923],[77.60904694,8.08371544],[77.61192322,8.08514786],[77.61299896,8.08747578],[77.61408234,8.09051991],[77.61425781,8.09266853],[77.61425781,8.09463882],[77.61461639,8.09607124],[77.61534119,8.09696674],[77.61641693,8.09732437],[77.61767578,8.09750366],[77.62001038,8.09750366],[77.62288666,8.09732437],[77.62557983,8.09750366],[77.62845612,8.09875679],[77.63007355,8.10000992],[77.63114929,8.10162163],[77.63169098,8.10305405],[77.63222504,8.10394955],[77.63330841,8.10448647],[77.63420868,8.10466576],[77.63707733,8.10538197],[77.64067078,8.10806751],[77.64318848,8.11075401],[77.64516449,8.11200714],[77.64804077,8.11326027],[77.65145874,8.11451435],[77.65486908,8.11558819],[77.65827942,8.11666298],[77.66188049,8.11845303],[77.66493225,8.11988544],[77.66726685,8.12203407],[77.66888428,8.12436199],[77.67068481,8.12615204],[77.67176056,8.12776375],[77.67427826,8.13009167],[77.67678833,8.13259792],[77.67876434,8.13385105],[77.68038177,8.13474655],[77.682724,8.13564205],[77.68397522,8.13635731],[77.68577576,8.13635731],[77.68739319,8.13635731],[77.68955231,8.13582039],[77.69224548,8.13528347],[77.69458008,8.13474655],[77.6967392,8.13367176],[77.69997406,8.13223934],[77.70302582,8.13170242],[77.70643616,8.13062859],[77.70877838,8.13009167],[77.71183014,8.12991238],[77.71470642,8.13098621],[77.71775818,8.13277721],[77.72045135,8.13403034],[77.72315216,8.13510418],[77.72530365,8.1365366],[77.72782135,8.1374321],[77.73015594,8.13814831],[77.73231506,8.13814831],[77.73483276,8.13814831],[77.73931885,8.1374321],[77.7430954,8.13689518],[77.74704742,8.13635731],[77.75135803,8.13635731],[77.75531769,8.13617897],[77.75926971,8.13725281],[77.76177979,8.13814831],[77.76286316,8.13904381],[77.76339722,8.14029694],[77.76358032,8.14155006],[77.76322174,8.14369869],[77.76232147,8.14638424],[77.76250458,8.1487112],[77.76286316,8.15014362],[77.76358032,8.15157604],[77.76429749,8.15229225],[77.7664566,8.15265083],[77.76807404,8.15193462],[77.76914978,8.15032291],[77.76986694,8.14853287],[77.77040863,8.14656353],[77.77112579,8.14513111],[77.77256775,8.14334011],[77.77436066,8.14119148],[77.77687836,8.14083385],[77.78083038,8.14119148],[77.78352356,8.14137077],[77.78604126,8.14244556],[77.78855896,8.1435194],[77.79071045,8.14387798],[77.79322815,8.14423561],[77.79627991,8.14423561],[77.79933929,8.14423561],[77.80203247,8.14405632],[77.80490875,8.14387798],[77.80688477,8.14316177],[77.81066132,8.14226627],[77.81263733,8.14190769],[77.81533051,8.14172935],[77.81748962,8.14155006],[77.82071686,8.14208698],[77.82485199,8.1426239],[77.82880402,8.14316177],[77.83365631,8.14316177],[77.83833313,8.1435194],[77.84138489,8.1435194],[77.84461975,8.14459324],[77.84911346,8.14602566],[77.85198975,8.14781666],[77.85432434,8.1505022],[77.8548584,8.1540823],[77.85575867,8.15712643],[77.85540009,8.1610651],[77.85449982,8.16410828],[77.85324097,8.1662569],[77.85216522,8.16930008],[77.85216522,8.17198563],[77.85306549,8.17341805],[77.85558319,8.1750288],[77.85791779,8.17771435],[77.85845184,8.1811161],[77.85917664,8.1855917],[77.86006927,8.18809795],[77.86258698,8.189888],[77.86563873,8.19203663],[77.8688736,8.19436359],[77.86923218,8.19633293],[77.86959839,8.19758606],[77.87013245,8.19883919],[77.87121582,8.19991302],[77.87319183,8.20009232],[77.87480927,8.20009232],[77.87731934,8.20009232],[77.87966156,8.19901752],[77.88037872,8.19758606],[77.8805542,8.1950798],[77.88091278,8.19328976],[77.88127136,8.19096184],[77.88181305,8.18881416],[77.883255,8.18738174],[77.88414764,8.18523407],[77.88540649,8.18326473],[77.88487244,8.18093681],[77.88414764,8.17914677],[77.88199615,8.17735672],[77.87983704,8.17664051],[77.87911987,8.17449188],[77.87857819,8.171628],[77.87804413,8.16930008],[77.87750244,8.16661453],[77.87750244,8.16375065],[77.87857819,8.16124439],[77.88002014,8.15945339],[77.8830719,8.15820026],[77.88576508,8.15820026],[77.88828278,8.15837955],[77.89044189,8.15945339],[77.89205933,8.16070652],[77.89349365,8.16142273],[77.89421082,8.16231823],[77.89582825,8.16285515],[77.8972702,8.16303444],[77.89888763,8.16267586],[77.89978027,8.1619606],[77.90068054,8.16124439],[77.90248108,8.1610651],[77.9037323,8.16213894],[77.90409851,8.16375065],[77.9037323,8.16607761],[77.90319824,8.16912174],[77.90301514,8.17216492],[77.90283966,8.17449188],[77.90337372,8.17646122],[77.90409851,8.17735672],[77.90589142,8.17717743],[77.90769196,8.17807293],[77.90840912,8.1802206],[77.90840912,8.18236923],[77.90733337,8.18451786],[77.90607452,8.18720245],[77.90481567,8.18845558],[77.90319824,8.18953037],[77.90139771,8.19132042],[77.90013885,8.19239426],[77.8996048,8.19436359],[77.89888763,8.19669056],[77.89816284,8.19812298],[77.89780426,8.19991302],[77.89690399,8.20116615],[77.89636993,8.2029562],[77.89601135,8.20599937],[77.89636993,8.20850563],[77.8970871,8.21029568],[77.89942169,8.21154881],[77.90139771,8.21262264],[77.90391541,8.21280193],[77.90715027,8.21262264],[77.91110229,8.21262264],[77.9154129,8.21262264],[77.92008972,8.21298122],[77.92385864,8.21405506],[77.92745209,8.21638203],[77.93032837,8.21960449],[77.93536377,8.22389984],[77.93661499,8.22533226],[77.93913269,8.22926998],[77.94039154,8.23177624],[77.94165039,8.23392391],[77.94398499,8.23571396],[77.94578552,8.23696709],[77.94793701,8.23822021],[77.95009613,8.23911572],[77.95207214,8.23983097],[77.95566559,8.24001026],[77.96033478,8.24126339],[77.96465302,8.24180031],[77.96949768,8.24323177],[77.97453308,8.24484348],[77.97866821,8.24555874],[77.98459625,8.24645424],[77.99034882,8.24663353],[77.99663544,8.24663353],[78.00328064,8.24573803],[78.0088501,8.24484348],[78.01478577,8.24287415],[78.02107239,8.24180031],[78.02628326,8.24001026],[78.0322113,8.23804092],[78.0345459,8.23750401],[78.03813934,8.23786259],[78.04101563,8.23911572],[78.04425049,8.24018955],[78.04748535,8.24287415],[78.05090332,8.24412727],[78.05269623,8.24609566],[78.05664825,8.24860191],[78.05916595,8.24985504],[78.0627594,8.25110817],[78.06616974,8.25110817],[78.06904602,8.25110817],[78.07263947,8.25092888],[78.07623291,8.25092888],[78.08019257,8.25110817],[78.08270264,8.25200272],[78.08629608,8.25289822],[78.08899689,8.25450897],[78.09474182,8.25665665],[78.09923553,8.25862503],[78.10318756,8.26059437],[78.10803986,8.26292133],[78.11127472,8.26578522],[78.11468506,8.26793289],[78.11791992,8.27008057],[78.12169647,8.27169132],[78.1256485,8.27294445],[78.13085938,8.27294445],[78.13930511,8.27169132],[78.14703369,8.26990128],[78.15260315,8.26829052],[78.15799713,8.27008057],[78.16338348,8.2711544],[78.16949463,8.27222824],[78.17524719,8.27312279],[78.1818924,8.273839],[78.186203,8.27527046],[78.18997955,8.27741909],[78.19429016,8.27902985],[78.19770813,8.28081894],[78.20093536,8.2824297],[78.20489502,8.28404045],[78.20920563,8.28475666],[78.21208191,8.28565121],[78.21531677,8.28672504],[78.21891022,8.28815746],[78.22142029,8.28994656],[78.22412109,8.29102039],[78.22681427,8.29352665],[78.22933197,8.29513741],[78.23184204,8.297822],[78.23400116,8.30014801],[78.23561859,8.30301189],[78.23616028,8.30569649],[78.23616028,8.30784416],[78.23526001,8.30963326],[78.23364258,8.31106567],[78.2307663,8.31303406],[78.23004913,8.31643391],[78.23004913,8.31822395],[78.2307663,8.32234001],[78.23040771,8.32448769],[78.22914886,8.32645607],[78.22753143,8.32806683],[78.225914,8.32806683],[78.22412109,8.32788754],[78.22232056,8.32663441],[78.22106171,8.32556057],[78.22034454,8.32377148],[78.21962738,8.32198143],[78.21891022,8.32019234],[78.21746826,8.31804466],[78.21585083,8.31625557],[78.21369934,8.31374931],[78.21028137,8.31124401],[78.20614624,8.30999184],[78.20201874,8.30945492],[78.20004272,8.31017017],[78.19806671,8.31160259],[78.19716644,8.31374931],[78.19644928,8.3166132],[78.19644928,8.32054996],[78.19644928,8.32323456],[78.19554901,8.32735062],[78.19447327,8.33110905],[78.19177246,8.33432961],[78.18997955,8.33862495],[78.18962097,8.34220409],[78.18943787,8.34524536],[78.19015503,8.34739304],[78.19231415,8.34954071],[78.19519043,8.35150909],[78.19716644,8.35186672],[78.20147705,8.35329819],[78.20471191,8.3540144],[78.20830536,8.35526657],[78.21261597,8.35777187],[78.21729279,8.36117172],[78.22070313,8.36421394],[78.22501373,8.36815071],[78.22735596,8.37047672],[78.23040771,8.37387657],[78.23184204,8.37584496],[78.23400116,8.37763405],[78.23687744,8.38013935],[78.23957062,8.38371754],[78.24208832,8.38622284],[78.24406433,8.38890648],[78.24658203,8.39230633],[78.24963379,8.39570618],[78.25232697,8.40017891],[78.25610352,8.40518856],[78.25789642,8.40805149],[78.25933838,8.40966129],[78.26239014,8.41306114],[78.26472473,8.41538715],[78.26706696,8.4178915],[78.26976013,8.42093277],[78.27317047,8.4254055],[78.27568817,8.43041515],[78.2773056,8.43453026],[78.27838135,8.43846607],[78.27873993,8.4431181],[78.27873993,8.4463377],[78.27784729,8.4497366],[78.27604675,8.45206261],[78.27425385,8.45474625],[78.27191162,8.45760822],[78.26940155,8.4613657],[78.26760101,8.46351242],[78.26598358,8.46673203],[78.26526642,8.47031021],[78.26490784,8.47227764],[78.26526642,8.47603416],[78.26598358,8.47853851],[78.26742554,8.48175812],[78.26940155,8.48354721],[78.27173615,8.4853363],[78.27425385,8.48676682],[78.27802277,8.4887352],[78.28161621,8.49106026],[78.28323364,8.49392223],[78.28269958,8.49588966],[78.28179932,8.49803638],[78.28125763,8.49946785],[78.27802277,8.50143528],[78.2755127,8.50232983],[78.272995,8.50286579],[78.27083588,8.50501251],[78.26831818,8.50697994],[78.26616669,8.50894833],[78.26419067,8.51180935],[78.26347351,8.51377773],[78.26239014,8.51646042],[78.26221466,8.51968002],[78.26293182,8.52307796],[78.26436615,8.52540398],[78.26850128,8.52683449],[78.27209473,8.52754974],[78.27640533,8.528265],[78.28018188,8.5298748],[78.28485107,8.5314846],[78.28826904,8.53363132],[78.29114532,8.53613567],[78.2938385,8.53917599],[78.29563141,8.54257393],[78.29653168,8.54579353],[78.29689026,8.55062294],[78.29689026,8.55437851],[78.29743195,8.55831337],[78.2986908,8.5626049],[78.3004837,8.56636143],[78.30228424,8.570117],[78.30587769,8.57387257],[78.30911255,8.57727051],[78.31378174,8.58263588],[78.3170166,8.58603382],[78.31970978,8.5896101],[78.32079315,8.5937233],[78.32043457,8.59676361],[78.31899261,8.59944534],[78.3168335,8.59980297],[78.31414032,8.59962463],[78.31216431,8.59783649],[78.31054688,8.59497452],[78.30911255,8.59265041],[78.30749512,8.59032536],[78.30569458,8.58889484],[78.30192566,8.58764267],[78.29886627,8.58835793],[78.2963562,8.59050465],[78.29455566,8.59336567],[78.29437256,8.59622669],[78.29491425,8.59908772],[78.29707336,8.60123444],[78.30084229,8.60248566],[78.3055191,8.60463142],[78.30875397,8.60624123],[78.31180573,8.60963917],[78.31306458,8.61321545],[78.31288147,8.61714935],[78.31126404,8.620368],[78.30964661,8.6228714],[78.30802917,8.62555408],[78.30677795,8.62877274],[78.3055191,8.6318121],[78.30479431,8.63610363],[78.30335999,8.64164639],[78.30318451,8.6446867],[78.30318451,8.6470108],[78.30318451,8.65130234],[78.30354309,8.6559515],[78.30390167,8.65809631],[78.30426025,8.66024208],[78.30516052,8.66256618],[78.30695343,8.66524887],[78.31090546,8.66900349],[78.31342316,8.67186356],[78.31611633,8.67615509],[78.31755829,8.67990971],[78.31827545,8.68330669],[78.32006836,8.68652439],[78.32241058,8.69027901],[78.32546234,8.69242477],[78.32887268,8.69492722],[78.33283234,8.69707298],[78.33750153,8.69886112],[78.34217072,8.69921875],[78.345047,8.69975471],[78.34989929,8.69921875],[78.35511017,8.69689465],[78.3592453,8.69564247],[78.36248016,8.69349766],[78.36607361,8.69135189],[78.36876678,8.6904583],[78.37200165,8.69081593],[78.37523651,8.69314003],[78.37631226,8.69707298],[78.37613678,8.70154285],[78.37469482,8.70547581],[78.37271881,8.70922947],[78.37038422,8.71155357],[78.3684082,8.71369934],[78.36660767,8.71584415],[78.3640976,8.71781063],[78.36248016,8.71977711],[78.36050415,8.72299576],[78.35960388,8.72710705],[78.35960388,8.73139763],[78.35996246,8.73497295],[78.3592453,8.73944187],[78.35852814,8.74230194],[78.35870361,8.74551964],[78.36013794,8.74712849],[78.36427307,8.75052452],[78.3658905,8.75356388],[78.36769104,8.75570869],[78.36984253,8.75892639],[78.37236023,8.76053429]]]},"source_id":"incois_wfs","acquired_at":"2026-08-31T18:05:40.682931+00:00"},{"type":"Feature","feature_key":"93dee2b856d7479e","properties":{"FNODE_":1893,"TNODE_":1850,"LPOLY_":1,"RPOLY_":1,"LENGTH":0.223098,"BATHMETRY_":1612,"BATHMETRY1":50,"BATHMETR_1":50,"BATHYLABEL":""},"geometry":{"type":"MultiLineString","coordinates":[[[78.25656128,8.01295662],[78.25853729,8.0151062],[78.26015472,8.0168972],[78.26177216,8.01850891],[78.26320648,8.02012062],[78.26464844,8.02155399],[78.26590729,8.02280712],[78.26716614,8.02441883],[78.26841736,8.0258522],[78.26967621,8.02746391],[78.27183533,8.03015041],[78.27309418,8.03194141],[78.27416992,8.03337383],[78.27560425,8.03552246],[78.27758789,8.03749275],[78.27866364,8.03910446],[78.2795639,8.04053688],[78.28063965,8.04232788],[78.28171539,8.04340267],[78.28279877,8.04590988],[78.28369141,8.0473423],[78.28495026,8.0491333],[78.28639221,8.05128193],[78.28710938,8.05307293],[78.28800964,8.05504322],[78.2885437,8.05665493],[78.28926086,8.05844593],[78.28998566,8.06023598],[78.2910614,8.0634594],[78.29177856,8.06542969],[78.29249573,8.06775761],[78.29322052,8.06972694],[78.2935791,8.07133865],[78.29429626,8.07330894],[78.29501343,8.07688999],[78.2959137,8.0793972],[78.29698944,8.08262062],[78.29717255,8.08512783],[78.2977066,8.08781338],[78.29806519,8.09032059],[78.2984314,8.09246922],[78.2984314,8.09336472],[78.29914856,8.09587097],[78.30004883,8.09945202],[78.30076599,8.10321236],[78.30130005,8.10733128],[78.30165863,8.11073303],[78.30202484,8.11413479],[78.30220032,8.11735821],[78.30238342,8.11950684],[78.302742,8.12165546],[78.30310059,8.12434101],[78.30345917,8.12774277],[78.30345917,8.13007069],[78.30345917,8.13365173],[78.30364227,8.13812733],[78.30364227,8.14134979],[78.30400085,8.14457321],[78.30417633,8.14690018],[78.30417633,8.15030193],[78.30489349,8.15334606],[78.30561829,8.15567303],[78.30633545,8.15746403],[78.30741119,8.16014957],[78.30885315,8.16193962],[78.31028748,8.16426659],[78.3117218,8.16605759],[78.31388092,8.16802692],[78.31568146,8.16963768],[78.31855011,8.17214394],[78.32125092,8.17411327],[78.32322693,8.17590332],[78.32520294,8.17733574],[78.32717896,8.17894745],[78.32843781,8.18002129],[78.32951355,8.1807375],[78.33184814,8.18252754],[78.3332901,8.18342304],[78.33724213,8.18646622],[78.34101105,8.1893301],[78.34388733,8.19183636],[78.34586334,8.19398499],[78.34748077,8.1954174],[78.34856415,8.19702816],[78.34963989,8.1989975],[78.35071564,8.20132446],[78.35125732,8.20293522],[78.35089874,8.20293522]]]},"source_id":"incois_wfs","acquired_at":"2026-08-31T18:05:40.682931+00:00"},{"type":"Feature","feature_key":"25433f2b0e1e390b","properties":{"FNODE_":1664,"TNODE_":1898,"LPOLY_":1,"RPOLY_":1,"LENGTH":2.45121,"BATHMETRY_":1614,"BATHMETRY1":20,"BATHMETR_1":20,"BATHYLABEL":""},"geometry":{"type":"MultiLineString","coordinates":[[[78.49616241,9.01998806],[78.49958038,9.01998806],[78.50371552,9.01998806],[78.50946045,9.02052402],[78.51485443,9.02105999],[78.52059937,9.02231026],[78.52635193,9.02338123],[78.52994537,9.02409649],[78.53623199,9.02570343],[78.5412674,9.02766895],[78.54917145,9.03016949],[78.55330658,9.03195572],[78.55761719,9.03374195],[78.56139374,9.03570652],[78.56534576,9.03784943],[78.56893921,9.03999329],[78.57217407,9.04177952],[78.57594299,9.04463673],[78.57917786,9.0473156],[78.5827713,9.04945946],[78.58547211,9.0510664],[78.58870697,9.05249596],[78.59355927,9.05267429],[78.59877014,9.05267429],[78.60361481,9.05267429],[78.60936737,9.05160236],[78.61547852,9.05017376],[78.62230682,9.04838753],[78.63165283,9.0473156],[78.63722229,9.04570866],[78.64225006,9.04392242],[78.64836121,9.04070759],[78.6555481,9.03749275],[78.66057587,9.03463459],[78.66614532,9.03177643],[78.67046356,9.02945518],[78.67549133,9.02784729],[78.68016815,9.02588272],[78.68447876,9.02427483],[78.68717194,9.02427483],[78.69148254,9.02463245],[78.69418335,9.02534676],[78.697052,9.02802563],[78.70280457,9.03159809],[78.70747375,9.03445625],[78.71070862,9.0367775],[78.71502686,9.03820705],[78.71897888,9.03892136],[78.72616577,9.04070759],[78.73227692,9.04124355],[78.73892212,9.04160023],[78.74377441,9.04267216],[78.75131989,9.04374409],[78.76300049,9.04463673],[78.77037048,9.04553032],[78.78258514,9.0466013],[78.78995514,9.04767323],[78.79930115,9.04910183],[78.80630493,9.05017376],[78.81079865,9.05142403],[78.81582642,9.05231667],[78.82050323,9.05303097],[78.82750702,9.05446053],[78.83505249,9.05642509],[78.84223938,9.0578537],[78.85140991,9.0601759],[78.8584137,9.06249714],[78.86506653,9.0653553],[78.8700943,9.06731987],[78.87440491,9.06946278],[78.88033295,9.07178402],[78.88518524,9.07249928],[78.88877869,9.07231998],[78.8932724,9.07160568],[78.89812469,9.07089138],[78.90279388,9.07017708],[78.90837097,9.06785488],[78.91375732,9.0660696],[78.9189682,9.06481934],[78.92562103,9.06356907],[78.93244934,9.0623188],[78.93927765,9.06142616],[78.9469986,9.06035423],[78.95562744,9.05892563],[78.96407318,9.05731773],[78.96838379,9.05678177],[78.97233582,9.05731773],[78.97737122,9.05767536],[78.98258209,9.05946159],[78.99030304,9.06249714],[78.99659729,9.0660696],[79.00144196,9.06874847],[79.00791168,9.07142735],[79.01294708,9.07249928],[79.01941681,9.07535648],[79.02534485,9.07732105],[79.03360748,9.0803566],[79.04007721,9.08267879],[79.04762268,9.0848217],[79.05463409,9.08625031],[79.05966187,9.08821487],[79.06361389,9.0885725],[79.06739044,9.08946514],[79.07314301,9.09017944],[79.08158875,9.09053612],[79.0894928,9.09107208],[79.09901428,9.09125042],[79.10817719,9.09160805],[79.11644745,9.09125042],[79.12327576,9.09053612],[79.13117981,9.09000111],[79.13980865,9.08875084],[79.14662933,9.08839321],[79.15507507,9.08714294],[79.15975189,9.08625031],[79.16208649,9.08571434],[79.16945648,9.08535767],[79.17879486,9.085536],[79.18364716,9.08535767],[79.18994141,9.085536],[79.19532776,9.085536],[79.20161438,9.08571434],[79.20862579,9.08678627],[79.21401215,9.08875084],[79.21922302,9.09142971],[79.22264099,9.09357262],[79.22641754,9.09607315],[79.23144531,9.09857273],[79.23701477,9.099823],[79.24222565,9.09946537],[79.24707794,9.0991087],[79.25193024,9.09785843],[79.25624084,9.09589386],[79.26073456,9.09303665],[79.26576233,9.08964348],[79.27079773,9.08839321],[79.27816772,9.08839321],[79.2833786,9.08892918],[79.28607178,9.08875084],[79.29109955,9.08803654],[79.29451752,9.08678627],[79.29936981,9.08392906],[79.30601501,9.0810709],[79.31302643,9.07874966],[79.32128906,9.07660675],[79.32811737,9.07410622],[79.33242798,9.07178402],[79.3371048,9.06785488],[79.34033966,9.06339073],[79.34320831,9.05892563],[79.34555054,9.05517483],[79.34986115,9.05070972],[79.35560608,9.04695892],[79.36045837,9.04428005],[79.36387634,9.04302979],[79.36675262,9.04106426],[79.36764526,9.03749275],[79.36656952,9.03392029],[79.36387634,9.03249073],[79.35974121,9.03159809],[79.35471344,9.0330267],[79.35003662,9.03499222],[79.34716034,9.03570652],[79.34375,9.03588486],[79.34033966,9.03445625],[79.33908081,9.03338432],[79.33602142,9.03106213],[79.33261108,9.02606106],[79.33099365,9.02231026],[79.3297348,9.01873779],[79.3295517,9.0148077],[79.33081055,9.0110569],[79.33476257,9.00641155],[79.33728027,9.00337505],[79.33979797,9.00087452],[79.34105682,8.99855232],[79.34303284,8.99480057],[79.34590912,8.99194241],[79.35003662,8.98944187],[79.35507202,8.98854828],[79.36154175,8.98586845],[79.36602783,8.98318958],[79.36837006,8.9806881],[79.37088013,8.97800827],[79.37411499,8.97389984],[79.37717438,8.97104168],[79.38076782,8.96800423],[79.38579559,8.96496773],[79.39064789,8.9630022],[79.39711761,8.96175194],[79.40161133,8.96210957],[79.40394592,8.96371651],[79.40502167,8.96711159],[79.40520477,8.97175598],[79.40520477,8.97568607],[79.4066391,8.97943783],[79.40789795,8.98229599],[79.4091568,8.98569012],[79.40969849,8.98997784],[79.40843964,8.99301434],[79.40573883,8.99605083],[79.40340424,8.99926662],[79.40268707,9.00212479],[79.40358734,9.00498295],[79.40592194,9.00641155],[79.41005707,9.00819874],[79.41490936,9.00927067],[79.41886139,9.00980663],[79.42424774,9.00998497],[79.42766571,9.00980663],[79.43215942,9.00819874],[79.43466949,9.00516129],[79.43611145,9.00194645],[79.43790436,8.99944496],[79.44006348,8.99748039],[79.4438324,8.99712276],[79.44670868,8.99783707],[79.45174408,8.99837303],[79.4578476,8.9965868],[79.462883,8.99533653],[79.4697113,8.99265671],[79.47563934,8.99033451],[79.48085022,8.98783398],[79.48552704,8.98586845],[79.49253082,8.98158169],[79.49684143,8.97997379],[79.50151825,8.97747231],[79.50528717,8.97515011],[79.50888062,8.97193432],[79.51068115,8.96907616],[79.51158142,8.96586037],[79.51301575,8.96193027],[79.51660919,8.95978642],[79.52217865,8.95907211],[79.52703094,8.95907211],[79.53385925,8.95889378],[79.53925323,8.95871449],[79.54428101,8.95835781],[79.54930878,8.95657063],[79.55488586,8.95407009],[79.56045532,8.9508543],[79.56530762,8.94781685],[79.56997681,8.94334984],[79.57608795,8.93816948],[79.58057404,8.93280888],[79.58273315,8.92959309],[79.58506775,8.9263773],[79.58704376,8.92244625],[79.58848572,8.91833687],[79.58901978,8.91529942],[79.58830261,8.91261959],[79.58615112,8.91029644],[79.58345032,8.9101181],[79.57949829,8.91083241],[79.57680511,8.91190434],[79.57302856,8.91190434],[79.56890106,8.90922451],[79.56584167,8.90654469],[79.56260681,8.90529346],[79.55722046,8.90332794],[79.55344391,8.90350723],[79.55039215,8.90582943],[79.54859161,8.90851021],[79.54805756,8.91154766],[79.54679871,8.91440582],[79.54535675,8.91601467],[79.54373932,8.91672897],[79.54140472,8.91619301],[79.53942871,8.91422749],[79.53726959,8.91119003],[79.53565979,8.90743732],[79.53457642,8.90368557],[79.53295898,8.90029049],[79.53116608,8.89832497],[79.52846527,8.89689541],[79.52469635,8.89671707],[79.52163696,8.89671707],[79.51786804,8.89600182],[79.5160675,8.89385796],[79.51535034,8.89028454],[79.51589203,8.88599586],[79.51660919,8.88242245],[79.51858521,8.87795448],[79.52289581,8.87438107],[79.52667236,8.87295151],[79.53026581,8.87152195],[79.53350067,8.86973476],[79.53673553,8.86705399],[79.53925323,8.86348057],[79.54014587,8.86062145],[79.54122925,8.85615349],[79.54320526,8.85132885],[79.54571533,8.84686089],[79.5491333,8.84096336],[79.55236816,8.8348875],[79.55613708,8.8279171],[79.55865479,8.82094765],[79.55937195,8.8154068],[79.5581131,8.80950928],[79.55541992,8.80486202],[79.5539856,8.80164528],[79.55362701,8.79824924],[79.55344391,8.79449558],[79.55434418,8.79199314],[79.55686188,8.79092121],[79.56009674,8.79092121],[79.56350708,8.79306602],[79.56781769,8.79592514],[79.57105255,8.79806995],[79.57608795,8.80093002],[79.57985687,8.80253887],[79.58255768,8.80325317],[79.58615112,8.80307484],[79.58974457,8.80146599],[79.59297943,8.79896355],[79.59513092,8.79628277],[79.59657288,8.79306602],[79.59746552,8.78931236],[79.5978241,8.78627396],[79.59872437,8.78341389],[79.59962463,8.77894592],[79.60016632,8.77608585],[79.6005249,8.77394104],[79.60124207,8.77251053],[79.60160065,8.76982975],[79.60340118,8.76554012],[79.60573578,8.76053429],[79.60788727,8.75570869],[79.61058807,8.75106049],[79.61309814,8.74766445],[79.61561584,8.74391079],[79.61849213,8.74033546],[79.62208557,8.73586655],[79.62532043,8.73086071],[79.62783813,8.72621346],[79.62998962,8.72102928],[79.631073,8.71548653],[79.63250732,8.70994473],[79.63555908,8.70601177],[79.63969421,8.70154285],[79.64238739,8.69886112],[79.64490509,8.69456959],[79.64813995,8.68902779],[79.65065765,8.68402195],[79.65335083,8.67883682],[79.65550995,8.67418861],[79.65658569,8.67007637],[79.65604401,8.66578484],[79.65370941,8.66220856],[79.6517334,8.65720272],[79.65137482,8.65362644],[79.6519165,8.65022945],[79.65245056,8.64558029],[79.65335083,8.64021587],[79.6542511,8.63431549],[79.65460968,8.62877274],[79.65550995,8.62483883],[79.65532684,8.62054634],[79.65640259,8.61536121],[79.65766144,8.60963917],[79.65982056,8.60320091],[79.66197968,8.59712124],[79.66484833,8.58835793],[79.66629028,8.58406639],[79.66844177,8.57744884],[79.6700592,8.57136822],[79.67203522,8.56671906],[79.67401886,8.56063843],[79.67581177,8.55491447],[79.6774292,8.54990673],[79.67778778,8.5438261],[79.67814636,8.53738689],[79.67814636,8.5332737],[79.67832947,8.52754974],[79.67904663,8.52272034],[79.67922974,8.52003765],[79.68083954,8.51288319],[79.68209839,8.50662231],[79.68371582,8.50215054],[79.68389893,8.49893093],[79.68497467,8.49499607],[79.68587494,8.48891354],[79.6865921,8.4837265],[79.68749237,8.4787178],[79.68820953,8.47424507],[79.68820953,8.46995163],[79.68856812,8.46601677],[79.6889267,8.46029186],[79.6891098,8.45599842],[79.6891098,8.45134735],[79.68946838,8.44651699],[79.6891098,8.4429388],[79.68856812,8.43846607],[79.68803406,8.43453026],[79.68713379,8.42987823],[79.6865921,8.42576408],[79.68587494,8.42057514],[79.68569183,8.41610241],[79.68533325,8.40894604],[79.68515778,8.40250492],[79.68497467,8.39642143],[79.68479919,8.39069557],[79.68461609,8.38568592],[79.6840744,8.37906551],[79.68389893,8.37208652],[79.68371582,8.36636066],[79.68389893,8.36188793],[79.68461609,8.35759258],[79.68461609,8.35168743],[79.68587494,8.34399319],[79.6865921,8.33826637],[79.68785095,8.33092976],[79.68928528,8.3216238],[79.69036865,8.31374931],[79.69090271,8.3080225],[79.69090271,8.30140114],[79.68965149,8.29406357],[79.68928528,8.29012585],[79.68820953,8.2824297],[79.68677521,8.2772398],[79.68444061,8.27043819],[79.68335724,8.26739597],[79.68264008,8.26077366],[79.68066406,8.25397205],[79.67868805,8.24860191],[79.67671204,8.24359035],[79.67581177,8.23857784],[79.67527008,8.2341032],[79.6749115,8.2298069],[79.67473602,8.22497463],[79.67437744,8.22175217],[79.67347717,8.21638203],[79.67221832,8.2117281],[79.67167664,8.2072525],[79.67114258,8.20403004],[79.66952515,8.19937611],[79.66808319,8.19633293],[79.66719055,8.19400597],[79.66610718,8.18881416],[79.66520691,8.18451786],[79.66539001,8.18039989],[79.66610718,8.17520809],[79.66646576,8.17109108],[79.66700745,8.16697311],[79.6657486,8.16142273],[79.66503143,8.15748405],[79.66377258,8.15336609],[79.6632309,8.1496067],[79.6632309,8.14602566],[79.6632309,8.1426239],[79.663414,8.13940144],[79.66395569,8.13617897],[79.66467285,8.13152313],[79.66557312,8.12704754],[79.66700745,8.12275028],[79.66862488,8.11934853],[79.670784,8.11469269],[79.6725769,8.10932159],[79.67329407,8.10305405],[79.67383575,8.09678745],[79.67383575,8.09231091],[79.67221832,8.08729649],[79.67114258,8.08335781],[79.67167664,8.07959652],[79.67167664,8.07637405],[79.67167664,8.07315063],[79.67131805,8.07135963],[79.67060089,8.0693903],[79.66970062,8.06724072],[79.66898346,8.0649128],[79.66898346,8.06312275],[79.66970062,8.06115246],[79.67114258,8.06007767],[79.67437744,8.05792904],[79.67635345,8.05613804],[79.67724609,8.05309391],[79.6774292,8.0496912],[79.67671204,8.04557228],[79.67581177,8.04252815],[79.67455292,8.04002094],[79.67276001,8.03715515],[79.67114258,8.03464794],[79.67095947,8.03196144],[79.670784,8.0290966],[79.6700592,8.02569389],[79.66970062,8.02479839],[79.6682663,8.0237236],[79.6659317,8.0228281],[79.66448975,8.02211189],[79.6632309,8.02050018],[79.66197968,8.01870918],[79.66143799,8.01673889],[79.6608963,8.01441097],[79.66036224,8.01244068],[79.65927887,8.01091766],[79.65811157,8.00903797],[79.65838623,8.00608253],[79.65901184,8.00375366],[79.65999603,8.00088882],[79.6603241,7.99791765]]]},"source_id":"incois_wfs","acquired_at":"2026-08-31T18:05:40.682931+00:00"},{"type":"Feature","feature_key":"2e0195a2d020dc73","properties":{"FNODE_":1860,"TNODE_":1938,"LPOLY_":1,"RPOLY_":1,"LENGTH":0.46128,"BATHMETRY_":1642,"BATHMETRY1":10,"BATHMETR_1":10,"BATHYLABEL":""},"geometry":{"type":"MultiLineString","coordinates":[[[79.68759918,8.15285873],[79.68642426,8.13840294],[79.68641663,8.13750744],[79.68652344,8.13662338],[79.68674469,8.13575077],[79.68688965,8.1348753],[79.68688202,8.13398361],[79.68688965,8.13307667],[79.68694305,8.13216972],[79.68676758,8.13131332],[79.68637848,8.13049698],[79.68621826,8.12963772],[79.68627167,8.12873173],[79.6862793,8.12782764],[79.68612671,8.12694454],[79.68596649,8.12606335],[79.6858139,8.12518215],[79.6856308,8.12430382],[79.68547821,8.12342453],[79.6853714,8.12253571],[79.68530273,8.12163639],[79.68518066,8.12073994],[79.68493652,8.11988354],[79.68453217,8.11909008],[79.68406677,8.11831856],[79.6836853,8.1175127],[79.68341064,8.11665821],[79.68314362,8.11579895],[79.68279266,8.11497498],[79.68228912,8.11421585],[79.68178558,8.11346722],[79.68157196,8.11262417],[79.68152618,8.11171722],[79.68126678,8.11086655],[79.68093109,8.11002827],[79.68075562,8.10914612],[79.68070221,8.10825062],[79.68070984,8.10736084],[79.68066406,8.10644913],[79.68061829,8.10553741],[79.68086243,8.10472298],[79.68141174,8.10399914],[79.68190002,8.10323811],[79.68217468,8.10238361],[79.68253326,8.10156822],[79.68295288,8.10076618],[79.68336487,8.09996986],[79.68399811,8.09932709],[79.68450165,8.09860611],[79.68487549,8.09780598],[79.68561554,8.09726715],[79.68612671,8.09657192],[79.6863327,8.09567356],[79.68649292,8.09479809],[79.68658447,8.09390259],[79.68678284,8.09303665],[79.68715668,8.09222031],[79.6875,8.0913887],[79.68774414,8.09052658],[79.68791199,8.08964539],[79.6880188,8.08875656],[79.68804169,8.08786297],[79.68801117,8.08696938],[79.6880188,8.08607197],[79.68810272,8.0851717],[79.68821716,8.08427525],[79.68822479,8.08339119],[79.68804932,8.0825243],[79.68778229,8.08166313],[79.68754578,8.08079433],[79.68736267,8.07991791],[79.68712616,8.07905197],[79.68684387,8.07819366],[79.68667603,8.07732201],[79.68667603,8.07642746],[79.68665314,8.07553005],[79.68656921,8.07463741],[79.68648529,8.07374763],[79.68647003,8.072855],[79.68652344,8.07195187],[79.68649292,8.07106018],[79.68619537,8.07021904],[79.68587494,8.06938076],[79.68574524,8.06850147],[79.68571472,8.06759453],[79.68562317,8.06669235],[79.68533325,8.06584454],[79.68482971,8.06507683],[79.68451691,8.06427193],[79.68454742,8.0633688],[79.68450928,8.06246471],[79.68430328,8.06159306],[79.68399048,8.06074524],[79.68375397,8.05988693],[79.68375397,8.05899239],[79.68380737,8.05808926],[79.68379974,8.05719566],[79.68369293,8.05630779],[79.68359375,8.05541801],[79.68360138,8.05452156],[79.68350983,8.05363178],[79.68339539,8.05274391],[79.68341064,8.05184841],[79.68330383,8.05095768],[79.68320465,8.05007267],[79.68331146,8.04918575],[79.68341064,8.04829025],[79.68338013,8.04739189],[79.68341064,8.04650116],[79.68357086,8.04561996],[79.68356323,8.04471684],[79.68360901,8.04383373],[79.68395996,8.04300499],[79.68418884,8.04214382],[79.68410492,8.04122543],[79.68429565,8.04039001],[79.68477631,8.03962231],[79.68492126,8.03874016],[79.68507385,8.03785419],[79.68521118,8.03697395],[79.68527985,8.03607941],[79.68540955,8.03518677],[79.68552399,8.03430271],[79.68543243,8.03342247],[79.68517303,8.03255367],[79.68482208,8.03170586],[79.6844635,8.03087902],[79.68412018,8.03005791],[79.68383789,8.02922535],[79.68359375,8.028368],[79.68338013,8.02747917],[79.68313599,8.02656937],[79.68278503,8.02572727],[79.68223572,8.02505207],[79.68147278,8.02456474],[79.68080139,8.02399921],[79.68031311,8.02324581],[79.67985535,8.02244949],[79.67930603,8.02174187],[79.67861176,8.02117157],[79.677948,8.02057743],[79.67742157,8.0198555],[79.67690277,8.01911449],[79.67633057,8.01841927],[79.67577362,8.01772118],[79.6752243,8.01701164],[79.67468262,8.01629639],[79.67418671,8.01554585],[79.67388916,8.01470852],[79.6736908,8.01382542],[79.67351532,8.01294327],[79.67338562,8.01206017],[79.67334747,8.01116943],[79.67336273,8.01027298],[79.67334747,8.00937653],[79.67337036,8.00848103],[79.67353821,8.00760174],[79.67392731,8.00679588],[79.67430878,8.00598526],[79.67463684,8.00515079],[79.67500305,8.0043335],[79.67538452,8.0035181],[79.67572784,8.00269413],[79.6760788,8.00187111],[79.67643738,8.00104809],[79.67677307,8.00021362],[79.67701721,7.99935246],[79.67708588,7.998456],[79.67694092,7.99757338],[79.67660522,7.99674225],[79.67612457,7.99596739],[79.67556763,7.99524975],[79.67501068,7.99454689],[79.67455292,7.99378014],[79.67418671,7.99296188],[79.67368317,7.99222183],[79.67305756,7.99157047],[79.67250824,7.99087477],[79.67215729,7.99005985],[79.67185974,7.98920345],[79.67144775,7.98840141],[79.67092133,7.9876585],[79.67056274,7.98685932],[79.67041779,7.98597097],[79.67022705,7.98509312],[79.66983795,7.98428726],[79.66939545,7.98350096],[79.66901398,7.9826889],[79.66868591,7.98185539],[79.66840363,7.98100996],[79.66808319,7.98016834],[79.66772461,7.97934103],[79.66737366,7.97851133],[79.66717529,7.97764063],[79.66714478,7.97672606],[79.66693878,7.97587776],[79.6664505,7.97511625],[79.66623688,7.97425032],[79.66622925,7.97335005],[79.6661911,7.97246027],[79.6660614,7.97157001],[79.666008,7.97067785],[79.66603851,7.96978092],[79.66605377,7.96888208],[79.66594696,7.96799994],[79.66573334,7.96712923],[79.66552734,7.96624422],[79.66539764,7.96534491],[79.66539001,7.9644475],[79.66551971,7.96357012],[79.66577911,7.96271944],[79.66611481,7.96188354],[79.66648102,7.96105051],[79.66679382,7.96021032],[79.66706085,7.95935726],[79.66728973,7.95848846],[79.6674118,7.95760489],[79.66741943,7.9567132],[79.66738129,7.95581532],[79.66738129,7.95491362],[79.66741943,7.95401478],[79.66730499,7.9531312],[79.66716766,7.95224762],[79.66720581,7.95134735],[79.66706848,7.95047522],[79.66679382,7.949615],[79.66664886,7.94872236],[79.66650391,7.94783926],[79.66618347,7.94701624],[79.66575623,7.94621944],[79.66543579,7.94538546],[79.66516876,7.94452953],[79.66492462,7.94366741],[79.66468048,7.94280338],[79.66442108,7.94194698],[79.6640625,7.94112396],[79.66352844,7.94038868],[79.66296387,7.93969202],[79.66275787,7.9388628],[79.6627655,7.93793774],[79.66270447,7.93702221],[79.66246796,7.9361577],[79.66223145,7.9352951],[79.66205597,7.93441343],[79.66196442,7.93352222],[79.66194916,7.93262672],[79.66196442,7.93173027],[79.66197968,7.93083477],[79.66194153,7.92994022],[79.66186523,7.92904663],[79.66178894,7.92815304],[79.66168976,7.92726326],[79.66149902,7.92638636],[79.66123962,7.92552328],[79.66103363,7.92465353],[79.66100311,7.92375803],[79.66103363,7.92285872],[79.66090393,7.92199135],[79.66059113,7.92115498],[79.66023254,7.92032003],[79.659935,7.91945696],[79.65971375,7.91858196],[79.65940094,7.91776228],[79.65890503,7.91702795],[79.65830231,7.91631699],[79.65771484,7.91557646],[79.6572876,7.91479015],[79.65714264,7.91394615],[79.65727997,7.91305494],[79.65743256,7.91215134],[79.65747833,7.91125345],[79.65740204,7.91036129],[79.6572113,7.90947485],[79.65702057,7.90859604],[79.65697479,7.9077282],[79.65712738,7.9068656],[79.65738678,7.90598917],[79.6576004,7.9050808],[79.65782166,7.90419149],[79.65830231,7.90347195],[79.65908051,7.90299463],[79.65994263,7.90273142],[79.66083527,7.90271664],[79.66173553,7.90267181],[79.66259766,7.90238905],[79.66345978,7.90234089],[79.6643219,7.90263796],[79.66517639,7.90302801],[79.66599274,7.90340757],[79.66671753,7.90389538],[79.66738129,7.90450239],[79.66806793,7.90509176],[79.66881561,7.90558624],[79.66957092,7.90608978],[79.67023468,7.9066906],[79.67074585,7.90742159],[79.67118835,7.90820885],[79.67169952,7.90894127],[79.67234039,7.90956736],[79.67298889,7.91018772],[79.67350006,7.91091728],[79.67393494,7.91171503],[79.67443848,7.91244841],[79.67508698,7.91307402],[79.67569733,7.91373253],[79.67620087,7.91447258],[79.67658997,7.91527796],[79.67699432,7.91607809],[79.67751312,7.91681767],[79.67811584,7.91747808],[79.67878723,7.91808224],[79.67945099,7.9186964],[79.67993927,7.91943073],[79.68026733,7.92027521],[79.6806488,7.9210887],[79.68122101,7.92175913],[79.6818924,7.92236662],[79.68250275,7.92303085],[79.68299103,7.92378187],[79.68341827,7.92457056],[79.68396759,7.92527771],[79.6845932,7.92592907],[79.685112,7.92664957],[79.68549347,7.9274621],[79.68592072,7.92825174],[79.68643188,7.92898798],[79.68693542,7.92973375],[79.68743134,7.93048239],[79.68795776,7.93120527],[79.68852234,7.93190098],[79.68909454,7.93259478],[79.68963623,7.93330717],[79.6901474,7.93404245],[79.69063568,7.93479538],[79.69112396,7.93555212],[79.69164276,7.93627882],[79.69226074,7.93694258],[79.69290161,7.93758202],[79.69342804,7.93829203],[79.69376373,7.9391284],[79.69407654,7.93997478],[79.69458771,7.9406848],[79.69528961,7.94127464],[79.69597626,7.94188452],[79.69628143,7.94269514],[79.6963501,7.94363022],[79.69664001,7.94442749],[79.69734955,7.94499111],[79.69807434,7.94555283],[79.69866943,7.94621658],[79.6991806,7.94695997],[79.69948578,7.94781113],[79.69970703,7.94868755],[79.70024872,7.94934416],[79.70101166,7.9498806],[79.70166016,7.95052767],[79.70204926,7.95132589],[79.70226288,7.95221186],[79.70256805,7.95303249],[79.70316315,7.95369577],[79.70387268,7.95427942],[79.70454407,7.95488691],[79.70506287,7.95561123],[79.70556641,7.95635319],[79.70626068,7.95692062],[79.70693207,7.95751143],[79.70757294,7.95814228],[79.70834351,7.95860338],[79.7092514,7.9587245],[79.7101059,7.95844889],[79.71098328,7.95830584],[79.71187592,7.95827341],[79.71253967,7.95767164],[79.71295166,7.95682859],[79.71312714,7.95596027],[79.71312714,7.95506573],[79.71312714,7.95416594],[79.71313477,7.95327139],[79.71307373,7.95238113],[79.71294403,7.95149279],[79.71283722,7.95060253],[79.71270752,7.94971657],[79.71251678,7.94884253],[79.71232605,7.94796801],[79.71218109,7.9470849],[79.71203613,7.9461956],[79.71195984,7.94530725],[79.7119751,7.94441843],[79.71192932,7.94350195],[79.71188354,7.94258976],[79.71214294,7.94178629],[79.71270752,7.94107485],[79.71323395,7.94031191],[79.71368408,7.93953609],[79.7142868,7.93891335],[79.715065,7.93845892],[79.71589661,7.93806887],[79.71669769,7.93766737],[79.71750641,7.93726873],[79.71826935,7.93680334],[79.71891785,7.93618107],[79.71956635,7.93555164],[79.72012329,7.934865],[79.72051239,7.93405104],[79.72081757,7.9331913],[79.72101593,7.93232107],[79.72101593,7.93143463],[79.7208252,7.93054914],[79.72052002,7.92969131],[79.72016144,7.92887163],[79.71976471,7.9280715],[79.7193222,7.92728901],[79.71881866,7.92654753],[79.71822357,7.92587471],[79.71755219,7.92527914],[79.71684265,7.92472506],[79.71612549,7.92416954],[79.7154541,7.92357635],[79.71485901,7.92290735],[79.71440125,7.92213917],[79.71406555,7.92130184],[79.71383667,7.92043447],[79.71363831,7.91956091],[79.71339417,7.91869926],[79.71310425,7.9178524],[79.71283722,7.91699886],[79.7126236,7.91613007],[79.71243286,7.91524696],[79.71234894,7.91435957],[79.71245575,7.91347551],[79.71253967,7.91257524],[79.71247101,7.91165924],[79.71253967,7.91078615],[79.71294403,7.90998793],[79.71324158,7.90915346],[79.71328735,7.90825224],[79.71336365,7.90735197],[79.71363831,7.90649605],[79.71400452,7.90567255],[79.71416473,7.90478945],[79.71442413,7.90395069],[79.71490479,7.90318441],[79.71504974,7.90230227],[79.71505737,7.90138865],[79.71505737,7.90049553],[79.71504974,7.8996067],[79.71504974,7.89871216],[79.71504974,7.89781475],[79.715065,7.89691734],[79.71511841,7.89602232],[79.71520233,7.8951292],[79.71530914,7.89424038],[79.71546173,7.89335489],[79.71562958,7.89247274],[79.71577454,7.89158964],[79.7158432,7.89070034],[79.7158432,7.88980389],[79.71581268,7.88890553],[79.71580505,7.88800907],[79.71585846,7.88711739],[79.71598053,7.88622856],[79.71609497,7.88533974],[79.71618652,7.88444853],[79.71621704,7.8835535],[79.71621704,7.882658],[79.71620941,7.88176155],[79.71620941,7.88086557],[79.71620941,7.87997055],[79.71620941,7.87907457],[79.71620941,7.8781786],[79.71621704,7.87728262],[79.71620941,7.87638664],[79.71620941,7.87549162],[79.71620941,7.87459517],[79.71622467,7.87369871],[79.71618652,7.87280512],[79.71607208,7.87191772],[79.71588898,7.87103796],[79.71567535,7.87016487],[79.71543884,7.86930037],[79.71517944,7.86844397],[79.71489716,7.86759424],[79.71459961,7.86674881],[79.71425629,7.86591864],[79.71385193,7.86512041],[79.71339417,7.86434841],[79.71295166,7.86357021],[79.7126236,7.86272001],[79.71228027,7.86188412],[79.71163177,7.86133051],[79.71078491,7.86093616],[79.71003723,7.86044312],[79.70935059,7.85985851],[79.70868683,7.8592515],[79.70805359,7.85861588],[79.70752716,7.85789585],[79.70703888,7.85714006],[79.70652008,7.85639954],[79.70611572,7.85560513],[79.70601654,7.85477448]]]},"source_id":"incois_wfs","acquired_at":"2026-08-31T18:05:40.682931+00:00"}]}